-- phpMyAdmin SQL Dump
-- version 5.0.4
-- https://www.phpmyadmin.net/
--
-- Host: 127.0.0.1
-- Generation Time: Jan 10, 2023 at 04:01 PM
-- Server version: 10.4.17-MariaDB
-- PHP Version: 7.4.13

SET SQL_MODE = "NO_AUTO_VALUE_ON_ZERO";
START TRANSACTION;
SET time_zone = "+00:00";


/*!40101 SET @OLD_CHARACTER_SET_CLIENT=@@CHARACTER_SET_CLIENT */;
/*!40101 SET @OLD_CHARACTER_SET_RESULTS=@@CHARACTER_SET_RESULTS */;
/*!40101 SET @OLD_COLLATION_CONNECTION=@@COLLATION_CONNECTION */;
/*!40101 SET NAMES utf8mb4 */;

--
-- Database: `db_sm`
--
CREATE DATABASE IF NOT EXISTS `db_sm` DEFAULT CHARACTER SET utf8mb4 COLLATE utf8mb4_general_ci;
USE `db_sm`;

-- --------------------------------------------------------

--
-- Table structure for table `tb_akreditasi`
--

CREATE TABLE `tb_akreditasi` (
  `id_akreditasi` int(11) NOT NULL,
  `nama_akreditasi` text NOT NULL
) ENGINE=InnoDB DEFAULT CHARSET=utf8mb4;

--
-- Dumping data for table `tb_akreditasi`
--

INSERT INTO `tb_akreditasi` (`id_akreditasi`, `nama_akreditasi`) VALUES
(0, '-- Lainnya --'),
(1, 'A'),
(2, 'B'),
(3, 'C');

-- --------------------------------------------------------

--
-- Table structure for table `tb_bayar`
--

CREATE TABLE `tb_bayar` (
  `id_bayar` int(11) NOT NULL,
  `id_mou` int(11) DEFAULT NULL,
  `id_praktik` int(11) NOT NULL,
  `kode_bayar` text NOT NULL,
  `atas_nama_bayar` text NOT NULL,
  `noRek_bayar` text NOT NULL,
  `melalui_bayar` text NOT NULL,
  `tgl_transfer_bayar` date NOT NULL,
  `tgl_input_bayar` timestamp NOT NULL DEFAULT current_timestamp() ON UPDATE current_timestamp(),
  `file_bayar` text NOT NULL,
  `ket_bayar` text NOT NULL,
  `status_bayar` enum('T','TERIMA','TOLAK') NOT NULL
) ENGINE=InnoDB DEFAULT CHARSET=utf8mb4;

-- --------------------------------------------------------

--
-- Table structure for table `tb_institusi`
--

CREATE TABLE `tb_institusi` (
  `id_institusi` int(11) NOT NULL,
  `tgl_tambah_institusi` text DEFAULT NULL,
  `tgl_ubah_institusi` text DEFAULT NULL,
  `nama_institusi` text NOT NULL,
  `akronim_institusi` varchar(10) DEFAULT NULL,
  `logo_institusi` text DEFAULT NULL,
  `alamat_institusi` text DEFAULT NULL,
  `akred_institusi` text DEFAULT NULL,
  `tglAkhirAkred_institusi` date DEFAULT NULL,
  `fileAkred_institusi` text DEFAULT NULL,
  `ket_institusi` text NOT NULL,
  `messOpsional_institusi` enum('Y','T') DEFAULT NULL,
  `tempAkronim_institusi` text DEFAULT NULL,
  `tempLogo_institusi` text DEFAULT NULL,
  `tempAlamat_institusi` text DEFAULT NULL,
  `tempAkred_institusi` text DEFAULT NULL,
  `tempTglAkhirAkred_institusi` date DEFAULT NULL,
  `tempFileAkred_institusi` text DEFAULT NULL,
  `tempStatus_institusi` text NOT NULL,
  `tempKet_institusi` text NOT NULL
) ENGINE=InnoDB DEFAULT CHARSET=utf8mb4;

--
-- Dumping data for table `tb_institusi`
--

INSERT INTO `tb_institusi` (`id_institusi`, `tgl_tambah_institusi`, `tgl_ubah_institusi`, `nama_institusi`, `akronim_institusi`, `logo_institusi`, `alamat_institusi`, `akred_institusi`, `tglAkhirAkred_institusi`, `fileAkred_institusi`, `ket_institusi`, `messOpsional_institusi`, `tempAkronim_institusi`, `tempLogo_institusi`, `tempAlamat_institusi`, `tempAkred_institusi`, `tempTglAkhirAkred_institusi`, `tempFileAkred_institusi`, `tempStatus_institusi`, `tempKet_institusi`) VALUES
(1, NULL, NULL, 'AKADEMI PEREKAM MEDIS DAN INFORMATIKA KESEHATAN BANDUNG', 'APIKES BDG', './_img/logo_institusi/1.png', '', NULL, NULL, NULL, '', NULL, NULL, NULL, NULL, NULL, NULL, NULL, '', ''),
(2, NULL, NULL, 'AKPER AL-MA\'ARIF BATURAJA', '', '', '', NULL, NULL, NULL, '', NULL, NULL, NULL, NULL, NULL, NULL, NULL, '', ''),
(3, NULL, NULL, 'AKPER BHAKTI KENCANA BANDUNG', '', '', '', NULL, NULL, NULL, '', NULL, NULL, NULL, NULL, NULL, NULL, NULL, '', ''),
(4, NULL, NULL, 'AKPER BIDARA MUKTI GARUT', '', '', '', NULL, NULL, NULL, '', NULL, NULL, NULL, NULL, NULL, NULL, NULL, '', ''),
(5, NULL, NULL, 'AKPER BUNTET PESANTREN CIREBON', '', '', '', NULL, NULL, NULL, '', NULL, NULL, NULL, NULL, NULL, NULL, NULL, '', ''),
(6, NULL, NULL, 'AKPER DUSTIRA CIMAHI', '', '', '', NULL, NULL, NULL, '', NULL, NULL, NULL, NULL, NULL, NULL, NULL, '', ''),
(7, NULL, NULL, 'AKPER PEMERINTAH KABUPATEN CIANJUR', '', '', '', NULL, NULL, NULL, '', NULL, NULL, NULL, NULL, NULL, NULL, NULL, '', ''),
(8, NULL, NULL, 'AKPER KEBONJATI', '', '', '', NULL, NULL, NULL, '', NULL, NULL, NULL, NULL, NULL, NULL, NULL, '', ''),
(9, NULL, NULL, 'AKPER LUWUK', '', '', '', NULL, NULL, NULL, '', NULL, NULL, NULL, NULL, NULL, NULL, NULL, '', ''),
(10, NULL, NULL, 'AKPER PEMBINA PALEMBANG', '', '', '', NULL, NULL, NULL, '', NULL, NULL, NULL, NULL, NULL, NULL, NULL, '', ''),
(11, NULL, NULL, 'AKPER PEMDA KOLAKA', '', '', '', NULL, NULL, NULL, '', NULL, NULL, NULL, NULL, NULL, NULL, NULL, '', ''),
(12, NULL, NULL, 'AKPER PEMKAB LAHAT', '', '', '', NULL, NULL, NULL, '', NULL, NULL, NULL, NULL, NULL, NULL, NULL, '', ''),
(13, NULL, NULL, 'AKPER RS. EFARINA PURWAKARTA', '', '', '', NULL, NULL, NULL, '', NULL, NULL, NULL, NULL, NULL, NULL, NULL, '', ''),
(14, NULL, NULL, 'AKPER SAIFUDDIN ZUHRI INDRAMAYU', '', '', '', NULL, NULL, NULL, '', NULL, NULL, NULL, NULL, NULL, NULL, NULL, '', ''),
(15, NULL, NULL, 'AKPER SAWERIGADING PEMDA LUWU RAYA PALOPO', '', '', '', NULL, NULL, NULL, '', NULL, NULL, NULL, NULL, NULL, NULL, NULL, '', ''),
(16, NULL, NULL, 'AKPER SINTANG', '', '', '', NULL, NULL, NULL, '', NULL, NULL, NULL, NULL, NULL, NULL, NULL, '', ''),
(17, NULL, NULL, 'AKPER TOLITOLI', '', '', '', NULL, NULL, NULL, '', NULL, NULL, NULL, NULL, NULL, NULL, NULL, '', ''),
(18, NULL, NULL, 'AKPER YPDR JAKARTA', '', '', '', NULL, NULL, NULL, '', NULL, NULL, NULL, NULL, NULL, NULL, NULL, '', ''),
(19, NULL, NULL, 'UNIVERSITAS KRISTEN MARANATHA', NULL, NULL, NULL, NULL, NULL, NULL, '', NULL, 'Soluta ad incidunt ', './_img/logo_institusi/temp/19.png', 'Dolor sint enim quia', 'C', '1979-10-28', './_file/akred/akred_19_2022-03-17.pdf', 'pengajuan', ''),
(20, NULL, NULL, 'UNIVERSITAS KRISTEN KRIDA WACANA', 'UKRIDA', './_img/logo_institusi/20.png', '', NULL, NULL, NULL, '', NULL, NULL, NULL, NULL, NULL, NULL, NULL, '', ''),
(21, NULL, NULL, 'UNIVERSITAS ISLAM BANDUNG', 'UNISBA', './_img/logo_institusi/21.png', '', NULL, NULL, NULL, '', NULL, NULL, NULL, NULL, NULL, NULL, NULL, '', ''),
(23, NULL, NULL, 'UNIVERSITAS PADJADJARAN', 'UNPAD', './_img/logo_institusi/23.png', '', NULL, NULL, NULL, '', NULL, NULL, NULL, NULL, NULL, NULL, NULL, '', ''),
(25, NULL, NULL, 'UNIVERSITAS JENDERAL ACHMAD YANI', 'UNJANI', './_img/logo_institusi/25.png', '', NULL, NULL, NULL, '', NULL, NULL, NULL, NULL, NULL, NULL, NULL, '', ''),
(26, NULL, NULL, 'POLTEKKES KEMENKES BANDUNG', '', '', '', NULL, NULL, NULL, '', NULL, NULL, NULL, NULL, NULL, NULL, NULL, '', ''),
(27, NULL, NULL, 'POLTEKKES TNI AU CIUMBULEUIT BANDUNG', '', '', '', NULL, NULL, NULL, '', NULL, NULL, NULL, NULL, NULL, NULL, NULL, '', ''),
(28, NULL, NULL, 'POLTEKKES BANTEN', '', '', '', NULL, NULL, NULL, '', NULL, NULL, NULL, NULL, NULL, NULL, NULL, '', ''),
(29, NULL, NULL, 'POLTEKKES KEMENKES MAKASSAR', '', '', '', NULL, NULL, NULL, '', NULL, NULL, NULL, NULL, NULL, NULL, NULL, '', ''),
(31, NULL, NULL, 'STIKES AISYIYAH BANDUNG', '', '', '', NULL, NULL, NULL, '', NULL, NULL, NULL, NULL, NULL, NULL, NULL, '', ''),
(32, NULL, NULL, 'STIKES BANI SALEH', '', '', '', NULL, NULL, NULL, '', NULL, NULL, NULL, NULL, NULL, NULL, NULL, '', ''),
(33, NULL, NULL, 'STIKES BHAKTI PERTIWI LUWU RAYA PALOPO', '', '', '', NULL, NULL, NULL, '', NULL, NULL, NULL, NULL, NULL, NULL, NULL, '', ''),
(34, NULL, NULL, 'STIKES BINA PUTERA BANJAR', '', '', '', NULL, NULL, NULL, '', NULL, NULL, NULL, NULL, NULL, NULL, NULL, '', ''),
(35, NULL, NULL, 'STIKES BORNEO TARAKAN', '', '', '', NULL, NULL, NULL, '', NULL, NULL, NULL, NULL, NULL, NULL, NULL, '', ''),
(36, NULL, NULL, 'STIKES BUDILUHUR CIMAHI', '', '', '', NULL, NULL, NULL, '', NULL, NULL, NULL, NULL, NULL, NULL, NULL, '', ''),
(37, NULL, NULL, 'STIKES CIREBON', '', '', '', NULL, NULL, NULL, '', NULL, NULL, NULL, NULL, NULL, NULL, NULL, '', ''),
(38, NULL, NULL, 'STIKES DEHASEN BENGKULU', '', '', '', NULL, NULL, NULL, '', NULL, NULL, NULL, NULL, NULL, NULL, NULL, '', ''),
(39, NULL, NULL, 'STIKES DHARMA HUSADA BANDUNG', '', '', '', NULL, NULL, NULL, '', NULL, NULL, NULL, NULL, NULL, NULL, NULL, '', ''),
(40, NULL, NULL, 'STIKES FALETEHAN', '', '', '', NULL, NULL, NULL, '', NULL, NULL, NULL, NULL, NULL, NULL, NULL, '', ''),
(41, NULL, NULL, 'STIKES FORT DE KOCK', '', '', '', NULL, NULL, NULL, '', NULL, NULL, NULL, NULL, NULL, NULL, NULL, '', ''),
(42, NULL, NULL, 'STIKES IMMANUEL BANDUNG', '', '', '', NULL, NULL, NULL, '', NULL, NULL, NULL, NULL, NULL, NULL, NULL, '', ''),
(43, NULL, NULL, 'STIKES JENDERAL AHMAD YANI', '', '', '', NULL, NULL, NULL, '', NULL, NULL, NULL, NULL, NULL, NULL, NULL, '', ''),
(44, NULL, NULL, 'STIKES KARSA HUSADA GARUT', '', '', '', NULL, NULL, NULL, '', NULL, NULL, NULL, NULL, NULL, NULL, NULL, '', ''),
(45, NULL, NULL, 'STIKES KOTA SUKABUMI', '', '', '', NULL, NULL, NULL, '', NULL, NULL, NULL, NULL, NULL, NULL, NULL, '', ''),
(46, NULL, NULL, 'STIKES KUNINGAN', '', '', '', NULL, NULL, NULL, '', NULL, NULL, NULL, NULL, NULL, NULL, NULL, '', ''),
(47, NULL, NULL, 'STIKES MAHARDIKA CIREBON', '', '', '', NULL, NULL, NULL, '', NULL, NULL, NULL, NULL, NULL, NULL, NULL, '', ''),
(48, NULL, NULL, 'STIKES MEDIKA CIKARANG / IMDS', '', '', '', NULL, NULL, NULL, '', NULL, NULL, NULL, NULL, NULL, NULL, NULL, '', ''),
(49, NULL, NULL, 'STIKES MITRA KENCANA TASIKMALAYA', '', '', '', NULL, NULL, NULL, '', NULL, NULL, NULL, NULL, NULL, NULL, NULL, '', ''),
(50, NULL, NULL, 'STIKES MUHAMADIYAH CIAMIS', '', '', '', NULL, NULL, NULL, '', NULL, NULL, NULL, NULL, NULL, NULL, NULL, '', ''),
(51, NULL, NULL, 'STIKES NAN TONGGA LUBUK ALUNG', '', '', '', NULL, NULL, NULL, '', NULL, NULL, NULL, NULL, NULL, NULL, NULL, '', ''),
(52, NULL, NULL, 'STIKES PPNI JAWA BARAT', '', '', '', NULL, NULL, NULL, '', NULL, NULL, NULL, NULL, NULL, NULL, NULL, '', ''),
(53, NULL, NULL, 'STIKES RAJAWALI', '', '', '', NULL, NULL, NULL, '', NULL, NULL, NULL, NULL, NULL, NULL, NULL, '', ''),
(54, NULL, NULL, 'STIKES SANTO BORROMEUS', '', '', '', NULL, NULL, NULL, '', NULL, NULL, NULL, NULL, NULL, NULL, NULL, '', ''),
(55, NULL, NULL, 'STIKES SEBELAS APRIL SUMEDANG', '', '', '', NULL, NULL, NULL, '', NULL, NULL, NULL, NULL, NULL, NULL, NULL, '', ''),
(56, NULL, NULL, 'STIKES SYEDZA SAINTIKA PADANG', '', '', '', NULL, NULL, NULL, '', NULL, NULL, NULL, NULL, NULL, NULL, NULL, '', ''),
(57, NULL, NULL, 'STIKES TANA TORAJA', '', '', '', NULL, NULL, NULL, '', NULL, NULL, NULL, NULL, NULL, NULL, NULL, '', ''),
(58, NULL, NULL, 'STIKES YARSI BUKIT TINGGI', '', '', '', NULL, NULL, NULL, '', NULL, NULL, NULL, NULL, NULL, NULL, NULL, '', ''),
(59, NULL, NULL, 'STIKES YARSI PONTIANAK', '', '', '', NULL, NULL, NULL, '', NULL, NULL, NULL, NULL, NULL, NULL, NULL, '', ''),
(60, NULL, NULL, 'STIKES YPIB MAJALENGKA', '', '', '', NULL, NULL, NULL, '', NULL, NULL, NULL, NULL, NULL, NULL, NULL, '', ''),
(61, NULL, NULL, 'UNIVERSITAS ADVENT INDONESIA', '', '', '', NULL, NULL, NULL, '', NULL, NULL, NULL, NULL, NULL, NULL, NULL, '', ''),
(62, NULL, NULL, 'UNIVERSITAS BALE BANDUNG', '', '', '', NULL, NULL, NULL, '', NULL, NULL, NULL, NULL, NULL, NULL, NULL, '', ''),
(63, NULL, NULL, 'UNIVERSITAS BINA SARANA INFORMATIKA', 'BSI', '', '', NULL, NULL, NULL, '', NULL, NULL, NULL, NULL, NULL, NULL, NULL, '', ''),
(64, NULL, NULL, 'UNIVERSITAS GALUH CIAMIS', '', '', '', NULL, NULL, NULL, '', NULL, NULL, NULL, NULL, NULL, NULL, NULL, '', ''),
(65, NULL, NULL, 'UNIVERSITAS MUHAMMADIYAH SUKABUMI', '', '', '', NULL, NULL, NULL, '', NULL, NULL, NULL, NULL, NULL, NULL, NULL, '', ''),
(66, NULL, NULL, 'UNIVERSITAS NEGERI GORONTALO', '', '', '', NULL, NULL, NULL, '', NULL, NULL, NULL, NULL, NULL, NULL, NULL, '', ''),
(68, NULL, NULL, 'UNIVERSITAS PENDIDIKAN INDONESIA', 'UPI', './_img/logo_institusi/68.png', '', NULL, NULL, NULL, '', NULL, NULL, NULL, NULL, NULL, NULL, NULL, '', ''),
(69, NULL, NULL, 'UNIVERSITAS RESPATI INDONESIA', '', '', '', NULL, NULL, NULL, '', NULL, NULL, NULL, NULL, NULL, NULL, NULL, '', ''),
(70, NULL, NULL, 'UNIVERSITAS SAMRATULANGI', '', '', '', NULL, NULL, NULL, '', NULL, NULL, NULL, NULL, NULL, NULL, NULL, '', ''),
(71, NULL, NULL, 'UNIVERSITAS SULTAN AGENG TIRTAYASA', 'UNTIRTA', '', '', NULL, NULL, NULL, '', NULL, NULL, NULL, NULL, NULL, NULL, NULL, '', ''),
(72, NULL, NULL, 'POLITEKNIK TEDC BANDUNG', '', '', '', NULL, NULL, NULL, '', NULL, NULL, NULL, NULL, NULL, NULL, NULL, '', ''),
(73, NULL, NULL, 'UNIVERSITAS PELITA HARAPAN', '', '', '', NULL, NULL, NULL, '', NULL, NULL, NULL, NULL, NULL, NULL, NULL, '', ''),
(74, NULL, NULL, 'POLTEKKES YAPKESBI SUKABUMI', '', '', '', NULL, NULL, NULL, '', NULL, NULL, NULL, NULL, NULL, NULL, NULL, '', ''),
(75, NULL, NULL, 'AKPER YPIB MAJALENGKA', '', '', '', NULL, NULL, NULL, '', NULL, NULL, NULL, NULL, NULL, NULL, NULL, '', ''),
(76, NULL, NULL, 'UNIVERSITAS MUHAMMADIYAH TASIKMALAYA', '', '', '', NULL, NULL, NULL, '', NULL, NULL, NULL, NULL, NULL, NULL, NULL, '', ''),
(78, NULL, NULL, 'POLITEKNIK NEGERI SUBANG', 'POLSUB', './_img/logo_institusi/78.png', '', NULL, NULL, NULL, '', NULL, NULL, NULL, NULL, NULL, NULL, NULL, '', ''),
(81, NULL, NULL, 'SEKOLAH TINGGI ILMU KESEHATAN INDONESIA MAJU', '', '', '', NULL, NULL, NULL, '', NULL, NULL, NULL, NULL, NULL, NULL, NULL, '', ''),
(82, NULL, NULL, 'UNIVERSITAS BHAKTI KENCANA', 'UBK', './_img/logo_institusi/82.png', '', NULL, NULL, NULL, '', NULL, NULL, NULL, NULL, NULL, NULL, NULL, '', ''),
(83, NULL, NULL, 'POLTEKKES KEMENKES JAYAPURA', '', '', '', NULL, NULL, NULL, '', NULL, NULL, NULL, NULL, NULL, NULL, NULL, '', ''),
(84, NULL, NULL, 'POLITEKNIK NEGERI INDRAMAYU', '', '', '', NULL, NULL, NULL, '', NULL, NULL, NULL, NULL, NULL, NULL, NULL, '', ''),
(85, NULL, NULL, 'UNIVERSITAS KRISTEN SATYA WACANA SALATIGA', '', '', '', NULL, NULL, NULL, '', NULL, NULL, NULL, NULL, NULL, NULL, NULL, '', ''),
(87, '2022-05-11', NULL, 'RS JIWA PROVINSI JAWA BARAT', 'RSJ*', './_img/logo_institusi/87.png', 'Jl. Kolonel Maturi KM.7, Desa Jambudipa, Kec. Cisarua, Kab. Bandung Barat, 40551', '-- Lainnya --', '3000-01-01', './_file/akred/akred_87_2022-05-11.pdf', '', 'T', NULL, NULL, NULL, NULL, NULL, NULL, '', ''),
(88, NULL, NULL, 'UNIVERSITAS KOMPUTER INDONESIA', 'UNIKOM', './_img/logo_institusi/88.png', '', NULL, NULL, NULL, '', NULL, NULL, NULL, NULL, NULL, NULL, NULL, '', '');

-- --------------------------------------------------------

--
-- Table structure for table `tb_jenjang_pdd`
--

CREATE TABLE `tb_jenjang_pdd` (
  `id_jenjang_pdd` int(11) NOT NULL,
  `nama_jenjang_pdd` text NOT NULL
) ENGINE=InnoDB DEFAULT CHARSET=utf8mb4;

--
-- Dumping data for table `tb_jenjang_pdd`
--

INSERT INTO `tb_jenjang_pdd` (`id_jenjang_pdd`, `nama_jenjang_pdd`) VALUES
(0, '-- Lainnya --'),
(1, 'SMA'),
(2, 'SMK'),
(3, 'MA'),
(4, 'D1'),
(5, 'D2'),
(6, 'D3'),
(7, 'D4'),
(8, 'S1'),
(9, 'Profesi'),
(10, 'S2');

-- --------------------------------------------------------

--
-- Table structure for table `tb_jurusan_pdd`
--

CREATE TABLE `tb_jurusan_pdd` (
  `id_jurusan_pdd` int(11) NOT NULL,
  `nama_jurusan_pdd` text NOT NULL,
  `akronim_jurusan_pdd` text NOT NULL,
  `id_jurusan_pdd_jenis` int(11) NOT NULL
) ENGINE=InnoDB DEFAULT CHARSET=utf8mb4;

--
-- Dumping data for table `tb_jurusan_pdd`
--

INSERT INTO `tb_jurusan_pdd` (`id_jurusan_pdd`, `nama_jurusan_pdd`, `akronim_jurusan_pdd`, `id_jurusan_pdd_jenis`) VALUES
(1, 'Kedokteran', '', 1),
(2, 'Keperawatan', '', 2),
(3, 'Psikologi', '', 3),
(4, 'Informasi Teknologi', 'IT', 4),
(5, 'Farmasi', '', 3),
(6, 'Pekerja Sosial', 'PEKSOS', 4),
(7, 'Kesehatan Lingkungan', 'KESLING', 3),
(8, 'Rekam Medis', 'RM', 3);

-- --------------------------------------------------------

--
-- Table structure for table `tb_jurusan_pdd_jenis`
--

CREATE TABLE `tb_jurusan_pdd_jenis` (
  `id_jurusan_pdd_jenis` int(11) NOT NULL,
  `nama_jurusan_pdd_jenis` text NOT NULL
) ENGINE=InnoDB DEFAULT CHARSET=utf8mb4;

--
-- Dumping data for table `tb_jurusan_pdd_jenis`
--

INSERT INTO `tb_jurusan_pdd_jenis` (`id_jurusan_pdd_jenis`, `nama_jurusan_pdd_jenis`) VALUES
(0, '-- Lainnya --'),
(1, 'Kedokteran'),
(2, 'Keperawatan'),
(3, 'Nakes Lainnya'),
(4, 'Non Nakes');

-- --------------------------------------------------------

--
-- Table structure for table `tb_jurusan_pdd_jenjang`
--

CREATE TABLE `tb_jurusan_pdd_jenjang` (
  `id_jurusan_pdd_jenjang` int(11) NOT NULL,
  `id_jurusan_pdd` int(11) NOT NULL,
  `id_jenjang_pdd` int(11) NOT NULL
) ENGINE=InnoDB DEFAULT CHARSET=utf8mb4;

--
-- Dumping data for table `tb_jurusan_pdd_jenjang`
--

INSERT INTO `tb_jurusan_pdd_jenjang` (`id_jurusan_pdd_jenjang`, `id_jurusan_pdd`, `id_jenjang_pdd`) VALUES
(1, 1, 9),
(2, 1, 9),
(3, 2, 6),
(4, 2, 7),
(5, 2, 8),
(6, 2, 9),
(7, 3, 6),
(8, 3, 7),
(9, 3, 8),
(10, 3, 9),
(11, 4, 6),
(12, 4, 7),
(13, 4, 8),
(14, 5, 9),
(15, 5, 6),
(16, 5, 7),
(17, 5, 8),
(18, 6, 6),
(19, 6, 7),
(20, 6, 8),
(21, 7, 8),
(22, 7, 7),
(23, 7, 10),
(24, 8, 7),
(25, 8, 8),
(26, 8, 10),
(27, 7, 6),
(28, 8, 6);

-- --------------------------------------------------------

--
-- Table structure for table `tb_kuota`
--

CREATE TABLE `tb_kuota` (
  `id_kuota` int(11) NOT NULL,
  `id_jurusan_pdd` int(11) NOT NULL,
  `tgl_tambah_kuota` date DEFAULT NULL,
  `nama_kuota` text NOT NULL,
  `jumlah_kuota` int(11) NOT NULL,
  `ket_kuota` text NOT NULL
) ENGINE=InnoDB DEFAULT CHARSET=utf8mb4;

--
-- Dumping data for table `tb_kuota`
--

INSERT INTO `tb_kuota` (`id_kuota`, `id_jurusan_pdd`, `tgl_tambah_kuota`, `nama_kuota`, `jumlah_kuota`, `ket_kuota`) VALUES
(1, 1, NULL, 'Kedokteran-Keperawatan (KED-KEP)', 250, '2 Jurusan digabungkan'),
(2, 5, NULL, 'Farmasi (FAR)', 14, '-'),
(3, 7, NULL, 'Kesehatan Lingkungan (KESLING)', 7, ''),
(4, 3, NULL, 'Psikologi (PSI)', 14, ''),
(5, 8, NULL, 'Rekam Medis (RM)', 14, ''),
(6, 4, NULL, 'Informasi Teknologi (IT)', 7, ''),
(7, 6, NULL, 'Pekerja Sosial (PEKSOS)', 7, '');

-- --------------------------------------------------------

--
-- Table structure for table `tb_lapor`
--

CREATE TABLE `tb_lapor` (
  `id_lapor` int(11) NOT NULL,
  `judul_lapor` text NOT NULL,
  `deskripsi_lapor` text NOT NULL,
  `level_lapor` text NOT NULL,
  `tgl_lapor` date DEFAULT NULL,
  `status_lapor` text NOT NULL,
  `nama_lapor` text NOT NULL,
  `link_lapor` text NOT NULL,
  `file_lapor` text NOT NULL
) ENGINE=InnoDB DEFAULT CHARSET=utf8mb4;

--
-- Dumping data for table `tb_lapor`
--

INSERT INTO `tb_lapor` (`id_lapor`, `judul_lapor`, `deskripsi_lapor`, `level_lapor`, `tgl_lapor`, `status_lapor`, `nama_lapor`, `link_lapor`, `file_lapor`) VALUES
(1, 'Data Institusi', 'Data Institusi berbeda saat pendaftaran', 'tinggi', '2022-01-02', 'PROSES', 'Ade Ihsan', '192.168.7.89/sm/?prk', './_file/lapor/lapor_1_2022-01-03.png'),
(3, 'Data tarif', 'Data tarif Tidak Sesuai jurusan', 'sedang', '2022-01-03', 'CEK', 'Rani Riffani', '192.168.7.88/sm/?trk&dtl=1', './_file/lapor/lapor_3_2022-01-03.png');

-- --------------------------------------------------------

--
-- Table structure for table `tb_mess`
--

CREATE TABLE `tb_mess` (
  `id_mess` int(11) NOT NULL,
  `tgl_input_mess` date DEFAULT NULL,
  `tgl_ubah_mess` date DEFAULT NULL,
  `nama_mess` text DEFAULT NULL,
  `kapasitas_t_mess` int(11) NOT NULL,
  `alamat_mess` text DEFAULT NULL,
  `nama_pemilik_mess` text DEFAULT NULL,
  `telp_pemilik_mess` text DEFAULT NULL,
  `email_pemilik_mess` text DEFAULT NULL,
  `tarif_tanpa_makan_mess` int(11) NOT NULL,
  `tarif_dengan_makan_mess` int(11) NOT NULL,
  `kepemilikan_mess` enum('dalam','luar') NOT NULL,
  `id_tarif_satuan` int(11) NOT NULL,
  `id_tarif_jenis` int(11) NOT NULL,
  `fasilitas_mess` text DEFAULT NULL,
  `status_mess` enum('Y','T') NOT NULL
) ENGINE=InnoDB DEFAULT CHARSET=utf8mb4;

--
-- Dumping data for table `tb_mess`
--

INSERT INTO `tb_mess` (`id_mess`, `tgl_input_mess`, `tgl_ubah_mess`, `nama_mess`, `kapasitas_t_mess`, `alamat_mess`, `nama_pemilik_mess`, `telp_pemilik_mess`, `email_pemilik_mess`, `tarif_tanpa_makan_mess`, `tarif_dengan_makan_mess`, `kepemilikan_mess`, `id_tarif_satuan`, `id_tarif_jenis`, `fasilitas_mess`, `status_mess`) VALUES
(1, NULL, NULL, 'Mess RSJ 1 Lama', 20, 'Jl. Kolonel Maturi KM.7, Desa Jambudipa, Kec. Cisarua, Kab. Bandung Barat, 40551', 'RS Jiwa Provinsi Jawa Barat', '081321329101', '', 20000, 100000, 'dalam', 4, 7, 'Makan 3x Sehari', 'Y'),
(2, NULL, NULL, 'Mess RSJ 2 Baru', 92, 'Jl. Kolonel Maturi KM.7, Desa Jambudipa, Kec. Cisarua, Kab. Bandung Barat, 40551', 'RS Jiwa Provinsi Jawa Barat', '081321329101', '', 20000, 100000, 'dalam', 4, 7, '', 'Y'),
(3, NULL, '2022-10-07', 'Asrama Rifa Corporate', 100, 'Kp. Panyandaan RT. 01 RW. 14 Desa Jambudipa Kecamatan Cisarua Kab. Bandung Barat', 'Ibu Ai', '081322629909', '', 20000, 80000, 'luar', 4, 7, 'Dengan Makan 3x Sehari', 'Y'),
(4, NULL, '2022-10-07', 'Pondokan H. Ating', 100, 'Kp. Barukai Timur RT. 04 RW. 13 Desa Jambudipa Kecamatan Cisarua Kab. Bandung Barat', 'H. Ating / Hj. Siti Sutiah', '0', '', 20000, 80000, 'luar', 4, 7, '', 'Y'),
(5, NULL, '2022-10-07', 'Wisma Anugrah Ibu Nanik', 70, 'Kp. Panyandaan RT. 01 RW. 14 Desa Jambudipa Kecamatan Cisarua Kab. Bandung Barat', 'Hj. Nanik Susiani', '081320719652', '', 15000, 70000, 'luar', 4, 7, '', 'Y'),
(6, NULL, NULL, 'Pondokan dr. Hj. Meutia Laksminingrum', 0, '-', 'dr. Hj. Meutia Laksminingrum', '0', '', 0, 0, 'luar', 4, 7, '', 'Y'),
(7, NULL, '2022-10-07', 'Galuh Pakuan', 70, 'Kp. Panyandaan RT. 01 RW. 14 Desa Jambudipa Kecamatan Cisarua Kab. Bandung Barat', 'Oyo Suharya', '081320113399', '', 20000, 80000, 'luar', 4, 7, '', 'Y'),
(8, NULL, '2022-10-07', 'Pondokan Tatang', 30, 'Kp. Panyandaan RT. 01 RW. 14 Desa Jambudipa Kecamatan Cisarua Kab. Bandung Barat', 'Tatang', '089531804825', '', 20000, 80000, 'luar', 4, 7, '', 'Y');

-- --------------------------------------------------------

--
-- Table structure for table `tb_mess_pilih`
--

CREATE TABLE `tb_mess_pilih` (
  `id_mess_pilih` int(11) NOT NULL,
  `id_praktik` int(11) NOT NULL,
  `id_mess` int(11) NOT NULL,
  `id_tarif_pilih` int(11) NOT NULL,
  `tgl_input_mess_pilih` date DEFAULT NULL,
  `tgl_ubah_mess_pilih` date DEFAULT NULL,
  `makan_mess_pilih` enum('T','Y') DEFAULT NULL COMMENT 'memilih mess makan (tidak digunakan)',
  `jumlah_hari_mess_pilih` int(11) NOT NULL,
  `total_tarif_mess_pilih` bigint(20) NOT NULL
) ENGINE=InnoDB DEFAULT CHARSET=utf8mb4;

-- --------------------------------------------------------

--
-- Table structure for table `tb_mess_tgl`
--

CREATE TABLE `tb_mess_tgl` (
  `id_mess_tgl` int(11) NOT NULL,
  `mess_tgl` date NOT NULL,
  `id_mess` int(11) NOT NULL,
  `id_praktik` int(11) NOT NULL
) ENGINE=InnoDB DEFAULT CHARSET=utf8mb4;

-- --------------------------------------------------------

--
-- Table structure for table `tb_mou`
--

CREATE TABLE `tb_mou` (
  `id_mou` int(11) NOT NULL,
  `id_institusi` text NOT NULL,
  `tgl_input_mou` date DEFAULT NULL,
  `tgl_ubah_mou` date DEFAULT NULL,
  `tgl_mulai_mou` date DEFAULT NULL,
  `tgl_selesai_mou` date DEFAULT NULL,
  `no_rsj_mou` text NOT NULL,
  `no_institusi_mou` text NOT NULL,
  `id_jurusan_pdd` int(11) NOT NULL,
  `id_profesi_pdd` int(11) NOT NULL,
  `id_jenjang_pdd` int(11) NOT NULL,
  `file_mou` text DEFAULT NULL,
  `file_pks` text DEFAULT NULL,
  `arsip_mou` enum('Y') DEFAULT NULL
) ENGINE=InnoDB DEFAULT CHARSET=utf8mb4;

--
-- Dumping data for table `tb_mou`
--

INSERT INTO `tb_mou` (`id_mou`, `id_institusi`, `tgl_input_mou`, `tgl_ubah_mou`, `tgl_mulai_mou`, `tgl_selesai_mou`, `no_rsj_mou`, `no_institusi_mou`, `id_jurusan_pdd`, `id_profesi_pdd`, `id_jenjang_pdd`, `file_mou`, `file_pks`, `arsip_mou`) VALUES
(1, '87', NULL, NULL, '2022-01-05', '2023-08-18', '-', '-', 0, 0, 0, NULL, NULL, NULL),
(2, '2', NULL, NULL, '2014-02-13', '2022-01-05', '- ', '-', 0, 0, 0, NULL, NULL, NULL),
(3, '3', NULL, NULL, '2018-08-20', '2021-08-19', '119/14858/RSJ', '036/AKP/BK-A/VIII/2018', 0, 0, 0, NULL, NULL, NULL),
(4, '4', NULL, NULL, '2017-12-22', '2020-12-21', '119/19834/RSJ', '355/PKS/AKBM/XII/2017', 0, 0, 0, NULL, NULL, NULL),
(5, '5', NULL, NULL, '2019-06-19', '2022-06-18', '073/10582/RSJ', 'B. 167/AKPER BPC/VI/2019', 0, 0, 0, NULL, NULL, NULL),
(6, '6', NULL, NULL, '2018-07-06', '2021-07-05', '119/11581/RSJ', 'PKS/008/AKPER RSD/VII/2018', 0, 0, 0, NULL, NULL, NULL),
(7, '7', NULL, NULL, '2018-11-12', '2021-11-11', '119/20549A/RSJ', '420/526/AKPER/2018', 0, 0, 0, NULL, NULL, NULL),
(8, '8', NULL, NULL, '2015-01-02', '2018-01-01', '-', 'YK/AKTI/PKS/01/01/2015', 0, 0, 0, NULL, NULL, NULL),
(9, '9', NULL, NULL, '2019-02-06', '2022-02-05', '119/2418/RSJ', '032/AL.A/SKS.01/II/2019', 0, 0, 0, NULL, NULL, NULL),
(10, '10', NULL, NULL, '2013-06-12', '2016-06-11', '-', '-', 0, 0, 0, NULL, NULL, NULL),
(11, '11', NULL, NULL, '2014-07-17', '2017-07-16', '-', '-', 0, 0, 0, NULL, NULL, NULL),
(12, '12', NULL, NULL, '2014-01-21', '2017-01-20', '-', '-', 0, 0, 0, NULL, NULL, NULL),
(13, '13', NULL, NULL, '2014-03-28', '2017-03-27', '-', '-', 0, 0, 0, NULL, NULL, NULL),
(14, '14', NULL, NULL, '2018-09-12', '2021-09-11', '119/16344/RSJ', '007 KS/AKSARI/IX/2018', 0, 0, 0, NULL, NULL, NULL),
(15, '15', NULL, NULL, '2014-05-14', '2017-05-13', '-', '-', 0, 0, 0, NULL, NULL, NULL),
(16, '16', NULL, NULL, '2011-06-13', '2014-06-12', '-', '-', 0, 0, 0, NULL, NULL, NULL),
(17, '17', NULL, NULL, '2014-01-01', '2016-12-31', '-', '-', 0, 0, 0, NULL, NULL, NULL),
(18, '18', NULL, NULL, '2014-10-21', '2017-10-20', '-', '-', 0, 0, 0, NULL, NULL, NULL),
(19, '19', NULL, NULL, '2019-08-01', '2022-07-31', '119/12968/RSJ', '087/DIR/PKS-RSI/VIII/2019\nDan\n038/PKS/DN/FUKM/VIII/2019', 0, 0, 0, NULL, NULL, NULL),
(20, '20', NULL, NULL, '2019-05-29', '2022-05-28', '119/1458/RSJ', '551A/UKKW/FK/D/V/2019\nDan\n173/072-26/2019', 0, 0, 0, NULL, NULL, NULL),
(21, '21', NULL, NULL, '2019-09-17', '2022-09-16', '119/15675/RSJ', '445/1318/UHP-RS Ihsan\nDan\n108/Dek/FK/IX/2019', 0, 0, 0, NULL, NULL, NULL),
(22, '22', NULL, NULL, '2015-10-29', '2018-10-28', '07313324/RSJ/2015', '005/KS-FK UNJANI/X/2015', 0, 0, 0, NULL, NULL, NULL),
(23, '23', NULL, NULL, '2020-07-01', '2023-07-01', '119/10058/RSJ', 'HK.03.01/X.4.2.1/14120/2020\ndan 677/UN6.C/PKS/2020', 0, 0, 0, NULL, NULL, NULL),
(24, '24', NULL, NULL, '2021-12-06', '2024-12-05', '119/16520/RSJ', '1358/UN6.L/PKS/2021', 2, 2, 10, NULL, NULL, NULL),
(25, '25', NULL, NULL, '2014-03-10', '2017-03-09', '-', '-', 0, 0, 0, NULL, NULL, NULL),
(26, '26', NULL, NULL, '2018-11-19', '2021-11-18', '119/209634/RSJ', 'HK.05.01/1.6/5004/2018', 0, 0, 0, NULL, NULL, NULL),
(27, '27', NULL, NULL, '2020-01-08', '2023-01-07', '075/0409/RSJ/I/2020', '016/POLTEKKES/I/2020', 0, 0, 0, NULL, NULL, NULL),
(28, '28', NULL, NULL, '2012-06-04', '2015-06-04', '-', '-', 0, 0, 0, NULL, NULL, NULL),
(29, '29', NULL, NULL, '2014-12-12', '2017-12-11', '-', '-', 0, 0, 0, NULL, NULL, NULL),
(30, '30', NULL, NULL, '2014-09-26', '2017-09-25', '-', '-', 0, 0, 0, NULL, NULL, NULL),
(31, '31', NULL, NULL, '2019-04-08', '2022-04-07', '073/6519/RSJ', '808/MOU.02/STIKES-AB/IV/2019', 0, 0, 0, NULL, NULL, NULL),
(32, '32', NULL, NULL, '2014-01-30', '2017-01-29', '-', '-', 0, 0, 0, NULL, NULL, NULL),
(33, '33', NULL, NULL, '2012-09-07', '2015-09-07', '-', '-', 0, 0, 0, NULL, NULL, NULL),
(34, '34', NULL, NULL, '2011-07-26', '2014-07-25', '-', '-', 0, 0, 0, NULL, NULL, NULL),
(35, '35', NULL, NULL, '2012-05-03', '2015-05-03', '-', '-', 0, 0, 0, NULL, NULL, NULL),
(36, '36', NULL, NULL, '2018-07-03', '2021-07-02', '073/11261/RSJ', '505/D/BAHUK-STIKES/VII/2018', 0, 0, 0, NULL, NULL, NULL),
(37, '37', NULL, NULL, '2020-11-02', '2023-11-02', '073/0090/RSJ', '672/B/STIKESCRB/I/2018', 0, 0, 0, NULL, NULL, NULL),
(38, '38', NULL, NULL, '2014-01-01', '2016-12-31', '-', '-', 0, 0, 0, NULL, NULL, NULL),
(39, '39', NULL, NULL, '2018-07-23', '2021-07-22', '119/12949/RSJ', '120/SDHB/PKS/TU/VII/2018', 0, 0, 0, NULL, NULL, NULL),
(40, '40', NULL, NULL, '2018-07-13', '2021-07-12', '073/12321/RSJ', '810/STIKES-FA/MOU/VII/2018', 0, 0, 0, NULL, NULL, NULL),
(41, '41', NULL, NULL, '2018-09-29', '2021-09-28', '119/17531/RSJ', '1138/K/STIKES.DK/IX/2018', 0, 0, 0, NULL, NULL, NULL),
(42, '42', NULL, NULL, '2019-10-29', '2022-10-28', '073/18015/RSJ/X/2019', '270/STIKI/WK.III/X/2019', 0, 0, 0, NULL, NULL, NULL),
(43, '43', NULL, NULL, '2019-03-26', '2022-03-25', '075/4422/RSJ', 'PKS/018/STIKES/III/2019', 0, 0, 0, NULL, NULL, NULL),
(44, '44', NULL, NULL, '2018-04-30', '2021-04-29', '-', '0324/STIKES-KHG-MOU-IV/2018', 0, 0, 0, NULL, NULL, NULL),
(45, '45', NULL, NULL, '2020-12-01', '2023-12-01', '073/19852/RSJ/XII/2020', '67/HO.00.03/TU-STIKESMI/XII/2020', 0, 0, 0, NULL, NULL, NULL),
(46, '46', NULL, NULL, '2019-04-15', '2022-04-14', '073/8115/RSJ', 'B.010/STIKKU/MoU/IV/2019', 0, 0, 0, NULL, NULL, NULL),
(47, '47', NULL, NULL, '2011-03-21', '2014-03-20', '-', '-', 0, 0, 0, NULL, NULL, NULL),
(48, '48', NULL, NULL, '2014-01-01', '2016-12-31', '-', '-', 0, 0, 0, NULL, NULL, NULL),
(49, '49', NULL, NULL, '2019-01-04', '2022-01-03', '075/0239/RSJ', '057/STIKES-MK/MOU/I/2019', 0, 0, 0, NULL, NULL, NULL),
(50, '50', NULL, NULL, '2019-12-14', '2022-12-13', '073/DIKLIT-5632/III/2016', '028/III.3,AU/B/2016', 0, 0, 0, NULL, NULL, NULL),
(51, '51', NULL, NULL, '2015-04-06', '2018-04-05', '073/1965/TSJ', 'DL.02.02.1965.04.2015', 0, 0, 0, NULL, NULL, NULL),
(52, '52', NULL, NULL, '2018-09-14', '2021-09-13', '119/16549/RSJ', 'III/884.1/STIKEP/PPNI/JBR/IX/2018', 0, 0, 0, NULL, NULL, NULL),
(53, '53', NULL, NULL, '2020-06-26', '2023-06-26', '119/9816/RSJ', 'PKS.032/IKR-I/R/VI/2020', 0, 0, 0, NULL, NULL, NULL),
(54, '54', NULL, NULL, '2020-12-15', '2023-12-15', '073/20903/RSJ', '017/STIKes-SB/SP-KS/XII/2020', 0, 0, 0, NULL, NULL, NULL),
(55, '55', NULL, NULL, '2015-02-12', '2018-02-11', '073/0954/RSJ', '022/D-STIK/UN/II/2015', 0, 0, 0, NULL, NULL, NULL),
(56, '56', NULL, NULL, '2014-01-01', '2016-12-31', '', '', 0, 0, 0, NULL, NULL, NULL),
(57, '57', NULL, NULL, '2015-01-26', '2018-01-25', '073/0428/RSJ', '?/STIKES-TT/I/2015', 0, 0, 0, NULL, NULL, NULL),
(58, '58', NULL, NULL, '2014-03-03', '2017-03-02', '', '', 0, 0, 0, NULL, NULL, NULL),
(59, '59', NULL, NULL, '2016-05-02', '2019-05-02', '073/7945/RSJ/2016', '168/STIKES.YSI/V/2016', 0, 0, 0, NULL, NULL, NULL),
(60, '60', NULL, NULL, '2020-12-21', '2023-12-21', '119/21223/RSJ', 'A-46/MoU/LPPM-STIKesYPIB/XII/2020', 0, 0, 0, NULL, NULL, NULL),
(61, '61', NULL, NULL, '2014-09-12', '2017-09-11', '-', '-', 0, 0, 0, NULL, NULL, NULL),
(62, '62', NULL, NULL, '2018-11-26', '2021-11-25', '119/20217A/RSJ', '06/FIKES/UNIBA/01/XI/2018', 0, 0, 0, NULL, NULL, NULL),
(63, '63', NULL, NULL, '2012-02-15', '2015-02-14', '-', '-', 0, 0, 0, NULL, NULL, NULL),
(64, '64', NULL, NULL, '2018-09-12', '2021-09-11', '119/16531/RSJ', '13/4123/AK/KS/R/IX/2018', 0, 0, 0, NULL, NULL, NULL),
(65, '65', NULL, NULL, '2019-02-20', '2022-02-19', '119/3413/RSJ', '128/I.0/F/2019', 0, 0, 0, NULL, NULL, NULL),
(66, '66', NULL, NULL, '2018-10-15', '2021-10-14', '119/1864/RSJ', '1767/UN47.B7.5.5/F/2018', 0, 0, 0, NULL, NULL, NULL),
(67, '67', NULL, NULL, '2020-11-12', '2023-11-12', '445/18685/RSJ', '1621/UN40.C2/HK/2020', 0, 0, 0, NULL, NULL, NULL),
(68, '68', NULL, NULL, '2019-01-21', '2022-01-20', '119/1332/RSJ', '0223/UN40.A6/DN/2019', 0, 0, 0, NULL, NULL, NULL),
(69, '69', NULL, NULL, '2014-09-04', '2017-09-03', '-', '-', 0, 0, 0, NULL, NULL, NULL),
(70, '70', NULL, NULL, '2014-01-01', '2016-12-31', '-', '-', 0, 0, 0, NULL, NULL, NULL),
(71, '71', NULL, NULL, '2019-04-16', '2022-04-15', '119/6207/RSJ', 'T/5/UN43.2/HK.07.00/2019', 0, 0, 0, NULL, NULL, NULL),
(72, '72', NULL, NULL, '2019-02-01', '2022-01-31', '073/4052/RSJ', '003.01/TEDC/MOU-DIR/II/2019', 0, 0, 0, NULL, NULL, NULL),
(73, '73', NULL, NULL, '2019-03-28', '2022-03-27', '073/5921/RSJ', '002/FOM-UPH/PKS/III/2019', 0, 0, 0, NULL, NULL, NULL),
(74, '74', NULL, NULL, '2019-02-04', '2022-02-03', '119/2307/RSJ', '0098/Q/P.Y.SMI/II/2019', 0, 0, 0, NULL, NULL, NULL),
(75, '75', NULL, NULL, '2018-11-09', '2021-11-08', '119/20494/RSJ', '168/AKPER/B-MOU/IX/2018', 0, 0, 0, NULL, NULL, NULL),
(76, '76', NULL, NULL, '2019-03-11', '2022-03-10', '073/4623/RSJ', '700/FIKES-UMTAS/III/2019', 0, 0, 0, NULL, NULL, NULL),
(77, '77', NULL, NULL, '2018-07-04', '2021-07-03', '073/11279/RSJ', 'HK.05.01/1.6/2460/2018', 0, 0, 0, NULL, NULL, NULL),
(78, '78', NULL, NULL, '2019-07-10', '2022-07-09', '073/10034/RSJ', 'B/13/PL41/HL.04.03/2019', 0, 0, 0, NULL, NULL, NULL),
(79, '79', NULL, NULL, '2014-01-01', '2016-12-31', '-', '-', 0, 0, 0, NULL, NULL, NULL),
(80, '80', NULL, NULL, '2019-07-01', '2022-06-30', '073/11145/RSJ', 'PKS-  /Ffa-UNJANI/VIII/2019', 0, 0, 0, NULL, NULL, NULL),
(81, '81', NULL, NULL, '2019-04-26', '2022-04-25', '070/7441/RSJ', '1932/MOU/K/Ka./STIKIM/VI/2019', 0, 0, 0, NULL, NULL, NULL),
(82, '82', NULL, NULL, '2019-09-26', '2022-09-25', '073/16246/RSJ/IX/2019', '04/14/UBK/IX/2019', 0, 0, 0, NULL, NULL, NULL),
(83, '83', NULL, NULL, '2019-12-16', '2022-12-15', '073/21320/RSJ/XII/2019', 'HK.03.01/1.6/0012/2019', 0, 0, 0, NULL, NULL, NULL),
(84, '84', NULL, NULL, '2020-07-30', '2023-07-30', '073/11662/RSJ', '888/PL42/KS/2020', 0, 0, 0, NULL, NULL, NULL),
(85, '85', NULL, NULL, '2020-11-18', '2023-11-18', '073/18973/RSJ', '247/PKS/UKSW/XI/2020', 0, 0, 0, NULL, NULL, NULL),
(86, '86', NULL, NULL, '2020-11-02', '2023-11-02', '073/16336/RSJ', '037/PKS/DN/FKUKMXI/2020', 0, 0, 0, NULL, NULL, NULL),
(87, '29', NULL, NULL, '1984-04-12', '1987-04-12', 'Occaecat ut obcaecat', 'Cumque voluptatem A', 7, 3, 10, NULL, NULL, NULL),
(88, '1', NULL, '2022-04-24', '2010-10-20', '2013-10-20', '-', '-', 0, 0, 0, './_file/mou-pks/mou_88_2022-04-24.pdf', './_file/mou-pks/pks_88_2022-04-24.pdf', NULL),
(89, '87', '2022-04-24', '2022-04-25', '2022-04-24', '2025-04-24', '2/2/RSJ', '1/1/RSJ', 0, 0, 0, './_file/mou-pks/mou_89_2022-04-25.pdf', './_file/mou-pks/pks_89_2022-04-25.pdf', NULL);

-- --------------------------------------------------------

--
-- Table structure for table `tb_nilai_kep`
--

CREATE TABLE `tb_nilai_kep` (
  `id_nilai_kep` int(100) NOT NULL,
  `id_pembimbing` int(11) NOT NULL,
  `id_praktik` int(11) NOT NULL,
  `id_praktikan` int(11) NOT NULL,
  `id_unit` int(11) NOT NULL,
  `lp` text NOT NULL,
  `prepost` text NOT NULL,
  `sptk` text NOT NULL,
  `penkes` text NOT NULL,
  `dokep` text NOT NULL,
  `komter` text NOT NULL,
  `tak` text NOT NULL,
  `kasus` text NOT NULL,
  `ujian` text NOT NULL,
  `sikap` text NOT NULL,
  `ket_nilai` text DEFAULT NULL
) ENGINE=InnoDB DEFAULT CHARSET=latin1;

--
-- Dumping data for table `tb_nilai_kep`
--

INSERT INTO `tb_nilai_kep` (`id_nilai_kep`, `id_pembimbing`, `id_praktik`, `id_praktikan`, `id_unit`, `lp`, `prepost`, `sptk`, `penkes`, `dokep`, `komter`, `tak`, `kasus`, `ujian`, `sikap`, `ket_nilai`) VALUES
(1, 40, 2, 2, 10, '93', '55', '39', '89', '17', '14', '77', '2', '10', '97', 'Illo sapiente placea');

-- --------------------------------------------------------

--
-- Table structure for table `tb_nilai_upload`
--

CREATE TABLE `tb_nilai_upload` (
  `id_nilai_upload` int(11) NOT NULL,
  `id_pembimbing` int(11) NOT NULL,
  `id_unit` int(11) NOT NULL,
  `id_praktik` int(11) NOT NULL,
  `tgl_tambah_nilai_upload` date DEFAULT NULL,
  `tgl_ubah_nilai_upload` date DEFAULT NULL,
  `file_nilai_upload` text NOT NULL
) ENGINE=InnoDB DEFAULT CHARSET=utf8mb4;

-- --------------------------------------------------------

--
-- Table structure for table `tb_pembimbing`
--

CREATE TABLE `tb_pembimbing` (
  `id_pembimbing` int(11) NOT NULL,
  `tgl_tambah_pembimbing` date DEFAULT NULL,
  `tgl_ubah_pembimbing` date DEFAULT NULL,
  `no_id_pembimbing` text NOT NULL,
  `nama_pembimbing` text NOT NULL,
  `id_pembimbing_jenis` int(11) NOT NULL COMMENT '(sementara tidak digunakan)',
  `id_jurusan_pdd` int(11) NOT NULL,
  `id_jenjang_pdd` int(11) NOT NULL,
  `id_profesi_pdd` int(11) NOT NULL,
  `kali_pembimbing` int(11) NOT NULL,
  `status_pembimbing` enum('Y','T') NOT NULL
) ENGINE=InnoDB DEFAULT CHARSET=utf8mb4;

--
-- Dumping data for table `tb_pembimbing`
--

INSERT INTO `tb_pembimbing` (`id_pembimbing`, `tgl_tambah_pembimbing`, `tgl_ubah_pembimbing`, `no_id_pembimbing`, `nama_pembimbing`, `id_pembimbing_jenis`, `id_jurusan_pdd`, `id_jenjang_pdd`, `id_profesi_pdd`, `kali_pembimbing`, `status_pembimbing`) VALUES
(1, NULL, NULL, '198302142015031001', 'dr. Ade Kurnia Surawijawa, Sp.KJ.', 9, 1, 9, 2, 0, 'Y'),
(2, NULL, NULL, '197707272006042026', 'dr. Dhian Indriasari, Sp.KJ.', 9, 1, 9, 2, 0, 'Y'),
(3, NULL, NULL, '198305162010012016', 'dr. Dini Indriany, Sp.KJ.', 9, 1, 9, 2, 0, 'Y'),
(4, NULL, NULL, '196312011990031004', 'dr. H. Encep Supriandi, Sp.KJ. M.Kes., M.KM.', 9, 1, 9, 2, 0, 'Y'),
(5, NULL, NULL, '196208081990011001', 'dr. H. Riza Putra, Sp.KJ.', 9, 1, 9, 2, 0, 'Y'),
(6, NULL, NULL, '198601052020122005', 'dr. Hilda Puspa Indah, Sp.KJ.', 9, 1, 9, 2, 0, 'Y'),
(7, NULL, NULL, '196608141991022004', 'dr. Hj. Elly Marliyani, Sp.KJ., M.K.M', 9, 1, 9, 2, 0, 'Y'),
(8, NULL, NULL, '196607132007012005', 'dr. Hj. Meutia Laksaminingrum, Sp.KJ.', 9, 1, 9, 2, 0, 'Y'),
(9, NULL, NULL, '196805271998032004', 'dr. Lenny Irawati Yohosua, Sp.KJ.', 9, 1, 9, 2, 0, 'Y'),
(10, NULL, NULL, '197507072005012006', 'dr. Lina Budiyanti, Sp.KJ. (K)', 9, 1, 9, 2, 0, 'Y'),
(11, NULL, NULL, '197506082006041013', 'dr. Yunyun Setiawan, Sp.KJ.', 9, 1, 9, 2, 0, 'Y'),
(12, NULL, NULL, '197902192011012001', 'dr. Indah KusumaDewi, Sp.KJ.', 9, 1, 9, 2, 0, 'Y'),
(13, NULL, NULL, '198302142015031001', 'Ade Kurnia Surawijaya, dr. Sp.KJ.', 8, 1, 9, 1, 0, 'Y'),
(14, NULL, NULL, '197707272006042026', 'Dhian Indriasari, dr. Sp.KJ.', 8, 1, 9, 1, 0, 'Y'),
(15, NULL, NULL, '202101228', 'Hasrini Rowawi, dr., Sp.KJ (K)., MHA', 8, 1, 9, 1, 0, 'Y'),
(16, NULL, NULL, '196805271998032004', 'Lenny Irawati Yohosua, dr. Sp.KJ.', 8, 1, 9, 1, 0, 'Y'),
(17, NULL, NULL, '197507072005012006', 'Lina Budiyanti, dr. Sp.KJ (K)', 8, 1, 9, 1, 0, 'Y'),
(18, NULL, NULL, '198601082010012013', 'Ema Marlina, S.Tr.T', 7, 8, 8, 0, 0, 'Y'),
(19, NULL, NULL, '198102122005012013', 'Yeni Susanti, Amd. RMIK', 7, 8, 6, 0, 0, 'Y'),
(20, NULL, NULL, '197105071997032005', 'Dra. Lismaniar, Psi., M.Psi', 6, 9, 10, 4, 0, 'Y'),
(21, NULL, NULL, '196508051995022002', 'Dra. Resmi Prasetyani, Psi', 6, 9, 10, 4, 0, 'Y'),
(22, NULL, NULL, '197308081999032005', 'Yuyum Rohmulyanawati, S.Sos, MPSSp', 5, 9, 10, 0, 0, 'Y'),
(23, NULL, NULL, '198805212011011003', 'Irfan Arief Sulistyawan, Amd', 3, 9, 6, 0, 0, 'Y'),
(24, NULL, '2022-11-28', '197301072005011007', 'Abdul Aziz, AMK', 4, 2, 6, 0, 0, 'Y'),
(25, NULL, NULL, '197812182006042017', 'Adah Saadah, S.Kep., Ners', 4, 2, 9, 5, 0, 'Y'),
(26, NULL, NULL, '197405121997032004', 'Ade Carnisem, S.Kep., Ners', 4, 2, 9, 5, 0, 'Y'),
(27, NULL, NULL, '196607161991032004', 'Hj. Ade Saromah, S.Kep., Ners', 4, 2, 9, 5, 0, 'Y'),
(28, NULL, NULL, '197211201991031001', 'Agus Krisno, AMK', 4, 2, 6, 0, 0, 'Y'),
(29, NULL, NULL, '198109282005011007', 'Agus Kusnandar, S.Kep., Ners', 4, 2, 9, 5, 0, 'Y'),
(30, NULL, NULL, '197503081997032002', 'Ai Sriyati, S.Kep., Ners', 4, 2, 9, 5, 0, 'Y'),
(31, NULL, NULL, '198110272006042014', 'Butet Berlina, S.Kep., Ners', 4, 2, 9, 5, 0, 'Y'),
(32, NULL, NULL, '197610012005011010', 'Dedi Nurhasan, S.Kep., Ners', 4, 2, 9, 5, 0, 'Y'),
(33, NULL, NULL, '196705161991031004', 'Dedi Suhaedi, AMK', 4, 2, 6, 0, 0, 'Y'),
(34, NULL, NULL, '196904071993032008', 'Dewi Shinta Maria, AMK', 4, 2, 6, 0, 0, 'Y'),
(35, NULL, NULL, '197507041999032005', 'Dian Ratnaningsih, S.Kep., Ners', 4, 2, 9, 5, 0, 'Y'),
(36, NULL, NULL, '197609212000032001', 'Elsie Rodini, AMK', 4, 2, 6, 0, 0, 'Y'),
(37, NULL, NULL, '196411011998032001', 'Eny Budiasih, S.Kep., Ners', 4, 2, 9, 5, 0, 'Y'),
(38, NULL, NULL, '196901062000122001', 'Eri Suciati, S.Kep., Ners', 4, 2, 9, 5, 0, 'Y'),
(39, NULL, NULL, '197901212005012013', 'Ester Suryani Tampubolon, S.Kep., Ners', 4, 2, 9, 5, 0, 'Y'),
(40, NULL, NULL, '197303291999032002', 'Ettie Hikmawati, S.Kep., Ners', 4, 2, 9, 5, 0, 'Y'),
(41, NULL, NULL, '197601311999031001', 'H. Dedi Rahmadi, S.Kep.Ners', 4, 2, 9, 5, 0, 'Y'),
(42, NULL, NULL, '197612242000031004', 'H. Moch. Jimi Dirgantara, S.Kep.Ners', 4, 2, 9, 5, 0, 'Y'),
(43, NULL, NULL, '197212271996031003', 'H. Zaenurohman, S.Kep.Ners', 4, 2, 9, 5, 0, 'Y'),
(44, NULL, NULL, '197911152000032004', 'Hj. Arimbi Nurwiyanti P, S.Kep.Ners', 4, 2, 9, 5, 0, 'Y'),
(45, NULL, NULL, '197909052006042016', 'Hj. Devie Fitriyani, S.Kep.Ners', 4, 2, 9, 5, 0, 'Y'),
(46, NULL, NULL, '197807042009022004', 'Hj. Icih Susanti, S.Kep.Ners', 4, 2, 9, 5, 0, 'Y'),
(47, NULL, NULL, '196812261996032001', 'Hj. Nenti Siti Kuraesin, S.Kep., Ners', 4, 2, 9, 5, 0, 'Y'),
(48, NULL, NULL, '197902112006042015', 'Kokom Komalasari, S.Kep., Ners', 4, 2, 9, 5, 0, 'Y'),
(49, NULL, NULL, '196607151990032013', 'Komaryati, S.Kep., Ners', 4, 2, 9, 5, 0, 'Y'),
(50, NULL, NULL, '198307172009022001', 'Neng Goniah, S.Kep., Ners', 4, 2, 9, 5, 0, 'Y'),
(51, NULL, NULL, '197608072005012005', 'Nenih Nuraenih, S.Kep., Ners', 4, 2, 9, 5, 0, 'Y'),
(52, NULL, NULL, '197011111996032003', 'Ni Luh Nyoman S Puspowati, S.Kep., Ners', 4, 2, 9, 5, 0, 'Y'),
(53, NULL, NULL, '197004221998032004', 'Nirna Julaeha, S.Kep., Ners', 4, 2, 9, 5, 0, 'Y'),
(54, NULL, NULL, '197911232005012017', 'Novita Sari, S.Kep., Ners', 4, 2, 9, 5, 0, 'Y'),
(55, NULL, NULL, '198010212005012011', 'Siti Romlah, S.Kep., Ners', 4, 2, 9, 5, 0, 'Y'),
(56, NULL, NULL, '196908311998032005', 'Sri Kurniyati, S.Kep., Ners', 4, 2, 9, 5, 0, 'Y'),
(57, NULL, NULL, '196805271992032004', 'Sri Yani, S.Kep., Ners', 4, 2, 9, 5, 0, 'Y'),
(58, NULL, NULL, '198103082005012006', 'Winda Ratna Wulan, S.Kep. Ners., M.Kep.,Sp.Kep.J  ', 4, 2, 10, 5, 0, 'Y'),
(59, NULL, NULL, '197707041997031004', 'Yulforman Rotua Manalu, S.Kep., Ners', 4, 2, 9, 5, 0, 'Y'),
(60, NULL, NULL, '196707151987032002', 'Yusi Yustiah, AMK', 4, 2, 6, 0, 0, 'Y'),
(61, NULL, NULL, '196712151990032007', 'Yuyun Yunara, S.Kep., Ners', 4, 2, 9, 5, 0, 'Y'),
(62, NULL, '2022-10-07', '199409102020121008', 'Rizki Egi Purnama, S.Pd', 2, 8, 8, 0, 0, 'Y'),
(63, NULL, NULL, '196409251992031006', 'Drs. Tavip Budiawan, Apt', 1, 9, 9, 9, 0, 'Y'),
(64, NULL, NULL, '198103252011012004', 'Ekaprasetyawati, S.Si, Apt', 1, 9, 9, 9, 0, 'Y'),
(65, NULL, NULL, '197801101999032002', 'Ice Laila Nur, S.Si., Apt., M.Farm', 1, 9, 10, 9, 0, 'Y');

-- --------------------------------------------------------

--
-- Table structure for table `tb_pembimbing_jenis`
--

CREATE TABLE `tb_pembimbing_jenis` (
  `id_pembimbing_jenis` int(11) NOT NULL,
  `nama_pembimbing_jenis` text NOT NULL,
  `akronim_pembimbing_jenis` text NOT NULL
) ENGINE=InnoDB DEFAULT CHARSET=utf8mb4;

--
-- Dumping data for table `tb_pembimbing_jenis`
--

INSERT INTO `tb_pembimbing_jenis` (`id_pembimbing_jenis`, `nama_pembimbing_jenis`, `akronim_pembimbing_jenis`) VALUES
(1, 'Clinical Instructor Farmasi', 'CI FAR'),
(2, 'Clinical Instructor Informasi Teknologi', 'CI IT'),
(3, 'Clinical Instructor Kesehatan Lingkungan', 'CI KESLING'),
(4, 'Clinical Instructor Keperawatan', 'CI KEP'),
(5, 'Clinical Instructor Pekerja Sosial', 'CI PEKSOS'),
(6, 'Clinical Instructor Psikologi', 'CI PSI'),
(7, 'Clinical Instructor Rekam Medik', 'CI RM'),
(8, 'Program Pendidikan Dokter Spesialis', 'PPDS'),
(9, 'Program Studi Profesi Dokter', 'PSPD');

-- --------------------------------------------------------

--
-- Table structure for table `tb_pembimbing_pilih`
--

CREATE TABLE `tb_pembimbing_pilih` (
  `id_pembimbing_pilih` int(11) NOT NULL,
  `id_praktik` int(11) NOT NULL,
  `id_pembimbing` int(11) NOT NULL,
  `id_unit` int(11) NOT NULL,
  `id_praktikan` int(11) NOT NULL
) ENGINE=InnoDB DEFAULT CHARSET=utf8mb4;

--
-- Dumping data for table `tb_pembimbing_pilih`
--

INSERT INTO `tb_pembimbing_pilih` (`id_pembimbing_pilih`, `id_praktik`, `id_pembimbing`, `id_unit`, `id_praktikan`) VALUES
(1, 2, 40, 10, 2),
(2, 2, 46, 19, 1);

-- --------------------------------------------------------

--
-- Table structure for table `tb_pkd_narsum`
--

CREATE TABLE `tb_pkd_narsum` (
  `id_pkd_narsum` int(11) NOT NULL,
  `tgl_tambah_pkd_narsum` date NOT NULL,
  `tgl_ubah_pkd_narsum` date NOT NULL,
  `nama_pemohon_pkd_narsum` text NOT NULL,
  `alamat_pkd_narsum` text NOT NULL,
  `no_surat_pkd_narsum` text NOT NULL,
  `file_pkd_narsum` text NOT NULL
) ENGINE=InnoDB DEFAULT CHARSET=utf8mb4;

-- --------------------------------------------------------

--
-- Table structure for table `tb_praktik`
--

CREATE TABLE `tb_praktik` (
  `id_praktik` int(11) NOT NULL,
  `id_user` text NOT NULL,
  `id_mou` int(11) NOT NULL COMMENT 'data mou dari tb_mou (sementara tidak digunakan)',
  `id_institusi` int(11) NOT NULL,
  `id_jurusan_pdd_jenis` int(11) NOT NULL,
  `id_jurusan_pdd` text DEFAULT NULL,
  `id_jenjang_pdd` text DEFAULT NULL,
  `id_profesi_pdd` text DEFAULT NULL,
  `nama_praktik` text NOT NULL COMMENT 'nama kelompok/gelombang',
  `tgl_input_praktik` text DEFAULT NULL,
  `tgl_ubah_praktik` text DEFAULT NULL,
  `tgl_mulai_praktik` date DEFAULT NULL,
  `tgl_selesai_praktik` date DEFAULT NULL,
  `jumlah_praktik` int(11) NOT NULL,
  `no_surat_praktik` text NOT NULL,
  `tgl_surat_praktik` date DEFAULT NULL,
  `surat_praktik` text DEFAULT NULL,
  `akred_institusi_praktik` text NOT NULL,
  `akred_jurusan_praktik` text NOT NULL,
  `data_praktik` text DEFAULT NULL,
  `nama_koordinator_praktik` text NOT NULL,
  `email_koordinator_praktik` text NOT NULL,
  `telp_koordinator_praktik` text NOT NULL,
  `kode_bayar_praktik` text DEFAULT NULL,
  `status_praktik` enum('Y','ARSIP') NOT NULL COMMENT 'Status Aktif/Arsip Praktik',
  `status_mess_praktik` enum('T','Y') NOT NULL COMMENT 'stasus pakai mess ',
  `status_nilai_praktik` enum('T','Y') NOT NULL COMMENT 'status nilai yang uploadkan atau diinputkan',
  `makan_mess_praktik` enum('T','Y') DEFAULT NULL COMMENT 'status memakai makan mess (sementara tidak digunakan)',
  `materi_upip_praktik` text DEFAULT NULL,
  `materi_napza_praktik` text DEFAULT NULL,
  `fileInv_praktik` text DEFAULT NULL,
  `fileNilKep_praktik` text DEFAULT NULL
) ENGINE=InnoDB DEFAULT CHARSET=utf8mb4;

--
-- Dumping data for table `tb_praktik`
--

INSERT INTO `tb_praktik` (`id_praktik`, `id_user`, `id_mou`, `id_institusi`, `id_jurusan_pdd_jenis`, `id_jurusan_pdd`, `id_jenjang_pdd`, `id_profesi_pdd`, `nama_praktik`, `tgl_input_praktik`, `tgl_ubah_praktik`, `tgl_mulai_praktik`, `tgl_selesai_praktik`, `jumlah_praktik`, `no_surat_praktik`, `tgl_surat_praktik`, `surat_praktik`, `akred_institusi_praktik`, `akred_jurusan_praktik`, `data_praktik`, `nama_koordinator_praktik`, `email_koordinator_praktik`, `telp_koordinator_praktik`, `kode_bayar_praktik`, `status_praktik`, `status_mess_praktik`, `status_nilai_praktik`, `makan_mess_praktik`, `materi_upip_praktik`, `materi_napza_praktik`, `fileInv_praktik`, `fileNilKep_praktik`) VALUES
(1, '1', 0, 83, 1, '1', '9', '1', 'Consequatur Suscipi', '2022-12-31', NULL, '1987-10-20', '2012-07-20', 1, 'Id est delectus in ', '2018-04-16', './_file/praktik/file_surat_33354c0550915d3d3f958dbdfbb34425.pdf', './_file/praktik/file_akred_institusi33354c0550915d3d3f958dbdfbb34425.pdf', './_file/praktik/file_akred_jurusan33354c0550915d3d3f958dbdfbb34425.pdf', NULL, 'Molestiae qui in per', 'lopoz@mailinator.com', '82', '22123118', 'Y', 'T', 'T', NULL, NULL, NULL, NULL, NULL),
(2, '1', 0, 1, 2, '2', '9', '5', 'Irure voluptatem ea ', '2022-12-31', NULL, '2000-02-10', '2002-09-22', 2, 'Sint maiores Nam exc', '2015-06-10', './_file/praktik/file_surat_47240a00f2b803c5219a1f5921273166.pdf', './_file/praktik/file_akred_institusi078f7f978b4f621960b87232346e55db.pdf', './_file/praktik/file_akred_jurusan078f7f978b4f621960b87232346e55db.pdf', NULL, 'Ratione id saepe la', 'tiwinup@mailinator.com', '74', '22123131', 'Y', 'T', 'T', NULL, NULL, NULL, './_file/invoice/invoice_6abf835744b1fa7cbd4181e5b92f46b6.pdf', NULL);

-- --------------------------------------------------------

--
-- Table structure for table `tb_praktikan`
--

CREATE TABLE `tb_praktikan` (
  `id_praktikan` int(11) NOT NULL,
  `id_praktik` int(11) NOT NULL,
  `id_pembimbing_pilih` int(11) NOT NULL,
  `tgl_tambah_praktikan` date DEFAULT NULL,
  `tgl_ubah_praktikan` date DEFAULT NULL,
  `no_id_praktikan` text NOT NULL,
  `nama_praktikan` text NOT NULL,
  `tgl_lahir_praktikan` date NOT NULL,
  `telp_praktikan` text NOT NULL,
  `wa_praktikan` text NOT NULL,
  `email_praktikan` text NOT NULL,
  `alamat_praktikan` text NOT NULL,
  `file_ijazah_praktikan` text NOT NULL,
  `file_swab_praktikan` text NOT NULL,
  `status_praktikan` enum('Y','T') NOT NULL
) ENGINE=InnoDB DEFAULT CHARSET=utf8mb4;

--
-- Dumping data for table `tb_praktikan`
--

INSERT INTO `tb_praktikan` (`id_praktikan`, `id_praktik`, `id_pembimbing_pilih`, `tgl_tambah_praktikan`, `tgl_ubah_praktikan`, `no_id_praktikan`, `nama_praktikan`, `tgl_lahir_praktikan`, `telp_praktikan`, `wa_praktikan`, `email_praktikan`, `alamat_praktikan`, `file_ijazah_praktikan`, `file_swab_praktikan`, `status_praktikan`) VALUES
(1, 2, 0, '2022-12-31', NULL, 'Quo in sed cupidatat', 'Vitae et non blandit', '1983-05-17', '26', '21', 'sifyn@mailinator.com', 'Voluptas sunt sed an', './_file/praktik/file_ijazah_c31ec02507d5833b2109edcd89f0c00c.pdf', './_file/praktik/file_swab14cae8e0a73625312278ee386fc791ee.pdf', 'Y'),
(2, 2, 0, '2022-12-31', NULL, 'Accusamus aspernatur', 'Veritatis molestiae ', '2009-06-16', '16', '69', 'cytykeco@mailinator.com', 'Iure quia sit numqu', './_file/praktik/file_ijazah_9e025e3095909db9fa1008c26147d9a8.pdf', './_file/praktik/file_swabd2398fffcea8d9a667466b7cef0d74a8.pdf', 'Y');

-- --------------------------------------------------------

--
-- Table structure for table `tb_praktik_tgl`
--

CREATE TABLE `tb_praktik_tgl` (
  `id_praktik_tgl` int(11) NOT NULL,
  `id_praktik` int(11) NOT NULL,
  `praktik_tgl` date NOT NULL
) ENGINE=InnoDB DEFAULT CHARSET=utf8mb4;

--
-- Dumping data for table `tb_praktik_tgl`
--

INSERT INTO `tb_praktik_tgl` (`id_praktik_tgl`, `id_praktik`, `praktik_tgl`) VALUES
(1, 0, '1987-10-20'),
(2, 0, '1987-10-21'),
(3, 0, '1987-10-22'),
(4, 0, '1987-10-23'),
(5, 0, '1987-10-24'),
(6, 0, '1987-10-25'),
(7, 0, '1987-10-26'),
(8, 0, '1987-10-27'),
(9, 0, '1987-10-28'),
(10, 0, '1987-10-29'),
(11, 0, '1987-10-30'),
(12, 0, '1987-10-31'),
(13, 0, '1987-11-01'),
(14, 0, '1987-11-02'),
(15, 0, '1987-11-03'),
(16, 0, '1987-11-04'),
(17, 0, '1987-11-05'),
(18, 0, '1987-11-06'),
(19, 0, '1987-11-07'),
(20, 0, '1987-11-08'),
(21, 0, '1987-11-09'),
(22, 0, '1987-11-10'),
(23, 0, '1987-11-11'),
(24, 0, '1987-11-12'),
(25, 0, '1987-11-13'),
(26, 0, '1987-11-14'),
(27, 0, '1987-11-15'),
(28, 0, '1987-11-16'),
(29, 0, '1987-11-17'),
(30, 0, '1987-11-18'),
(31, 0, '1987-11-19'),
(32, 0, '1987-11-20'),
(33, 0, '1987-11-21'),
(34, 0, '1987-11-22'),
(35, 0, '1987-11-23'),
(36, 0, '1987-11-24'),
(37, 0, '1987-11-25'),
(38, 0, '1987-11-26'),
(39, 0, '1987-11-27'),
(40, 0, '1987-11-28'),
(41, 0, '1987-11-29'),
(42, 0, '1987-11-30'),
(43, 0, '1987-12-01'),
(44, 0, '1987-12-02'),
(45, 0, '1987-12-03'),
(46, 0, '1987-12-04'),
(47, 0, '1987-12-05'),
(48, 0, '1987-12-06'),
(49, 0, '1987-12-07'),
(50, 0, '1987-12-08'),
(51, 0, '1987-12-09'),
(52, 0, '1987-12-10'),
(53, 0, '1987-12-11'),
(54, 0, '1987-12-12'),
(55, 0, '1987-12-13'),
(56, 0, '1987-12-14'),
(57, 0, '1987-12-15'),
(58, 0, '1987-12-16'),
(59, 0, '1987-12-17'),
(60, 0, '1987-12-18'),
(61, 0, '1987-12-19'),
(62, 0, '1987-12-20'),
(63, 0, '1987-12-21'),
(64, 0, '1987-12-22'),
(65, 0, '1987-12-23'),
(66, 0, '1987-12-24'),
(67, 0, '1987-12-25'),
(68, 0, '1987-12-26'),
(69, 0, '1987-12-27'),
(70, 0, '1987-12-28'),
(71, 0, '1987-12-29'),
(72, 0, '1987-12-30'),
(73, 0, '1987-12-31'),
(74, 0, '1988-01-01'),
(75, 0, '1988-01-02'),
(76, 0, '1988-01-03'),
(77, 0, '1988-01-04'),
(78, 0, '1988-01-05'),
(79, 0, '1988-01-06'),
(80, 0, '1988-01-07'),
(81, 0, '1988-01-08'),
(82, 0, '1988-01-09'),
(83, 0, '1988-01-10'),
(84, 0, '1988-01-11'),
(85, 0, '1988-01-12'),
(86, 0, '1988-01-13'),
(87, 0, '1988-01-14'),
(88, 0, '1988-01-15'),
(89, 0, '1988-01-16'),
(90, 0, '1988-01-17'),
(91, 0, '1988-01-18'),
(92, 0, '1988-01-19'),
(93, 0, '1988-01-20'),
(94, 0, '1988-01-21'),
(95, 0, '1988-01-22'),
(96, 0, '1988-01-23'),
(97, 0, '1988-01-24'),
(98, 0, '1988-01-25'),
(99, 0, '1988-01-26'),
(100, 0, '1988-01-27'),
(101, 0, '1988-01-28'),
(102, 0, '1988-01-29'),
(103, 0, '1988-01-30'),
(104, 0, '1988-01-31'),
(105, 0, '1988-02-01'),
(106, 0, '1988-02-02'),
(107, 0, '1988-02-03'),
(108, 0, '1988-02-04'),
(109, 0, '1988-02-05'),
(110, 0, '1988-02-06'),
(111, 0, '1988-02-07'),
(112, 0, '1988-02-08'),
(113, 0, '1988-02-09'),
(114, 0, '1988-02-10'),
(115, 0, '1988-02-11'),
(116, 0, '1988-02-12'),
(117, 0, '1988-02-13'),
(118, 0, '1988-02-14'),
(119, 0, '1988-02-15'),
(120, 0, '1988-02-16'),
(121, 0, '1988-02-17'),
(122, 0, '1988-02-18'),
(123, 0, '1988-02-19'),
(124, 0, '1988-02-20'),
(125, 0, '1988-02-21'),
(126, 0, '1988-02-22'),
(127, 0, '1988-02-23'),
(128, 0, '1988-02-24'),
(129, 0, '1988-02-25'),
(130, 0, '1988-02-26'),
(131, 0, '1988-02-27'),
(132, 0, '1988-02-28'),
(133, 0, '1988-02-29'),
(134, 0, '1988-03-01'),
(135, 0, '1988-03-02'),
(136, 0, '1988-03-03'),
(137, 0, '1988-03-04'),
(138, 0, '1988-03-05'),
(139, 0, '1988-03-06'),
(140, 0, '1988-03-07'),
(141, 0, '1988-03-08'),
(142, 0, '1988-03-09'),
(143, 0, '1988-03-10'),
(144, 0, '1988-03-11'),
(145, 0, '1988-03-12'),
(146, 0, '1988-03-13'),
(147, 0, '1988-03-14'),
(148, 0, '1988-03-15'),
(149, 0, '1988-03-16'),
(150, 0, '1988-03-17'),
(151, 0, '1988-03-18'),
(152, 0, '1988-03-19'),
(153, 0, '1988-03-20'),
(154, 0, '1988-03-21'),
(155, 0, '1988-03-22'),
(156, 0, '1988-03-23'),
(157, 0, '1988-03-24'),
(158, 0, '1988-03-25'),
(159, 0, '1988-03-26'),
(160, 0, '1988-03-27'),
(161, 0, '1988-03-28'),
(162, 0, '1988-03-29'),
(163, 0, '1988-03-30'),
(164, 0, '1988-03-31'),
(165, 0, '1988-04-01'),
(166, 0, '1988-04-02'),
(167, 0, '1988-04-03'),
(168, 0, '1988-04-04'),
(169, 0, '1988-04-05'),
(170, 0, '1988-04-06'),
(171, 0, '1988-04-07'),
(172, 0, '1988-04-08'),
(173, 0, '1988-04-09'),
(174, 0, '1988-04-10'),
(175, 0, '1988-04-11'),
(176, 0, '1988-04-12'),
(177, 0, '1988-04-13'),
(178, 0, '1988-04-14'),
(179, 0, '1988-04-15'),
(180, 0, '1988-04-16'),
(181, 0, '1988-04-17'),
(182, 0, '1988-04-18'),
(183, 0, '1988-04-19'),
(184, 0, '1988-04-20'),
(185, 0, '1988-04-21'),
(186, 0, '1988-04-22'),
(187, 0, '1988-04-23'),
(188, 0, '1988-04-24'),
(189, 0, '1988-04-25'),
(190, 0, '1988-04-26'),
(191, 0, '1988-04-27'),
(192, 0, '1988-04-28'),
(193, 0, '1988-04-29'),
(194, 0, '1988-04-30'),
(195, 0, '1988-05-01'),
(196, 0, '1988-05-02'),
(197, 0, '1988-05-03'),
(198, 0, '1988-05-04'),
(199, 0, '1988-05-05'),
(200, 0, '1988-05-06'),
(201, 0, '1988-05-07'),
(202, 0, '1988-05-08'),
(203, 0, '1988-05-09'),
(204, 0, '1988-05-10'),
(205, 0, '1988-05-11'),
(206, 0, '1988-05-12'),
(207, 0, '1988-05-13'),
(208, 0, '1988-05-14'),
(209, 0, '1988-05-15'),
(210, 0, '1988-05-16'),
(211, 0, '1988-05-17'),
(212, 0, '1988-05-18'),
(213, 0, '1988-05-19'),
(214, 0, '1988-05-20'),
(215, 0, '1988-05-21'),
(216, 0, '1988-05-22'),
(217, 0, '1988-05-23'),
(218, 0, '1988-05-24'),
(219, 0, '1988-05-25'),
(220, 0, '1988-05-26'),
(221, 0, '1988-05-27'),
(222, 0, '1988-05-28'),
(223, 0, '1988-05-29'),
(224, 0, '1988-05-30'),
(225, 0, '1988-05-31'),
(226, 0, '1988-06-01'),
(227, 0, '1988-06-02'),
(228, 0, '1988-06-03'),
(229, 0, '1988-06-04'),
(230, 0, '1988-06-05'),
(231, 0, '1988-06-06'),
(232, 0, '1988-06-07'),
(233, 0, '1988-06-08'),
(234, 0, '1988-06-09'),
(235, 0, '1988-06-10'),
(236, 0, '1988-06-11'),
(237, 0, '1988-06-12'),
(238, 0, '1988-06-13'),
(239, 0, '1988-06-14'),
(240, 0, '1988-06-15'),
(241, 0, '1988-06-16'),
(242, 0, '1988-06-17'),
(243, 0, '1988-06-18'),
(244, 0, '1988-06-19'),
(245, 0, '1988-06-20'),
(246, 0, '1988-06-21'),
(247, 0, '1988-06-22'),
(248, 0, '1988-06-23'),
(249, 0, '1988-06-24'),
(250, 0, '1988-06-25'),
(251, 0, '1988-06-26'),
(252, 0, '1988-06-27'),
(253, 0, '1988-06-28'),
(254, 0, '1988-06-29'),
(255, 0, '1988-06-30'),
(256, 0, '1988-07-01'),
(257, 0, '1988-07-02'),
(258, 0, '1988-07-03'),
(259, 0, '1988-07-04'),
(260, 0, '1988-07-05'),
(261, 0, '1988-07-06'),
(262, 0, '1988-07-07'),
(263, 0, '1988-07-08'),
(264, 0, '1988-07-09'),
(265, 0, '1988-07-10'),
(266, 0, '1988-07-11'),
(267, 0, '1988-07-12'),
(268, 0, '1988-07-13'),
(269, 0, '1988-07-14'),
(270, 0, '1988-07-15'),
(271, 0, '1988-07-16'),
(272, 0, '1988-07-17'),
(273, 0, '1988-07-18'),
(274, 0, '1988-07-19'),
(275, 0, '1988-07-20'),
(276, 0, '1988-07-21'),
(277, 0, '1988-07-22'),
(278, 0, '1988-07-23'),
(279, 0, '1988-07-24'),
(280, 0, '1988-07-25'),
(281, 0, '1988-07-26'),
(282, 0, '1988-07-27'),
(283, 0, '1988-07-28'),
(284, 0, '1988-07-29'),
(285, 0, '1988-07-30'),
(286, 0, '1988-07-31'),
(287, 0, '1988-08-01'),
(288, 0, '1988-08-02'),
(289, 0, '1988-08-03'),
(290, 0, '1988-08-04'),
(291, 0, '1988-08-05'),
(292, 0, '1988-08-06'),
(293, 0, '1988-08-07'),
(294, 0, '1988-08-08'),
(295, 0, '1988-08-09'),
(296, 0, '1988-08-10'),
(297, 0, '1988-08-11'),
(298, 0, '1988-08-12'),
(299, 0, '1988-08-13'),
(300, 0, '1988-08-14'),
(301, 0, '1988-08-15'),
(302, 0, '1988-08-16'),
(303, 0, '1988-08-17'),
(304, 0, '1988-08-18'),
(305, 0, '1988-08-19'),
(306, 0, '1988-08-20'),
(307, 0, '1988-08-21'),
(308, 0, '1988-08-22'),
(309, 0, '1988-08-23'),
(310, 0, '1988-08-24'),
(311, 0, '1988-08-25'),
(312, 0, '1988-08-26'),
(313, 0, '1988-08-27'),
(314, 0, '1988-08-28'),
(315, 0, '1988-08-29'),
(316, 0, '1988-08-30'),
(317, 0, '1988-08-31'),
(318, 0, '1988-09-01'),
(319, 0, '1988-09-02'),
(320, 0, '1988-09-03'),
(321, 0, '1988-09-04'),
(322, 0, '1988-09-05'),
(323, 0, '1988-09-06'),
(324, 0, '1988-09-07'),
(325, 0, '1988-09-08'),
(326, 0, '1988-09-09'),
(327, 0, '1988-09-10'),
(328, 0, '1988-09-11'),
(329, 0, '1988-09-12'),
(330, 0, '1988-09-13'),
(331, 0, '1988-09-14'),
(332, 0, '1988-09-15'),
(333, 0, '1988-09-16'),
(334, 0, '1988-09-17'),
(335, 0, '1988-09-18'),
(336, 0, '1988-09-19'),
(337, 0, '1988-09-20'),
(338, 0, '1988-09-21'),
(339, 0, '1988-09-22'),
(340, 0, '1988-09-23'),
(341, 0, '1988-09-24'),
(342, 0, '1988-09-25'),
(343, 0, '1988-09-26'),
(344, 0, '1988-09-27'),
(345, 0, '1988-09-28'),
(346, 0, '1988-09-29'),
(347, 0, '1988-09-30'),
(348, 0, '1988-10-01'),
(349, 0, '1988-10-02'),
(350, 0, '1988-10-03'),
(351, 0, '1988-10-04'),
(352, 0, '1988-10-05'),
(353, 0, '1988-10-06'),
(354, 0, '1988-10-07'),
(355, 0, '1988-10-08'),
(356, 0, '1988-10-09'),
(357, 0, '1988-10-10'),
(358, 0, '1988-10-11'),
(359, 0, '1988-10-12'),
(360, 0, '1988-10-13'),
(361, 0, '1988-10-14'),
(362, 0, '1988-10-15'),
(363, 0, '1988-10-16'),
(364, 0, '1988-10-17'),
(365, 0, '1988-10-18'),
(366, 0, '1988-10-19'),
(367, 0, '1988-10-20'),
(368, 0, '1988-10-21'),
(369, 0, '1988-10-22'),
(370, 0, '1988-10-23'),
(371, 0, '1988-10-24'),
(372, 0, '1988-10-25'),
(373, 0, '1988-10-26'),
(374, 0, '1988-10-27'),
(375, 0, '1988-10-28'),
(376, 0, '1988-10-29'),
(377, 0, '1988-10-30'),
(378, 0, '1988-10-31'),
(379, 0, '1988-11-01'),
(380, 0, '1988-11-02'),
(381, 0, '1988-11-03'),
(382, 0, '1988-11-04'),
(383, 0, '1988-11-05'),
(384, 0, '1988-11-06'),
(385, 0, '1988-11-07'),
(386, 0, '1988-11-08'),
(387, 0, '1988-11-09'),
(388, 0, '1988-11-10'),
(389, 0, '1988-11-11'),
(390, 0, '1988-11-12'),
(391, 0, '1988-11-13'),
(392, 0, '1988-11-14'),
(393, 0, '1988-11-15'),
(394, 0, '1988-11-16'),
(395, 0, '1988-11-17'),
(396, 0, '1988-11-18'),
(397, 0, '1988-11-19'),
(398, 0, '1988-11-20'),
(399, 0, '1988-11-21'),
(400, 0, '1988-11-22'),
(401, 0, '1988-11-23'),
(402, 0, '1988-11-24'),
(403, 0, '1988-11-25'),
(404, 0, '1988-11-26'),
(405, 0, '1988-11-27'),
(406, 0, '1988-11-28'),
(407, 0, '1988-11-29'),
(408, 0, '1988-11-30'),
(409, 0, '1988-12-01'),
(410, 0, '1988-12-02'),
(411, 0, '1988-12-03'),
(412, 0, '1988-12-04'),
(413, 0, '1988-12-05'),
(414, 0, '1988-12-06'),
(415, 0, '1988-12-07'),
(416, 0, '1988-12-08'),
(417, 0, '1988-12-09'),
(418, 0, '1988-12-10'),
(419, 0, '1988-12-11'),
(420, 0, '1988-12-12'),
(421, 0, '1988-12-13'),
(422, 0, '1988-12-14'),
(423, 0, '1988-12-15'),
(424, 0, '1988-12-16'),
(425, 0, '1988-12-17'),
(426, 0, '1988-12-18'),
(427, 0, '1988-12-19'),
(428, 0, '1988-12-20'),
(429, 0, '1988-12-21'),
(430, 0, '1988-12-22'),
(431, 0, '1988-12-23'),
(432, 0, '1988-12-24'),
(433, 0, '1988-12-25'),
(434, 0, '1988-12-26'),
(435, 0, '1988-12-27'),
(436, 0, '1988-12-28'),
(437, 0, '1988-12-29'),
(438, 0, '1988-12-30'),
(439, 0, '1988-12-31'),
(440, 0, '1989-01-01'),
(441, 0, '1989-01-02'),
(442, 0, '1989-01-03'),
(443, 0, '1989-01-04'),
(444, 0, '1989-01-05'),
(445, 0, '1989-01-06'),
(446, 0, '1989-01-07'),
(447, 0, '1989-01-08'),
(448, 0, '1989-01-09'),
(449, 0, '1989-01-10'),
(450, 0, '1989-01-11'),
(451, 0, '1989-01-12'),
(452, 0, '1989-01-13'),
(453, 0, '1989-01-14'),
(454, 0, '1989-01-15'),
(455, 0, '1989-01-16'),
(456, 0, '1989-01-17'),
(457, 0, '1989-01-18'),
(458, 0, '1989-01-19'),
(459, 0, '1989-01-20'),
(460, 0, '1989-01-21'),
(461, 0, '1989-01-22'),
(462, 0, '1989-01-23'),
(463, 0, '1989-01-24'),
(464, 0, '1989-01-25'),
(465, 0, '1989-01-26'),
(466, 0, '1989-01-27'),
(467, 0, '1989-01-28'),
(468, 0, '1989-01-29'),
(469, 0, '1989-01-30'),
(470, 0, '1989-01-31'),
(471, 0, '1989-02-01'),
(472, 0, '1989-02-02'),
(473, 0, '1989-02-03'),
(474, 0, '1989-02-04'),
(475, 0, '1989-02-05'),
(476, 0, '1989-02-06'),
(477, 0, '1989-02-07'),
(478, 0, '1989-02-08'),
(479, 0, '1989-02-09'),
(480, 0, '1989-02-10'),
(481, 0, '1989-02-11'),
(482, 0, '1989-02-12'),
(483, 0, '1989-02-13'),
(484, 0, '1989-02-14'),
(485, 0, '1989-02-15'),
(486, 0, '1989-02-16'),
(487, 0, '1989-02-17'),
(488, 0, '1989-02-18'),
(489, 0, '1989-02-19'),
(490, 0, '1989-02-20'),
(491, 0, '1989-02-21'),
(492, 0, '1989-02-22'),
(493, 0, '1989-02-23'),
(494, 0, '1989-02-24'),
(495, 0, '1989-02-25'),
(496, 0, '1989-02-26'),
(497, 0, '1989-02-27'),
(498, 0, '1989-02-28'),
(499, 0, '1989-03-01'),
(500, 0, '1989-03-02'),
(501, 0, '1989-03-03'),
(502, 0, '1989-03-04'),
(503, 0, '1989-03-05'),
(504, 0, '1989-03-06'),
(505, 0, '1989-03-07'),
(506, 0, '1989-03-08'),
(507, 0, '1989-03-09'),
(508, 0, '1989-03-10'),
(509, 0, '1989-03-11'),
(510, 0, '1989-03-12'),
(511, 0, '1989-03-13'),
(512, 0, '1989-03-14'),
(513, 0, '1989-03-15'),
(514, 0, '1989-03-16'),
(515, 0, '1989-03-17'),
(516, 0, '1989-03-18'),
(517, 0, '1989-03-19'),
(518, 0, '1989-03-20'),
(519, 0, '1989-03-21'),
(520, 0, '1989-03-22'),
(521, 0, '1989-03-23'),
(522, 0, '1989-03-24'),
(523, 0, '1989-03-25'),
(524, 0, '1989-03-26'),
(525, 0, '1989-03-27'),
(526, 0, '1989-03-28'),
(527, 0, '1989-03-29'),
(528, 0, '1989-03-30'),
(529, 0, '1989-03-31'),
(530, 0, '1989-04-01'),
(531, 0, '1989-04-02'),
(532, 0, '1989-04-03'),
(533, 0, '1989-04-04'),
(534, 0, '1989-04-05'),
(535, 0, '1989-04-06'),
(536, 0, '1989-04-07'),
(537, 0, '1989-04-08'),
(538, 0, '1989-04-09'),
(539, 0, '1989-04-10'),
(540, 0, '1989-04-11'),
(541, 0, '1989-04-12'),
(542, 0, '1989-04-13'),
(543, 0, '1989-04-14'),
(544, 0, '1989-04-15'),
(545, 0, '1989-04-16'),
(546, 0, '1989-04-17'),
(547, 0, '1989-04-18'),
(548, 0, '1989-04-19'),
(549, 0, '1989-04-20'),
(550, 0, '1989-04-21'),
(551, 0, '1989-04-22'),
(552, 0, '1989-04-23'),
(553, 0, '1989-04-24'),
(554, 0, '1989-04-25'),
(555, 0, '1989-04-26'),
(556, 0, '1989-04-27'),
(557, 0, '1989-04-28'),
(558, 0, '1989-04-29'),
(559, 0, '1989-04-30'),
(560, 0, '1989-05-01'),
(561, 0, '1989-05-02'),
(562, 0, '1989-05-03'),
(563, 0, '1989-05-04'),
(564, 0, '1989-05-05'),
(565, 0, '1989-05-06'),
(566, 0, '1989-05-07'),
(567, 0, '1989-05-08'),
(568, 0, '1989-05-09'),
(569, 0, '1989-05-10'),
(570, 0, '1989-05-11'),
(571, 0, '1989-05-12'),
(572, 0, '1989-05-13'),
(573, 0, '1989-05-14'),
(574, 0, '1989-05-15'),
(575, 0, '1989-05-16'),
(576, 0, '1989-05-17'),
(577, 0, '1989-05-18'),
(578, 0, '1989-05-19'),
(579, 0, '1989-05-20'),
(580, 0, '1989-05-21'),
(581, 0, '1989-05-22'),
(582, 0, '1989-05-23'),
(583, 0, '1989-05-24'),
(584, 0, '1989-05-25'),
(585, 0, '1989-05-26'),
(586, 0, '1989-05-27'),
(587, 0, '1989-05-28'),
(588, 0, '1989-05-29'),
(589, 0, '1989-05-30'),
(590, 0, '1989-05-31'),
(591, 0, '1989-06-01'),
(592, 0, '1989-06-02'),
(593, 0, '1989-06-03'),
(594, 0, '1989-06-04'),
(595, 0, '1989-06-05'),
(596, 0, '1989-06-06'),
(597, 0, '1989-06-07'),
(598, 0, '1989-06-08'),
(599, 0, '1989-06-09'),
(600, 0, '1989-06-10'),
(601, 0, '1989-06-11'),
(602, 0, '1989-06-12'),
(603, 0, '1989-06-13'),
(604, 0, '1989-06-14'),
(605, 0, '1989-06-15'),
(606, 0, '1989-06-16'),
(607, 0, '1989-06-17'),
(608, 0, '1989-06-18'),
(609, 0, '1989-06-19'),
(610, 0, '1989-06-20'),
(611, 0, '1989-06-21'),
(612, 0, '1989-06-22'),
(613, 0, '1989-06-23'),
(614, 0, '1989-06-24'),
(615, 0, '1989-06-25'),
(616, 0, '1989-06-26'),
(617, 0, '1989-06-27'),
(618, 0, '1989-06-28'),
(619, 0, '1989-06-29'),
(620, 0, '1989-06-30'),
(621, 0, '1989-07-01'),
(622, 0, '1989-07-02'),
(623, 0, '1989-07-03'),
(624, 0, '1989-07-04'),
(625, 0, '1989-07-05'),
(626, 0, '1989-07-06'),
(627, 0, '1989-07-07'),
(628, 0, '1989-07-08'),
(629, 0, '1989-07-09'),
(630, 0, '1989-07-10'),
(631, 0, '1989-07-11'),
(632, 0, '1989-07-12'),
(633, 0, '1989-07-13'),
(634, 0, '1989-07-14'),
(635, 0, '1989-07-15'),
(636, 0, '1989-07-16'),
(637, 0, '1989-07-17'),
(638, 0, '1989-07-18'),
(639, 0, '1989-07-19'),
(640, 0, '1989-07-20'),
(641, 0, '1989-07-21'),
(642, 0, '1989-07-22'),
(643, 0, '1989-07-23'),
(644, 0, '1989-07-24'),
(645, 0, '1989-07-25'),
(646, 0, '1989-07-26'),
(647, 0, '1989-07-27'),
(648, 0, '1989-07-28'),
(649, 0, '1989-07-29'),
(650, 0, '1989-07-30'),
(651, 0, '1989-07-31'),
(652, 0, '1989-08-01'),
(653, 0, '1989-08-02'),
(654, 0, '1989-08-03'),
(655, 0, '1989-08-04'),
(656, 0, '1989-08-05'),
(657, 0, '1989-08-06'),
(658, 0, '1989-08-07'),
(659, 0, '1989-08-08'),
(660, 0, '1989-08-09'),
(661, 0, '1989-08-10'),
(662, 0, '1989-08-11'),
(663, 0, '1989-08-12'),
(664, 0, '1989-08-13'),
(665, 0, '1989-08-14'),
(666, 0, '1989-08-15'),
(667, 0, '1989-08-16'),
(668, 0, '1989-08-17'),
(669, 0, '1989-08-18'),
(670, 0, '1989-08-19'),
(671, 0, '1989-08-20'),
(672, 0, '1989-08-21'),
(673, 0, '1989-08-22'),
(674, 0, '1989-08-23'),
(675, 0, '1989-08-24'),
(676, 0, '1989-08-25'),
(677, 0, '1989-08-26'),
(678, 0, '1989-08-27'),
(679, 0, '1989-08-28'),
(680, 0, '1989-08-29'),
(681, 0, '1989-08-30'),
(682, 0, '1989-08-31'),
(683, 0, '1989-09-01'),
(684, 0, '1989-09-02'),
(685, 0, '1989-09-03'),
(686, 0, '1989-09-04'),
(687, 0, '1989-09-05'),
(688, 0, '1989-09-06'),
(689, 0, '1989-09-07'),
(690, 0, '1989-09-08'),
(691, 0, '1989-09-09'),
(692, 0, '1989-09-10'),
(693, 0, '1989-09-11'),
(694, 0, '1989-09-12'),
(695, 0, '1989-09-13'),
(696, 0, '1989-09-14'),
(697, 0, '1989-09-15'),
(698, 0, '1989-09-16'),
(699, 0, '1989-09-17'),
(700, 0, '1989-09-18'),
(701, 0, '1989-09-19'),
(702, 0, '1989-09-20'),
(703, 0, '1989-09-21'),
(704, 0, '1989-09-22'),
(705, 0, '1989-09-23'),
(706, 0, '1989-09-24'),
(707, 0, '1989-09-25'),
(708, 0, '1989-09-26'),
(709, 0, '1989-09-27'),
(710, 0, '1989-09-28'),
(711, 0, '1989-09-29'),
(712, 0, '1989-09-30'),
(713, 0, '1989-10-01'),
(714, 0, '1989-10-02'),
(715, 0, '1989-10-03'),
(716, 0, '1989-10-04'),
(717, 0, '1989-10-05'),
(718, 0, '1989-10-06'),
(719, 0, '1989-10-07'),
(720, 0, '1989-10-08'),
(721, 0, '1989-10-09'),
(722, 0, '1989-10-10'),
(723, 0, '1989-10-11'),
(724, 0, '1989-10-12'),
(725, 0, '1989-10-13'),
(726, 0, '1989-10-14'),
(727, 0, '1989-10-15'),
(728, 0, '1989-10-16'),
(729, 0, '1989-10-17'),
(730, 0, '1989-10-18'),
(731, 0, '1989-10-19'),
(732, 0, '1989-10-20'),
(733, 0, '1989-10-21'),
(734, 0, '1989-10-22'),
(735, 0, '1989-10-23'),
(736, 0, '1989-10-24'),
(737, 0, '1989-10-25'),
(738, 0, '1989-10-26'),
(739, 0, '1989-10-27'),
(740, 0, '1989-10-28'),
(741, 0, '1989-10-29'),
(742, 0, '1989-10-30'),
(743, 0, '1989-10-31'),
(744, 0, '1989-11-01'),
(745, 0, '1989-11-02'),
(746, 0, '1989-11-03'),
(747, 0, '1989-11-04'),
(748, 0, '1989-11-05'),
(749, 0, '1989-11-06'),
(750, 0, '1989-11-07'),
(751, 0, '1989-11-08'),
(752, 0, '1989-11-09'),
(753, 0, '1989-11-10'),
(754, 0, '1989-11-11'),
(755, 0, '1989-11-12'),
(756, 0, '1989-11-13'),
(757, 0, '1989-11-14'),
(758, 0, '1989-11-15'),
(759, 0, '1989-11-16'),
(760, 0, '1989-11-17'),
(761, 0, '1989-11-18'),
(762, 0, '1989-11-19'),
(763, 0, '1989-11-20'),
(764, 0, '1989-11-21'),
(765, 0, '1989-11-22'),
(766, 0, '1989-11-23'),
(767, 0, '1989-11-24'),
(768, 0, '1989-11-25'),
(769, 0, '1989-11-26'),
(770, 0, '1989-11-27'),
(771, 0, '1989-11-28'),
(772, 0, '1989-11-29'),
(773, 0, '1989-11-30'),
(774, 0, '1989-12-01'),
(775, 0, '1989-12-02'),
(776, 0, '1989-12-03'),
(777, 0, '1989-12-04'),
(778, 0, '1989-12-05'),
(779, 0, '1989-12-06'),
(780, 0, '1989-12-07'),
(781, 0, '1989-12-08'),
(782, 0, '1989-12-09'),
(783, 0, '1989-12-10'),
(784, 0, '1989-12-11'),
(785, 0, '1989-12-12'),
(786, 0, '1989-12-13'),
(787, 0, '1989-12-14'),
(788, 0, '1989-12-15'),
(789, 0, '1989-12-16'),
(790, 0, '1989-12-17'),
(791, 0, '1989-12-18'),
(792, 0, '1989-12-19'),
(793, 0, '1989-12-20'),
(794, 0, '1989-12-21'),
(795, 0, '1989-12-22'),
(796, 0, '1989-12-23'),
(797, 0, '1989-12-24'),
(798, 0, '1989-12-25'),
(799, 0, '1989-12-26'),
(800, 0, '1989-12-27'),
(801, 0, '1989-12-28'),
(802, 0, '1989-12-29'),
(803, 0, '1989-12-30'),
(804, 0, '1989-12-31'),
(805, 0, '1990-01-01'),
(806, 0, '1990-01-02'),
(807, 0, '1990-01-03'),
(808, 0, '1990-01-04'),
(809, 0, '1990-01-05'),
(810, 0, '1990-01-06'),
(811, 0, '1990-01-07'),
(812, 0, '1990-01-08'),
(813, 0, '1990-01-09'),
(814, 0, '1990-01-10'),
(815, 0, '1990-01-11'),
(816, 0, '1990-01-12'),
(817, 0, '1990-01-13'),
(818, 0, '1990-01-14'),
(819, 0, '1990-01-15'),
(820, 0, '1990-01-16'),
(821, 0, '1990-01-17'),
(822, 0, '1990-01-18'),
(823, 0, '1990-01-19'),
(824, 0, '1990-01-20'),
(825, 0, '1990-01-21'),
(826, 0, '1990-01-22'),
(827, 0, '1990-01-23'),
(828, 0, '1990-01-24'),
(829, 0, '1990-01-25'),
(830, 0, '1990-01-26'),
(831, 0, '1990-01-27'),
(832, 0, '1990-01-28'),
(833, 0, '1990-01-29'),
(834, 0, '1990-01-30'),
(835, 0, '1990-01-31'),
(836, 0, '1990-02-01'),
(837, 0, '1990-02-02'),
(838, 0, '1990-02-03'),
(839, 0, '1990-02-04'),
(840, 0, '1990-02-05'),
(841, 0, '1990-02-06'),
(842, 0, '1990-02-07'),
(843, 0, '1990-02-08'),
(844, 0, '1990-02-09'),
(845, 0, '1990-02-10'),
(846, 0, '1990-02-11'),
(847, 0, '1990-02-12'),
(848, 0, '1990-02-13'),
(849, 0, '1990-02-14'),
(850, 0, '1990-02-15'),
(851, 0, '1990-02-16'),
(852, 0, '1990-02-17'),
(853, 0, '1990-02-18'),
(854, 0, '1990-02-19'),
(855, 0, '1990-02-20'),
(856, 0, '1990-02-21'),
(857, 0, '1990-02-22'),
(858, 0, '1990-02-23'),
(859, 0, '1990-02-24'),
(860, 0, '1990-02-25'),
(861, 0, '1990-02-26'),
(862, 0, '1990-02-27'),
(863, 0, '1990-02-28'),
(864, 0, '1990-03-01'),
(865, 0, '1990-03-02'),
(866, 0, '1990-03-03'),
(867, 0, '1990-03-04'),
(868, 0, '1990-03-05'),
(869, 0, '1990-03-06'),
(870, 0, '1990-03-07'),
(871, 0, '1990-03-08'),
(872, 0, '1990-03-09'),
(873, 0, '1990-03-10'),
(874, 0, '1990-03-11'),
(875, 0, '1990-03-12'),
(876, 0, '1990-03-13'),
(877, 0, '1990-03-14'),
(878, 0, '1990-03-15'),
(879, 0, '1990-03-16'),
(880, 0, '1990-03-17'),
(881, 0, '1990-03-18'),
(882, 0, '1990-03-19'),
(883, 0, '1990-03-20'),
(884, 0, '1990-03-21'),
(885, 0, '1990-03-22'),
(886, 0, '1990-03-23'),
(887, 0, '1990-03-24'),
(888, 0, '1990-03-25'),
(889, 0, '1990-03-26'),
(890, 0, '1990-03-27'),
(891, 0, '1990-03-28'),
(892, 0, '1990-03-29'),
(893, 0, '1990-03-30'),
(894, 0, '1990-03-31'),
(895, 0, '1990-04-01'),
(896, 0, '1990-04-02'),
(897, 0, '1990-04-03'),
(898, 0, '1990-04-04'),
(899, 0, '1990-04-05'),
(900, 0, '1990-04-06'),
(901, 0, '1990-04-07'),
(902, 0, '1990-04-08'),
(903, 0, '1990-04-09'),
(904, 0, '1990-04-10'),
(905, 0, '1990-04-11'),
(906, 0, '1990-04-12'),
(907, 0, '1990-04-13'),
(908, 0, '1990-04-14'),
(909, 0, '1990-04-15'),
(910, 0, '1990-04-16'),
(911, 0, '1990-04-17'),
(912, 0, '1990-04-18'),
(913, 0, '1990-04-19'),
(914, 0, '1990-04-20'),
(915, 0, '1990-04-21'),
(916, 0, '1990-04-22'),
(917, 0, '1990-04-23'),
(918, 0, '1990-04-24'),
(919, 0, '1990-04-25'),
(920, 0, '1990-04-26'),
(921, 0, '1990-04-27'),
(922, 0, '1990-04-28'),
(923, 0, '1990-04-29'),
(924, 0, '1990-04-30'),
(925, 0, '1990-05-01'),
(926, 0, '1990-05-02'),
(927, 0, '1990-05-03'),
(928, 0, '1990-05-04'),
(929, 0, '1990-05-05'),
(930, 0, '1990-05-06'),
(931, 0, '1990-05-07'),
(932, 0, '1990-05-08'),
(933, 0, '1990-05-09'),
(934, 0, '1990-05-10'),
(935, 0, '1990-05-11'),
(936, 0, '1990-05-12'),
(937, 0, '1990-05-13'),
(938, 0, '1990-05-14'),
(939, 0, '1990-05-15'),
(940, 0, '1990-05-16'),
(941, 0, '1990-05-17'),
(942, 0, '1990-05-18'),
(943, 0, '1990-05-19'),
(944, 0, '1990-05-20'),
(945, 0, '1990-05-21'),
(946, 0, '1990-05-22'),
(947, 0, '1990-05-23'),
(948, 0, '1990-05-24'),
(949, 0, '1990-05-25'),
(950, 0, '1990-05-26'),
(951, 0, '1990-05-27'),
(952, 0, '1990-05-28'),
(953, 0, '1990-05-29'),
(954, 0, '1990-05-30'),
(955, 0, '1990-05-31'),
(956, 0, '1990-06-01'),
(957, 0, '1990-06-02'),
(958, 0, '1990-06-03'),
(959, 0, '1990-06-04'),
(960, 0, '1990-06-05'),
(961, 0, '1990-06-06'),
(962, 0, '1990-06-07'),
(963, 0, '1990-06-08'),
(964, 0, '1990-06-09'),
(965, 0, '1990-06-10'),
(966, 0, '1990-06-11'),
(967, 0, '1990-06-12'),
(968, 0, '1990-06-13'),
(969, 0, '1990-06-14'),
(970, 0, '1990-06-15'),
(971, 0, '1990-06-16'),
(972, 0, '1990-06-17'),
(973, 0, '1990-06-18'),
(974, 0, '1990-06-19'),
(975, 0, '1990-06-20'),
(976, 0, '1990-06-21'),
(977, 0, '1990-06-22'),
(978, 0, '1990-06-23'),
(979, 0, '1990-06-24'),
(980, 0, '1990-06-25'),
(981, 0, '1990-06-26'),
(982, 0, '1990-06-27'),
(983, 0, '1990-06-28'),
(984, 0, '1990-06-29'),
(985, 0, '1990-06-30'),
(986, 0, '1990-07-01'),
(987, 0, '1990-07-02'),
(988, 0, '1990-07-03'),
(989, 0, '1990-07-04'),
(990, 0, '1990-07-05'),
(991, 0, '1990-07-06'),
(992, 0, '1990-07-07'),
(993, 0, '1990-07-08'),
(994, 0, '1990-07-09'),
(995, 0, '1990-07-10'),
(996, 0, '1990-07-11'),
(997, 0, '1990-07-12'),
(998, 0, '1990-07-13'),
(999, 0, '1990-07-14'),
(1000, 0, '1990-07-15'),
(1001, 0, '1990-07-16'),
(1002, 0, '1990-07-17'),
(1003, 0, '1990-07-18'),
(1004, 0, '1990-07-19'),
(1005, 0, '1990-07-20'),
(1006, 0, '1990-07-21'),
(1007, 0, '1990-07-22'),
(1008, 0, '1990-07-23'),
(1009, 0, '1990-07-24'),
(1010, 0, '1990-07-25'),
(1011, 0, '1990-07-26'),
(1012, 0, '1990-07-27'),
(1013, 0, '1990-07-28'),
(1014, 0, '1990-07-29'),
(1015, 0, '1990-07-30'),
(1016, 0, '1990-07-31'),
(1017, 0, '1990-08-01'),
(1018, 0, '1990-08-02'),
(1019, 0, '1990-08-03'),
(1020, 0, '1990-08-04'),
(1021, 0, '1990-08-05'),
(1022, 0, '1990-08-06'),
(1023, 0, '1990-08-07'),
(1024, 0, '1990-08-08'),
(1025, 0, '1990-08-09'),
(1026, 0, '1990-08-10'),
(1027, 0, '1990-08-11'),
(1028, 0, '1990-08-12'),
(1029, 0, '1990-08-13'),
(1030, 0, '1990-08-14'),
(1031, 0, '1990-08-15'),
(1032, 0, '1990-08-16'),
(1033, 0, '1990-08-17'),
(1034, 0, '1990-08-18'),
(1035, 0, '1990-08-19'),
(1036, 0, '1990-08-20'),
(1037, 0, '1990-08-21'),
(1038, 0, '1990-08-22'),
(1039, 0, '1990-08-23'),
(1040, 0, '1990-08-24'),
(1041, 0, '1990-08-25'),
(1042, 0, '1990-08-26'),
(1043, 0, '1990-08-27'),
(1044, 0, '1990-08-28'),
(1045, 0, '1990-08-29'),
(1046, 0, '1990-08-30'),
(1047, 0, '1990-08-31'),
(1048, 0, '1990-09-01'),
(1049, 0, '1990-09-02'),
(1050, 0, '1990-09-03'),
(1051, 0, '1990-09-04'),
(1052, 0, '1990-09-05'),
(1053, 0, '1990-09-06'),
(1054, 0, '1990-09-07'),
(1055, 0, '1990-09-08'),
(1056, 0, '1990-09-09'),
(1057, 0, '1990-09-10'),
(1058, 0, '1990-09-11'),
(1059, 0, '1990-09-12'),
(1060, 0, '1990-09-13'),
(1061, 0, '1990-09-14'),
(1062, 0, '1990-09-15'),
(1063, 0, '1990-09-16'),
(1064, 0, '1990-09-17'),
(1065, 0, '1990-09-18'),
(1066, 0, '1990-09-19'),
(1067, 0, '1990-09-20'),
(1068, 0, '1990-09-21'),
(1069, 0, '1990-09-22'),
(1070, 0, '1990-09-23'),
(1071, 0, '1990-09-24'),
(1072, 0, '1990-09-25'),
(1073, 0, '1990-09-26'),
(1074, 0, '1990-09-27'),
(1075, 0, '1990-09-28'),
(1076, 0, '1990-09-29'),
(1077, 0, '1990-09-30'),
(1078, 0, '1990-10-01'),
(1079, 0, '1990-10-02'),
(1080, 0, '1990-10-03'),
(1081, 0, '1990-10-04'),
(1082, 0, '1990-10-05'),
(1083, 0, '1990-10-06'),
(1084, 0, '1990-10-07'),
(1085, 0, '1990-10-08'),
(1086, 0, '1990-10-09'),
(1087, 0, '1990-10-10'),
(1088, 0, '1990-10-11'),
(1089, 0, '1990-10-12'),
(1090, 0, '1990-10-13'),
(1091, 0, '1990-10-14'),
(1092, 0, '1990-10-15'),
(1093, 0, '1990-10-16'),
(1094, 0, '1990-10-17'),
(1095, 0, '1990-10-18'),
(1096, 0, '1990-10-19'),
(1097, 0, '1990-10-20'),
(1098, 0, '1990-10-21'),
(1099, 0, '1990-10-22'),
(1100, 0, '1990-10-23'),
(1101, 0, '1990-10-24'),
(1102, 0, '1990-10-25'),
(1103, 0, '1990-10-26'),
(1104, 0, '1990-10-27'),
(1105, 0, '1990-10-28'),
(1106, 0, '1990-10-29'),
(1107, 0, '1990-10-30'),
(1108, 0, '1990-10-31'),
(1109, 0, '1990-11-01'),
(1110, 0, '1990-11-02'),
(1111, 0, '1990-11-03'),
(1112, 0, '1990-11-04'),
(1113, 0, '1990-11-05'),
(1114, 0, '1990-11-06'),
(1115, 0, '1990-11-07'),
(1116, 0, '1990-11-08'),
(1117, 0, '1990-11-09'),
(1118, 0, '1990-11-10'),
(1119, 0, '1990-11-11'),
(1120, 0, '1990-11-12'),
(1121, 0, '1990-11-13'),
(1122, 0, '1990-11-14'),
(1123, 0, '1990-11-15'),
(1124, 0, '1990-11-16'),
(1125, 0, '1990-11-17'),
(1126, 0, '1990-11-18'),
(1127, 0, '1990-11-19'),
(1128, 0, '1990-11-20'),
(1129, 0, '1990-11-21'),
(1130, 0, '1990-11-22'),
(1131, 0, '1990-11-23'),
(1132, 0, '1990-11-24'),
(1133, 0, '1990-11-25'),
(1134, 0, '1990-11-26'),
(1135, 0, '1990-11-27'),
(1136, 0, '1990-11-28'),
(1137, 0, '1990-11-29'),
(1138, 0, '1990-11-30'),
(1139, 0, '1990-12-01'),
(1140, 0, '1990-12-02'),
(1141, 0, '1990-12-03'),
(1142, 0, '1990-12-04'),
(1143, 0, '1990-12-05'),
(1144, 0, '1990-12-06'),
(1145, 0, '1990-12-07'),
(1146, 0, '1990-12-08'),
(1147, 0, '1990-12-09'),
(1148, 0, '1990-12-10'),
(1149, 0, '1990-12-11'),
(1150, 0, '1990-12-12'),
(1151, 0, '1990-12-13'),
(1152, 0, '1990-12-14'),
(1153, 0, '1990-12-15'),
(1154, 0, '1990-12-16'),
(1155, 0, '1990-12-17'),
(1156, 0, '1990-12-18'),
(1157, 0, '1990-12-19'),
(1158, 0, '1990-12-20'),
(1159, 0, '1990-12-21'),
(1160, 0, '1990-12-22'),
(1161, 0, '1990-12-23'),
(1162, 0, '1990-12-24'),
(1163, 0, '1990-12-25'),
(1164, 0, '1990-12-26'),
(1165, 0, '1990-12-27'),
(1166, 0, '1990-12-28'),
(1167, 0, '1990-12-29'),
(1168, 0, '1990-12-30'),
(1169, 0, '1990-12-31'),
(1170, 0, '1991-01-01'),
(1171, 0, '1991-01-02'),
(1172, 0, '1991-01-03'),
(1173, 0, '1991-01-04'),
(1174, 0, '1991-01-05'),
(1175, 0, '1991-01-06'),
(1176, 0, '1991-01-07'),
(1177, 0, '1991-01-08'),
(1178, 0, '1991-01-09'),
(1179, 0, '1991-01-10'),
(1180, 0, '1991-01-11'),
(1181, 0, '1991-01-12'),
(1182, 0, '1991-01-13'),
(1183, 0, '1991-01-14'),
(1184, 0, '1991-01-15'),
(1185, 0, '1991-01-16'),
(1186, 0, '1991-01-17'),
(1187, 0, '1991-01-18'),
(1188, 0, '1991-01-19'),
(1189, 0, '1991-01-20'),
(1190, 0, '1991-01-21'),
(1191, 0, '1991-01-22'),
(1192, 0, '1991-01-23'),
(1193, 0, '1991-01-24'),
(1194, 0, '1991-01-25'),
(1195, 0, '1991-01-26'),
(1196, 0, '1991-01-27'),
(1197, 0, '1991-01-28'),
(1198, 0, '1991-01-29'),
(1199, 0, '1991-01-30'),
(1200, 0, '1991-01-31'),
(1201, 0, '1991-02-01'),
(1202, 0, '1991-02-02'),
(1203, 0, '1991-02-03'),
(1204, 0, '1991-02-04'),
(1205, 0, '1991-02-05'),
(1206, 0, '1991-02-06'),
(1207, 0, '1991-02-07'),
(1208, 0, '1991-02-08'),
(1209, 0, '1991-02-09'),
(1210, 0, '1991-02-10'),
(1211, 0, '1991-02-11'),
(1212, 0, '1991-02-12'),
(1213, 0, '1991-02-13'),
(1214, 0, '1991-02-14'),
(1215, 0, '1991-02-15'),
(1216, 0, '1991-02-16'),
(1217, 0, '1991-02-17'),
(1218, 0, '1991-02-18'),
(1219, 0, '1991-02-19'),
(1220, 0, '1991-02-20'),
(1221, 0, '1991-02-21'),
(1222, 0, '1991-02-22'),
(1223, 0, '1991-02-23'),
(1224, 0, '1991-02-24'),
(1225, 0, '1991-02-25'),
(1226, 0, '1991-02-26'),
(1227, 0, '1991-02-27'),
(1228, 0, '1991-02-28'),
(1229, 0, '1991-03-01'),
(1230, 0, '1991-03-02'),
(1231, 0, '1991-03-03'),
(1232, 0, '1991-03-04'),
(1233, 0, '1991-03-05'),
(1234, 0, '1991-03-06'),
(1235, 0, '1991-03-07'),
(1236, 0, '1991-03-08'),
(1237, 0, '1991-03-09'),
(1238, 0, '1991-03-10'),
(1239, 0, '1991-03-11'),
(1240, 0, '1991-03-12'),
(1241, 0, '1991-03-13'),
(1242, 0, '1991-03-14'),
(1243, 0, '1991-03-15'),
(1244, 0, '1991-03-16'),
(1245, 0, '1991-03-17'),
(1246, 0, '1991-03-18'),
(1247, 0, '1991-03-19'),
(1248, 0, '1991-03-20'),
(1249, 0, '1991-03-21'),
(1250, 0, '1991-03-22'),
(1251, 0, '1991-03-23'),
(1252, 0, '1991-03-24'),
(1253, 0, '1991-03-25'),
(1254, 0, '1991-03-26'),
(1255, 0, '1991-03-27'),
(1256, 0, '1991-03-28'),
(1257, 0, '1991-03-29'),
(1258, 0, '1991-03-30'),
(1259, 0, '1991-03-31'),
(1260, 0, '1991-04-01'),
(1261, 0, '1991-04-02'),
(1262, 0, '1991-04-03'),
(1263, 0, '1991-04-04'),
(1264, 0, '1991-04-05'),
(1265, 0, '1991-04-06'),
(1266, 0, '1991-04-07'),
(1267, 0, '1991-04-08'),
(1268, 0, '1991-04-09'),
(1269, 0, '1991-04-10'),
(1270, 0, '1991-04-11'),
(1271, 0, '1991-04-12'),
(1272, 0, '1991-04-13'),
(1273, 0, '1991-04-14'),
(1274, 0, '1991-04-15'),
(1275, 0, '1991-04-16'),
(1276, 0, '1991-04-17'),
(1277, 0, '1991-04-18'),
(1278, 0, '1991-04-19'),
(1279, 0, '1991-04-20'),
(1280, 0, '1991-04-21'),
(1281, 0, '1991-04-22'),
(1282, 0, '1991-04-23'),
(1283, 0, '1991-04-24'),
(1284, 0, '1991-04-25'),
(1285, 0, '1991-04-26'),
(1286, 0, '1991-04-27'),
(1287, 0, '1991-04-28'),
(1288, 0, '1991-04-29'),
(1289, 0, '1991-04-30'),
(1290, 0, '1991-05-01'),
(1291, 0, '1991-05-02'),
(1292, 0, '1991-05-03'),
(1293, 0, '1991-05-04'),
(1294, 0, '1991-05-05'),
(1295, 0, '1991-05-06'),
(1296, 0, '1991-05-07'),
(1297, 0, '1991-05-08'),
(1298, 0, '1991-05-09'),
(1299, 0, '1991-05-10'),
(1300, 0, '1991-05-11'),
(1301, 0, '1991-05-12'),
(1302, 0, '1991-05-13'),
(1303, 0, '1991-05-14'),
(1304, 0, '1991-05-15'),
(1305, 0, '1991-05-16'),
(1306, 0, '1991-05-17'),
(1307, 0, '1991-05-18'),
(1308, 0, '1991-05-19'),
(1309, 0, '1991-05-20'),
(1310, 0, '1991-05-21'),
(1311, 0, '1991-05-22'),
(1312, 0, '1991-05-23'),
(1313, 0, '1991-05-24'),
(1314, 0, '1991-05-25'),
(1315, 0, '1991-05-26'),
(1316, 0, '1991-05-27'),
(1317, 0, '1991-05-28'),
(1318, 0, '1991-05-29'),
(1319, 0, '1991-05-30'),
(1320, 0, '1991-05-31'),
(1321, 0, '1991-06-01'),
(1322, 0, '1991-06-02'),
(1323, 0, '1991-06-03'),
(1324, 0, '1991-06-04'),
(1325, 0, '1991-06-05'),
(1326, 0, '1991-06-06'),
(1327, 0, '1991-06-07'),
(1328, 0, '1991-06-08'),
(1329, 0, '1991-06-09'),
(1330, 0, '1991-06-10'),
(1331, 0, '1991-06-11'),
(1332, 0, '1991-06-12'),
(1333, 0, '1991-06-13'),
(1334, 0, '1991-06-14'),
(1335, 0, '1991-06-15'),
(1336, 0, '1991-06-16'),
(1337, 0, '1991-06-17'),
(1338, 0, '1991-06-18'),
(1339, 0, '1991-06-19'),
(1340, 0, '1991-06-20'),
(1341, 0, '1991-06-21'),
(1342, 0, '1991-06-22'),
(1343, 0, '1991-06-23'),
(1344, 0, '1991-06-24'),
(1345, 0, '1991-06-25'),
(1346, 0, '1991-06-26'),
(1347, 0, '1991-06-27'),
(1348, 0, '1991-06-28'),
(1349, 0, '1991-06-29'),
(1350, 0, '1991-06-30'),
(1351, 0, '1991-07-01'),
(1352, 0, '1991-07-02'),
(1353, 0, '1991-07-03'),
(1354, 0, '1991-07-04'),
(1355, 0, '1991-07-05'),
(1356, 0, '1991-07-06'),
(1357, 0, '1991-07-07'),
(1358, 0, '1991-07-08'),
(1359, 0, '1991-07-09'),
(1360, 0, '1991-07-10'),
(1361, 0, '1991-07-11'),
(1362, 0, '1991-07-12'),
(1363, 0, '1991-07-13'),
(1364, 0, '1991-07-14'),
(1365, 0, '1991-07-15'),
(1366, 0, '1991-07-16'),
(1367, 0, '1991-07-17'),
(1368, 0, '1991-07-18'),
(1369, 0, '1991-07-19'),
(1370, 0, '1991-07-20'),
(1371, 0, '1991-07-21'),
(1372, 0, '1991-07-22'),
(1373, 0, '1991-07-23'),
(1374, 0, '1991-07-24'),
(1375, 0, '1991-07-25'),
(1376, 0, '1991-07-26'),
(1377, 0, '1991-07-27'),
(1378, 0, '1991-07-28'),
(1379, 0, '1991-07-29'),
(1380, 0, '1991-07-30'),
(1381, 0, '1991-07-31'),
(1382, 0, '1991-08-01'),
(1383, 0, '1991-08-02'),
(1384, 0, '1991-08-03'),
(1385, 0, '1991-08-04'),
(1386, 0, '1991-08-05'),
(1387, 0, '1991-08-06'),
(1388, 0, '1991-08-07'),
(1389, 0, '1991-08-08'),
(1390, 0, '1991-08-09'),
(1391, 0, '1991-08-10'),
(1392, 0, '1991-08-11'),
(1393, 0, '1991-08-12'),
(1394, 0, '1991-08-13'),
(1395, 0, '1991-08-14'),
(1396, 0, '1991-08-15'),
(1397, 0, '1991-08-16'),
(1398, 0, '1991-08-17'),
(1399, 0, '1991-08-18'),
(1400, 0, '1991-08-19'),
(1401, 0, '1991-08-20'),
(1402, 0, '1991-08-21'),
(1403, 0, '1991-08-22'),
(1404, 0, '1991-08-23'),
(1405, 0, '1991-08-24'),
(1406, 0, '1991-08-25'),
(1407, 0, '1991-08-26'),
(1408, 0, '1991-08-27'),
(1409, 0, '1991-08-28'),
(1410, 0, '1991-08-29'),
(1411, 0, '1991-08-30'),
(1412, 0, '1991-08-31'),
(1413, 0, '1991-09-01'),
(1414, 0, '1991-09-02'),
(1415, 0, '1991-09-03'),
(1416, 0, '1991-09-04'),
(1417, 0, '1991-09-05'),
(1418, 0, '1991-09-06'),
(1419, 0, '1991-09-07'),
(1420, 0, '1991-09-08'),
(1421, 0, '1991-09-09'),
(1422, 0, '1991-09-10'),
(1423, 0, '1991-09-11'),
(1424, 0, '1991-09-12'),
(1425, 0, '1991-09-13'),
(1426, 0, '1991-09-14'),
(1427, 0, '1991-09-15'),
(1428, 0, '1991-09-16'),
(1429, 0, '1991-09-17'),
(1430, 0, '1991-09-18'),
(1431, 0, '1991-09-19'),
(1432, 0, '1991-09-20'),
(1433, 0, '1991-09-21'),
(1434, 0, '1991-09-22'),
(1435, 0, '1991-09-23'),
(1436, 0, '1991-09-24'),
(1437, 0, '1991-09-25'),
(1438, 0, '1991-09-26'),
(1439, 0, '1991-09-27'),
(1440, 0, '1991-09-28'),
(1441, 0, '1991-09-29'),
(1442, 0, '1991-09-30'),
(1443, 0, '1991-10-01'),
(1444, 0, '1991-10-02'),
(1445, 0, '1991-10-03'),
(1446, 0, '1991-10-04'),
(1447, 0, '1991-10-05'),
(1448, 0, '1991-10-06'),
(1449, 0, '1991-10-07'),
(1450, 0, '1991-10-08'),
(1451, 0, '1991-10-09'),
(1452, 0, '1991-10-10'),
(1453, 0, '1991-10-11'),
(1454, 0, '1991-10-12'),
(1455, 0, '1991-10-13'),
(1456, 0, '1991-10-14'),
(1457, 0, '1991-10-15'),
(1458, 0, '1991-10-16'),
(1459, 0, '1991-10-17'),
(1460, 0, '1991-10-18'),
(1461, 0, '1991-10-19'),
(1462, 0, '1991-10-20'),
(1463, 0, '1991-10-21'),
(1464, 0, '1991-10-22'),
(1465, 0, '1991-10-23'),
(1466, 0, '1991-10-24'),
(1467, 0, '1991-10-25'),
(1468, 0, '1991-10-26'),
(1469, 0, '1991-10-27'),
(1470, 0, '1991-10-28'),
(1471, 0, '1991-10-29'),
(1472, 0, '1991-10-30'),
(1473, 0, '1991-10-31'),
(1474, 0, '1991-11-01'),
(1475, 0, '1991-11-02'),
(1476, 0, '1991-11-03'),
(1477, 0, '1991-11-04'),
(1478, 0, '1991-11-05'),
(1479, 0, '1991-11-06'),
(1480, 0, '1991-11-07'),
(1481, 0, '1991-11-08'),
(1482, 0, '1991-11-09'),
(1483, 0, '1991-11-10'),
(1484, 0, '1991-11-11'),
(1485, 0, '1991-11-12'),
(1486, 0, '1991-11-13'),
(1487, 0, '1991-11-14'),
(1488, 0, '1991-11-15'),
(1489, 0, '1991-11-16'),
(1490, 0, '1991-11-17'),
(1491, 0, '1991-11-18'),
(1492, 0, '1991-11-19'),
(1493, 0, '1991-11-20'),
(1494, 0, '1991-11-21'),
(1495, 0, '1991-11-22'),
(1496, 0, '1991-11-23'),
(1497, 0, '1991-11-24'),
(1498, 0, '1991-11-25'),
(1499, 0, '1991-11-26'),
(1500, 0, '1991-11-27'),
(1501, 0, '1991-11-28'),
(1502, 0, '1991-11-29'),
(1503, 0, '1991-11-30'),
(1504, 0, '1991-12-01'),
(1505, 0, '1991-12-02'),
(1506, 0, '1991-12-03'),
(1507, 0, '1991-12-04'),
(1508, 0, '1991-12-05'),
(1509, 0, '1991-12-06'),
(1510, 0, '1991-12-07'),
(1511, 0, '1991-12-08'),
(1512, 0, '1991-12-09'),
(1513, 0, '1991-12-10'),
(1514, 0, '1991-12-11'),
(1515, 0, '1991-12-12'),
(1516, 0, '1991-12-13'),
(1517, 0, '1991-12-14'),
(1518, 0, '1991-12-15'),
(1519, 0, '1991-12-16'),
(1520, 0, '1991-12-17'),
(1521, 0, '1991-12-18'),
(1522, 0, '1991-12-19'),
(1523, 0, '1991-12-20'),
(1524, 0, '1991-12-21'),
(1525, 0, '1991-12-22'),
(1526, 0, '1991-12-23'),
(1527, 0, '1991-12-24'),
(1528, 0, '1991-12-25'),
(1529, 0, '1991-12-26'),
(1530, 0, '1991-12-27'),
(1531, 0, '1991-12-28'),
(1532, 0, '1991-12-29'),
(1533, 0, '1991-12-30'),
(1534, 0, '1991-12-31'),
(1535, 0, '1992-01-01'),
(1536, 0, '1992-01-02'),
(1537, 0, '1992-01-03'),
(1538, 0, '1992-01-04'),
(1539, 0, '1992-01-05'),
(1540, 0, '1992-01-06'),
(1541, 0, '1992-01-07'),
(1542, 0, '1992-01-08'),
(1543, 0, '1992-01-09'),
(1544, 0, '1992-01-10'),
(1545, 0, '1992-01-11'),
(1546, 0, '1992-01-12'),
(1547, 0, '1992-01-13'),
(1548, 0, '1992-01-14'),
(1549, 0, '1992-01-15'),
(1550, 0, '1992-01-16'),
(1551, 0, '1992-01-17'),
(1552, 0, '1992-01-18'),
(1553, 0, '1992-01-19'),
(1554, 0, '1992-01-20'),
(1555, 0, '1992-01-21'),
(1556, 0, '1992-01-22'),
(1557, 0, '1992-01-23'),
(1558, 0, '1992-01-24'),
(1559, 0, '1992-01-25'),
(1560, 0, '1992-01-26'),
(1561, 0, '1992-01-27'),
(1562, 0, '1992-01-28'),
(1563, 0, '1992-01-29'),
(1564, 0, '1992-01-30'),
(1565, 0, '1992-01-31'),
(1566, 0, '1992-02-01'),
(1567, 0, '1992-02-02'),
(1568, 0, '1992-02-03'),
(1569, 0, '1992-02-04'),
(1570, 0, '1992-02-05'),
(1571, 0, '1992-02-06'),
(1572, 0, '1992-02-07'),
(1573, 0, '1992-02-08'),
(1574, 0, '1992-02-09'),
(1575, 0, '1992-02-10'),
(1576, 0, '1992-02-11'),
(1577, 0, '1992-02-12'),
(1578, 0, '1992-02-13'),
(1579, 0, '1992-02-14'),
(1580, 0, '1992-02-15'),
(1581, 0, '1992-02-16'),
(1582, 0, '1992-02-17'),
(1583, 0, '1992-02-18'),
(1584, 0, '1992-02-19'),
(1585, 0, '1992-02-20'),
(1586, 0, '1992-02-21'),
(1587, 0, '1992-02-22'),
(1588, 0, '1992-02-23'),
(1589, 0, '1992-02-24'),
(1590, 0, '1992-02-25'),
(1591, 0, '1992-02-26'),
(1592, 0, '1992-02-27'),
(1593, 0, '1992-02-28'),
(1594, 0, '1992-02-29'),
(1595, 0, '1992-03-01'),
(1596, 0, '1992-03-02'),
(1597, 0, '1992-03-03'),
(1598, 0, '1992-03-04'),
(1599, 0, '1992-03-05'),
(1600, 0, '1992-03-06'),
(1601, 0, '1992-03-07'),
(1602, 0, '1992-03-08'),
(1603, 0, '1992-03-09'),
(1604, 0, '1992-03-10'),
(1605, 0, '1992-03-11'),
(1606, 0, '1992-03-12'),
(1607, 0, '1992-03-13'),
(1608, 0, '1992-03-14'),
(1609, 0, '1992-03-15'),
(1610, 0, '1992-03-16'),
(1611, 0, '1992-03-17'),
(1612, 0, '1992-03-18'),
(1613, 0, '1992-03-19'),
(1614, 0, '1992-03-20'),
(1615, 0, '1992-03-21'),
(1616, 0, '1992-03-22'),
(1617, 0, '1992-03-23'),
(1618, 0, '1992-03-24'),
(1619, 0, '1992-03-25'),
(1620, 0, '1992-03-26'),
(1621, 0, '1992-03-27'),
(1622, 0, '1992-03-28'),
(1623, 0, '1992-03-29'),
(1624, 0, '1992-03-30'),
(1625, 0, '1992-03-31'),
(1626, 0, '1992-04-01'),
(1627, 0, '1992-04-02'),
(1628, 0, '1992-04-03'),
(1629, 0, '1992-04-04'),
(1630, 0, '1992-04-05'),
(1631, 0, '1992-04-06'),
(1632, 0, '1992-04-07'),
(1633, 0, '1992-04-08'),
(1634, 0, '1992-04-09'),
(1635, 0, '1992-04-10'),
(1636, 0, '1992-04-11'),
(1637, 0, '1992-04-12'),
(1638, 0, '1992-04-13'),
(1639, 0, '1992-04-14'),
(1640, 0, '1992-04-15'),
(1641, 0, '1992-04-16'),
(1642, 0, '1992-04-17'),
(1643, 0, '1992-04-18'),
(1644, 0, '1992-04-19'),
(1645, 0, '1992-04-20'),
(1646, 0, '1992-04-21'),
(1647, 0, '1992-04-22'),
(1648, 0, '1992-04-23'),
(1649, 0, '1992-04-24'),
(1650, 0, '1992-04-25'),
(1651, 0, '1992-04-26'),
(1652, 0, '1992-04-27'),
(1653, 0, '1992-04-28'),
(1654, 0, '1992-04-29'),
(1655, 0, '1992-04-30'),
(1656, 0, '1992-05-01'),
(1657, 0, '1992-05-02'),
(1658, 0, '1992-05-03'),
(1659, 0, '1992-05-04'),
(1660, 0, '1992-05-05'),
(1661, 0, '1992-05-06'),
(1662, 0, '1992-05-07'),
(1663, 0, '1992-05-08'),
(1664, 0, '1992-05-09'),
(1665, 0, '1992-05-10'),
(1666, 0, '1992-05-11'),
(1667, 0, '1992-05-12'),
(1668, 0, '1992-05-13'),
(1669, 0, '1992-05-14'),
(1670, 0, '1992-05-15'),
(1671, 0, '1992-05-16'),
(1672, 0, '1992-05-17'),
(1673, 0, '1992-05-18'),
(1674, 0, '1992-05-19'),
(1675, 0, '1992-05-20'),
(1676, 0, '1992-05-21'),
(1677, 0, '1992-05-22'),
(1678, 0, '1992-05-23'),
(1679, 0, '1992-05-24'),
(1680, 0, '1992-05-25'),
(1681, 0, '1992-05-26'),
(1682, 0, '1992-05-27'),
(1683, 0, '1992-05-28'),
(1684, 0, '1992-05-29'),
(1685, 0, '1992-05-30'),
(1686, 0, '1992-05-31'),
(1687, 0, '1992-06-01'),
(1688, 0, '1992-06-02'),
(1689, 0, '1992-06-03'),
(1690, 0, '1992-06-04'),
(1691, 0, '1992-06-05'),
(1692, 0, '1992-06-06'),
(1693, 0, '1992-06-07'),
(1694, 0, '1992-06-08'),
(1695, 0, '1992-06-09'),
(1696, 0, '1992-06-10'),
(1697, 0, '1992-06-11'),
(1698, 0, '1992-06-12'),
(1699, 0, '1992-06-13'),
(1700, 0, '1992-06-14'),
(1701, 0, '1992-06-15'),
(1702, 0, '1992-06-16'),
(1703, 0, '1992-06-17'),
(1704, 0, '1992-06-18'),
(1705, 0, '1992-06-19'),
(1706, 0, '1992-06-20'),
(1707, 0, '1992-06-21'),
(1708, 0, '1992-06-22'),
(1709, 0, '1992-06-23'),
(1710, 0, '1992-06-24'),
(1711, 0, '1992-06-25'),
(1712, 0, '1992-06-26'),
(1713, 0, '1992-06-27'),
(1714, 0, '1992-06-28'),
(1715, 0, '1992-06-29'),
(1716, 0, '1992-06-30'),
(1717, 0, '1992-07-01'),
(1718, 0, '1992-07-02'),
(1719, 0, '1992-07-03'),
(1720, 0, '1992-07-04'),
(1721, 0, '1992-07-05'),
(1722, 0, '1992-07-06'),
(1723, 0, '1992-07-07'),
(1724, 0, '1992-07-08'),
(1725, 0, '1992-07-09'),
(1726, 0, '1992-07-10'),
(1727, 0, '1992-07-11'),
(1728, 0, '1992-07-12'),
(1729, 0, '1992-07-13'),
(1730, 0, '1992-07-14'),
(1731, 0, '1992-07-15'),
(1732, 0, '1992-07-16'),
(1733, 0, '1992-07-17'),
(1734, 0, '1992-07-18'),
(1735, 0, '1992-07-19'),
(1736, 0, '1992-07-20'),
(1737, 0, '1992-07-21'),
(1738, 0, '1992-07-22'),
(1739, 0, '1992-07-23'),
(1740, 0, '1992-07-24'),
(1741, 0, '1992-07-25'),
(1742, 0, '1992-07-26'),
(1743, 0, '1992-07-27'),
(1744, 0, '1992-07-28'),
(1745, 0, '1992-07-29'),
(1746, 0, '1992-07-30'),
(1747, 0, '1992-07-31'),
(1748, 0, '1992-08-01'),
(1749, 0, '1992-08-02'),
(1750, 0, '1992-08-03'),
(1751, 0, '1992-08-04'),
(1752, 0, '1992-08-05'),
(1753, 0, '1992-08-06'),
(1754, 0, '1992-08-07'),
(1755, 0, '1992-08-08'),
(1756, 0, '1992-08-09'),
(1757, 0, '1992-08-10'),
(1758, 0, '1992-08-11'),
(1759, 0, '1992-08-12'),
(1760, 0, '1992-08-13'),
(1761, 0, '1992-08-14'),
(1762, 0, '1992-08-15'),
(1763, 0, '1992-08-16'),
(1764, 0, '1992-08-17'),
(1765, 0, '1992-08-18'),
(1766, 0, '1992-08-19'),
(1767, 0, '1992-08-20'),
(1768, 0, '1992-08-21'),
(1769, 0, '1992-08-22'),
(1770, 0, '1992-08-23'),
(1771, 0, '1992-08-24'),
(1772, 0, '1992-08-25'),
(1773, 0, '1992-08-26'),
(1774, 0, '1992-08-27'),
(1775, 0, '1992-08-28'),
(1776, 0, '1992-08-29'),
(1777, 0, '1992-08-30'),
(1778, 0, '1992-08-31'),
(1779, 0, '1992-09-01'),
(1780, 0, '1992-09-02'),
(1781, 0, '1992-09-03'),
(1782, 0, '1992-09-04'),
(1783, 0, '1992-09-05'),
(1784, 0, '1992-09-06'),
(1785, 0, '1992-09-07'),
(1786, 0, '1992-09-08'),
(1787, 0, '1992-09-09'),
(1788, 0, '1992-09-10'),
(1789, 0, '1992-09-11'),
(1790, 0, '1992-09-12'),
(1791, 0, '1992-09-13'),
(1792, 0, '1992-09-14'),
(1793, 0, '1992-09-15'),
(1794, 0, '1992-09-16'),
(1795, 0, '1992-09-17'),
(1796, 0, '1992-09-18'),
(1797, 0, '1992-09-19'),
(1798, 0, '1992-09-20'),
(1799, 0, '1992-09-21'),
(1800, 0, '1992-09-22'),
(1801, 0, '1992-09-23'),
(1802, 0, '1992-09-24'),
(1803, 0, '1992-09-25'),
(1804, 0, '1992-09-26'),
(1805, 0, '1992-09-27'),
(1806, 0, '1992-09-28'),
(1807, 0, '1992-09-29'),
(1808, 0, '1992-09-30'),
(1809, 0, '1992-10-01'),
(1810, 0, '1992-10-02'),
(1811, 0, '1992-10-03'),
(1812, 0, '1992-10-04'),
(1813, 0, '1992-10-05'),
(1814, 0, '1992-10-06'),
(1815, 0, '1992-10-07'),
(1816, 0, '1992-10-08'),
(1817, 0, '1992-10-09'),
(1818, 0, '1992-10-10'),
(1819, 0, '1992-10-11'),
(1820, 0, '1992-10-12'),
(1821, 0, '1992-10-13'),
(1822, 0, '1992-10-14'),
(1823, 0, '1992-10-15'),
(1824, 0, '1992-10-16'),
(1825, 0, '1992-10-17'),
(1826, 0, '1992-10-18'),
(1827, 0, '1992-10-19'),
(1828, 0, '1992-10-20'),
(1829, 0, '1992-10-21'),
(1830, 0, '1992-10-22'),
(1831, 0, '1992-10-23'),
(1832, 0, '1992-10-24'),
(1833, 0, '1992-10-25'),
(1834, 0, '1992-10-26'),
(1835, 0, '1992-10-27'),
(1836, 0, '1992-10-28'),
(1837, 0, '1992-10-29'),
(1838, 0, '1992-10-30'),
(1839, 0, '1992-10-31'),
(1840, 0, '1992-11-01'),
(1841, 0, '1992-11-02'),
(1842, 0, '1992-11-03'),
(1843, 0, '1992-11-04'),
(1844, 0, '1992-11-05'),
(1845, 0, '1992-11-06'),
(1846, 0, '1992-11-07'),
(1847, 0, '1992-11-08'),
(1848, 0, '1992-11-09'),
(1849, 0, '1992-11-10'),
(1850, 0, '1992-11-11'),
(1851, 0, '1992-11-12'),
(1852, 0, '1992-11-13'),
(1853, 0, '1992-11-14'),
(1854, 0, '1992-11-15'),
(1855, 0, '1992-11-16'),
(1856, 0, '1992-11-17'),
(1857, 0, '1992-11-18'),
(1858, 0, '1992-11-19'),
(1859, 0, '1992-11-20'),
(1860, 0, '1992-11-21'),
(1861, 0, '1992-11-22'),
(1862, 0, '1992-11-23'),
(1863, 0, '1992-11-24'),
(1864, 0, '1992-11-25'),
(1865, 0, '1992-11-26'),
(1866, 0, '1992-11-27'),
(1867, 0, '1992-11-28'),
(1868, 0, '1992-11-29'),
(1869, 0, '1992-11-30'),
(1870, 0, '1992-12-01'),
(1871, 0, '1992-12-02'),
(1872, 0, '1992-12-03'),
(1873, 0, '1992-12-04'),
(1874, 0, '1992-12-05'),
(1875, 0, '1992-12-06'),
(1876, 0, '1992-12-07'),
(1877, 0, '1992-12-08'),
(1878, 0, '1992-12-09'),
(1879, 0, '1992-12-10'),
(1880, 0, '1992-12-11'),
(1881, 0, '1992-12-12'),
(1882, 0, '1992-12-13'),
(1883, 0, '1992-12-14'),
(1884, 0, '1992-12-15'),
(1885, 0, '1992-12-16'),
(1886, 0, '1992-12-17'),
(1887, 0, '1992-12-18'),
(1888, 0, '1992-12-19'),
(1889, 0, '1992-12-20'),
(1890, 0, '1992-12-21'),
(1891, 0, '1992-12-22'),
(1892, 0, '1992-12-23'),
(1893, 0, '1992-12-24'),
(1894, 0, '1992-12-25'),
(1895, 0, '1992-12-26'),
(1896, 0, '1992-12-27'),
(1897, 0, '1992-12-28'),
(1898, 0, '1992-12-29'),
(1899, 0, '1992-12-30'),
(1900, 0, '1992-12-31'),
(1901, 0, '1993-01-01'),
(1902, 0, '1993-01-02'),
(1903, 0, '1993-01-03'),
(1904, 0, '1993-01-04'),
(1905, 0, '1993-01-05'),
(1906, 0, '1993-01-06'),
(1907, 0, '1993-01-07'),
(1908, 0, '1993-01-08'),
(1909, 0, '1993-01-09'),
(1910, 0, '1993-01-10'),
(1911, 0, '1993-01-11'),
(1912, 0, '1993-01-12'),
(1913, 0, '1993-01-13'),
(1914, 0, '1993-01-14'),
(1915, 0, '1993-01-15'),
(1916, 0, '1993-01-16'),
(1917, 0, '1993-01-17'),
(1918, 0, '1993-01-18'),
(1919, 0, '1993-01-19'),
(1920, 0, '1993-01-20'),
(1921, 0, '1993-01-21'),
(1922, 0, '1993-01-22'),
(1923, 0, '1993-01-23'),
(1924, 0, '1993-01-24'),
(1925, 0, '1993-01-25'),
(1926, 0, '1993-01-26'),
(1927, 0, '1993-01-27'),
(1928, 0, '1993-01-28'),
(1929, 0, '1993-01-29'),
(1930, 0, '1993-01-30'),
(1931, 0, '1993-01-31'),
(1932, 0, '1993-02-01'),
(1933, 0, '1993-02-02'),
(1934, 0, '1993-02-03'),
(1935, 0, '1993-02-04'),
(1936, 0, '1993-02-05'),
(1937, 0, '1993-02-06'),
(1938, 0, '1993-02-07'),
(1939, 0, '1993-02-08'),
(1940, 0, '1993-02-09'),
(1941, 0, '1993-02-10'),
(1942, 0, '1993-02-11'),
(1943, 0, '1993-02-12'),
(1944, 0, '1993-02-13'),
(1945, 0, '1993-02-14'),
(1946, 0, '1993-02-15'),
(1947, 0, '1993-02-16'),
(1948, 0, '1993-02-17'),
(1949, 0, '1993-02-18'),
(1950, 0, '1993-02-19'),
(1951, 0, '1993-02-20'),
(1952, 0, '1993-02-21'),
(1953, 0, '1993-02-22'),
(1954, 0, '1993-02-23'),
(1955, 0, '1993-02-24'),
(1956, 0, '1993-02-25'),
(1957, 0, '1993-02-26'),
(1958, 0, '1993-02-27'),
(1959, 0, '1993-02-28'),
(1960, 0, '1993-03-01'),
(1961, 0, '1993-03-02'),
(1962, 0, '1993-03-03'),
(1963, 0, '1993-03-04'),
(1964, 0, '1993-03-05'),
(1965, 0, '1993-03-06'),
(1966, 0, '1993-03-07'),
(1967, 0, '1993-03-08'),
(1968, 0, '1993-03-09'),
(1969, 0, '1993-03-10'),
(1970, 0, '1993-03-11'),
(1971, 0, '1993-03-12'),
(1972, 0, '1993-03-13'),
(1973, 0, '1993-03-14'),
(1974, 0, '1993-03-15'),
(1975, 0, '1993-03-16'),
(1976, 0, '1993-03-17'),
(1977, 0, '1993-03-18'),
(1978, 0, '1993-03-19'),
(1979, 0, '1993-03-20'),
(1980, 0, '1993-03-21'),
(1981, 0, '1993-03-22'),
(1982, 0, '1993-03-23'),
(1983, 0, '1993-03-24'),
(1984, 0, '1993-03-25'),
(1985, 0, '1993-03-26'),
(1986, 0, '1993-03-27'),
(1987, 0, '1993-03-28'),
(1988, 0, '1993-03-29'),
(1989, 0, '1993-03-30'),
(1990, 0, '1993-03-31'),
(1991, 0, '1993-04-01'),
(1992, 0, '1993-04-02'),
(1993, 0, '1993-04-03'),
(1994, 0, '1993-04-04'),
(1995, 0, '1993-04-05'),
(1996, 0, '1993-04-06'),
(1997, 0, '1993-04-07'),
(1998, 0, '1993-04-08'),
(1999, 0, '1993-04-09'),
(2000, 0, '1993-04-10'),
(2001, 0, '1993-04-11'),
(2002, 0, '1993-04-12'),
(2003, 0, '1993-04-13'),
(2004, 0, '1993-04-14'),
(2005, 0, '1993-04-15'),
(2006, 0, '1993-04-16'),
(2007, 0, '1993-04-17'),
(2008, 0, '1993-04-18'),
(2009, 0, '1993-04-19'),
(2010, 0, '1993-04-20'),
(2011, 0, '1993-04-21'),
(2012, 0, '1993-04-22'),
(2013, 0, '1993-04-23'),
(2014, 0, '1993-04-24'),
(2015, 0, '1993-04-25'),
(2016, 0, '1993-04-26'),
(2017, 0, '1993-04-27'),
(2018, 0, '1993-04-28'),
(2019, 0, '1993-04-29'),
(2020, 0, '1993-04-30'),
(2021, 0, '1993-05-01'),
(2022, 0, '1993-05-02'),
(2023, 0, '1993-05-03'),
(2024, 0, '1993-05-04'),
(2025, 0, '1993-05-05'),
(2026, 0, '1993-05-06'),
(2027, 0, '1993-05-07'),
(2028, 0, '1993-05-08'),
(2029, 0, '1993-05-09'),
(2030, 0, '1993-05-10'),
(2031, 0, '1993-05-11'),
(2032, 0, '1993-05-12'),
(2033, 0, '1993-05-13'),
(2034, 0, '1993-05-14'),
(2035, 0, '1993-05-15'),
(2036, 0, '1993-05-16'),
(2037, 0, '1993-05-17'),
(2038, 0, '1993-05-18'),
(2039, 0, '1993-05-19'),
(2040, 0, '1993-05-20'),
(2041, 0, '1993-05-21'),
(2042, 0, '1993-05-22'),
(2043, 0, '1993-05-23'),
(2044, 0, '1993-05-24'),
(2045, 0, '1993-05-25'),
(2046, 0, '1993-05-26'),
(2047, 0, '1993-05-27'),
(2048, 0, '1993-05-28'),
(2049, 0, '1993-05-29'),
(2050, 0, '1993-05-30'),
(2051, 0, '1993-05-31'),
(2052, 0, '1993-06-01'),
(2053, 0, '1993-06-02'),
(2054, 0, '1993-06-03'),
(2055, 0, '1993-06-04'),
(2056, 0, '1993-06-05'),
(2057, 0, '1993-06-06'),
(2058, 0, '1993-06-07'),
(2059, 0, '1993-06-08'),
(2060, 0, '1993-06-09'),
(2061, 0, '1993-06-10'),
(2062, 0, '1993-06-11'),
(2063, 0, '1993-06-12'),
(2064, 0, '1993-06-13'),
(2065, 0, '1993-06-14'),
(2066, 0, '1993-06-15'),
(2067, 0, '1993-06-16'),
(2068, 0, '1993-06-17'),
(2069, 0, '1993-06-18'),
(2070, 0, '1993-06-19'),
(2071, 0, '1993-06-20'),
(2072, 0, '1993-06-21'),
(2073, 0, '1993-06-22'),
(2074, 0, '1993-06-23'),
(2075, 0, '1993-06-24'),
(2076, 0, '1993-06-25'),
(2077, 0, '1993-06-26'),
(2078, 0, '1993-06-27'),
(2079, 0, '1993-06-28'),
(2080, 0, '1993-06-29'),
(2081, 0, '1993-06-30'),
(2082, 0, '1993-07-01'),
(2083, 0, '1993-07-02'),
(2084, 0, '1993-07-03'),
(2085, 0, '1993-07-04'),
(2086, 0, '1993-07-05'),
(2087, 0, '1993-07-06'),
(2088, 0, '1993-07-07'),
(2089, 0, '1993-07-08'),
(2090, 0, '1993-07-09'),
(2091, 0, '1993-07-10'),
(2092, 0, '1993-07-11'),
(2093, 0, '1993-07-12'),
(2094, 0, '1993-07-13'),
(2095, 0, '1993-07-14'),
(2096, 0, '1993-07-15'),
(2097, 0, '1993-07-16'),
(2098, 0, '1993-07-17'),
(2099, 0, '1993-07-18'),
(2100, 0, '1993-07-19'),
(2101, 0, '1993-07-20'),
(2102, 0, '1993-07-21'),
(2103, 0, '1993-07-22'),
(2104, 0, '1993-07-23'),
(2105, 0, '1993-07-24'),
(2106, 0, '1993-07-25'),
(2107, 0, '1993-07-26'),
(2108, 0, '1993-07-27'),
(2109, 0, '1993-07-28'),
(2110, 0, '1993-07-29'),
(2111, 0, '1993-07-30'),
(2112, 0, '1993-07-31'),
(2113, 0, '1993-08-01'),
(2114, 0, '1993-08-02'),
(2115, 0, '1993-08-03'),
(2116, 0, '1993-08-04'),
(2117, 0, '1993-08-05'),
(2118, 0, '1993-08-06'),
(2119, 0, '1993-08-07'),
(2120, 0, '1993-08-08'),
(2121, 0, '1993-08-09'),
(2122, 0, '1993-08-10'),
(2123, 0, '1993-08-11'),
(2124, 0, '1993-08-12'),
(2125, 0, '1993-08-13'),
(2126, 0, '1993-08-14'),
(2127, 0, '1993-08-15'),
(2128, 0, '1993-08-16'),
(2129, 0, '1993-08-17'),
(2130, 0, '1993-08-18'),
(2131, 0, '1993-08-19'),
(2132, 0, '1993-08-20'),
(2133, 0, '1993-08-21'),
(2134, 0, '1993-08-22'),
(2135, 0, '1993-08-23'),
(2136, 0, '1993-08-24'),
(2137, 0, '1993-08-25'),
(2138, 0, '1993-08-26'),
(2139, 0, '1993-08-27'),
(2140, 0, '1993-08-28'),
(2141, 0, '1993-08-29'),
(2142, 0, '1993-08-30'),
(2143, 0, '1993-08-31'),
(2144, 0, '1993-09-01'),
(2145, 0, '1993-09-02'),
(2146, 0, '1993-09-03'),
(2147, 0, '1993-09-04'),
(2148, 0, '1993-09-05'),
(2149, 0, '1993-09-06'),
(2150, 0, '1993-09-07'),
(2151, 0, '1993-09-08'),
(2152, 0, '1993-09-09'),
(2153, 0, '1993-09-10'),
(2154, 0, '1993-09-11'),
(2155, 0, '1993-09-12'),
(2156, 0, '1993-09-13'),
(2157, 0, '1993-09-14'),
(2158, 0, '1993-09-15'),
(2159, 0, '1993-09-16'),
(2160, 0, '1993-09-17'),
(2161, 0, '1993-09-18'),
(2162, 0, '1993-09-19'),
(2163, 0, '1993-09-20'),
(2164, 0, '1993-09-21'),
(2165, 0, '1993-09-22'),
(2166, 0, '1993-09-23'),
(2167, 0, '1993-09-24'),
(2168, 0, '1993-09-25'),
(2169, 0, '1993-09-26'),
(2170, 0, '1993-09-27'),
(2171, 0, '1993-09-28'),
(2172, 0, '1993-09-29'),
(2173, 0, '1993-09-30'),
(2174, 0, '1993-10-01'),
(2175, 0, '1993-10-02'),
(2176, 0, '1993-10-03'),
(2177, 0, '1993-10-04'),
(2178, 0, '1993-10-05'),
(2179, 0, '1993-10-06'),
(2180, 0, '1993-10-07'),
(2181, 0, '1993-10-08'),
(2182, 0, '1993-10-09'),
(2183, 0, '1993-10-10'),
(2184, 0, '1993-10-11'),
(2185, 0, '1993-10-12'),
(2186, 0, '1993-10-13'),
(2187, 0, '1993-10-14'),
(2188, 0, '1993-10-15'),
(2189, 0, '1993-10-16'),
(2190, 0, '1993-10-17'),
(2191, 0, '1993-10-18'),
(2192, 0, '1993-10-19'),
(2193, 0, '1993-10-20'),
(2194, 0, '1993-10-21'),
(2195, 0, '1993-10-22'),
(2196, 0, '1993-10-23'),
(2197, 0, '1993-10-24'),
(2198, 0, '1993-10-25'),
(2199, 0, '1993-10-26'),
(2200, 0, '1993-10-27'),
(2201, 0, '1993-10-28'),
(2202, 0, '1993-10-29'),
(2203, 0, '1993-10-30'),
(2204, 0, '1993-10-31'),
(2205, 0, '1993-11-01'),
(2206, 0, '1993-11-02'),
(2207, 0, '1993-11-03'),
(2208, 0, '1993-11-04'),
(2209, 0, '1993-11-05'),
(2210, 0, '1993-11-06'),
(2211, 0, '1993-11-07'),
(2212, 0, '1993-11-08'),
(2213, 0, '1993-11-09'),
(2214, 0, '1993-11-10'),
(2215, 0, '1993-11-11'),
(2216, 0, '1993-11-12'),
(2217, 0, '1993-11-13'),
(2218, 0, '1993-11-14');
INSERT INTO `tb_praktik_tgl` (`id_praktik_tgl`, `id_praktik`, `praktik_tgl`) VALUES
(2219, 0, '1993-11-15'),
(2220, 0, '1993-11-16'),
(2221, 0, '1993-11-17'),
(2222, 0, '1993-11-18'),
(2223, 0, '1993-11-19'),
(2224, 0, '1993-11-20'),
(2225, 0, '1993-11-21'),
(2226, 0, '1993-11-22'),
(2227, 0, '1993-11-23'),
(2228, 0, '1993-11-24'),
(2229, 0, '1993-11-25'),
(2230, 0, '1993-11-26'),
(2231, 0, '1993-11-27'),
(2232, 0, '1993-11-28'),
(2233, 0, '1993-11-29'),
(2234, 0, '1993-11-30'),
(2235, 0, '1993-12-01'),
(2236, 0, '1993-12-02'),
(2237, 0, '1993-12-03'),
(2238, 0, '1993-12-04'),
(2239, 0, '1993-12-05'),
(2240, 0, '1993-12-06'),
(2241, 0, '1993-12-07'),
(2242, 0, '1993-12-08'),
(2243, 0, '1993-12-09'),
(2244, 0, '1993-12-10'),
(2245, 0, '1993-12-11'),
(2246, 0, '1993-12-12'),
(2247, 0, '1993-12-13'),
(2248, 0, '1993-12-14'),
(2249, 0, '1993-12-15'),
(2250, 0, '1993-12-16'),
(2251, 0, '1993-12-17'),
(2252, 0, '1993-12-18'),
(2253, 0, '1993-12-19'),
(2254, 0, '1993-12-20'),
(2255, 0, '1993-12-21'),
(2256, 0, '1993-12-22'),
(2257, 0, '1993-12-23'),
(2258, 0, '1993-12-24'),
(2259, 0, '1993-12-25'),
(2260, 0, '1993-12-26'),
(2261, 0, '1993-12-27'),
(2262, 0, '1993-12-28'),
(2263, 0, '1993-12-29'),
(2264, 0, '1993-12-30'),
(2265, 0, '1993-12-31'),
(2266, 0, '1994-01-01'),
(2267, 0, '1994-01-02'),
(2268, 0, '1994-01-03'),
(2269, 0, '1994-01-04'),
(2270, 0, '1994-01-05'),
(2271, 0, '1994-01-06'),
(2272, 0, '1994-01-07'),
(2273, 0, '1994-01-08'),
(2274, 0, '1994-01-09'),
(2275, 0, '1994-01-10'),
(2276, 0, '1994-01-11'),
(2277, 0, '1994-01-12'),
(2278, 0, '1994-01-13'),
(2279, 0, '1994-01-14'),
(2280, 0, '1994-01-15'),
(2281, 0, '1994-01-16'),
(2282, 0, '1994-01-17'),
(2283, 0, '1994-01-18'),
(2284, 0, '1994-01-19'),
(2285, 0, '1994-01-20'),
(2286, 0, '1994-01-21'),
(2287, 0, '1994-01-22'),
(2288, 0, '1994-01-23'),
(2289, 0, '1994-01-24'),
(2290, 0, '1994-01-25'),
(2291, 0, '1994-01-26'),
(2292, 0, '1994-01-27'),
(2293, 0, '1994-01-28'),
(2294, 0, '1994-01-29'),
(2295, 0, '1994-01-30'),
(2296, 0, '1994-01-31'),
(2297, 0, '1994-02-01'),
(2298, 0, '1994-02-02'),
(2299, 0, '1994-02-03'),
(2300, 0, '1994-02-04'),
(2301, 0, '1994-02-05'),
(2302, 0, '1994-02-06'),
(2303, 0, '1994-02-07'),
(2304, 0, '1994-02-08'),
(2305, 0, '1994-02-09'),
(2306, 0, '1994-02-10'),
(2307, 0, '1994-02-11'),
(2308, 0, '1994-02-12'),
(2309, 0, '1994-02-13'),
(2310, 0, '1994-02-14'),
(2311, 0, '1994-02-15'),
(2312, 0, '1994-02-16'),
(2313, 0, '1994-02-17'),
(2314, 0, '1994-02-18'),
(2315, 0, '1994-02-19'),
(2316, 0, '1994-02-20'),
(2317, 0, '1994-02-21'),
(2318, 0, '1994-02-22'),
(2319, 0, '1994-02-23'),
(2320, 0, '1994-02-24'),
(2321, 0, '1994-02-25'),
(2322, 0, '1994-02-26'),
(2323, 0, '1994-02-27'),
(2324, 0, '1994-02-28'),
(2325, 0, '1994-03-01'),
(2326, 0, '1994-03-02'),
(2327, 0, '1994-03-03'),
(2328, 0, '1994-03-04'),
(2329, 0, '1994-03-05'),
(2330, 0, '1994-03-06'),
(2331, 0, '1994-03-07'),
(2332, 0, '1994-03-08'),
(2333, 0, '1994-03-09'),
(2334, 0, '1994-03-10'),
(2335, 0, '1994-03-11'),
(2336, 0, '1994-03-12'),
(2337, 0, '1994-03-13'),
(2338, 0, '1994-03-14'),
(2339, 0, '1994-03-15'),
(2340, 0, '1994-03-16'),
(2341, 0, '1994-03-17'),
(2342, 0, '1994-03-18'),
(2343, 0, '1994-03-19'),
(2344, 0, '1994-03-20'),
(2345, 0, '1994-03-21'),
(2346, 0, '1994-03-22'),
(2347, 0, '1994-03-23'),
(2348, 0, '1994-03-24'),
(2349, 0, '1994-03-25'),
(2350, 0, '1994-03-26'),
(2351, 0, '1994-03-27'),
(2352, 0, '1994-03-28'),
(2353, 0, '1994-03-29'),
(2354, 0, '1994-03-30'),
(2355, 0, '1994-03-31'),
(2356, 0, '1994-04-01'),
(2357, 0, '1994-04-02'),
(2358, 0, '1994-04-03'),
(2359, 0, '1994-04-04'),
(2360, 0, '1994-04-05'),
(2361, 0, '1994-04-06'),
(2362, 0, '1994-04-07'),
(2363, 0, '1994-04-08'),
(2364, 0, '1994-04-09'),
(2365, 0, '1994-04-10'),
(2366, 0, '1994-04-11'),
(2367, 0, '1994-04-12'),
(2368, 0, '1994-04-13'),
(2369, 0, '1994-04-14'),
(2370, 0, '1994-04-15'),
(2371, 0, '1994-04-16'),
(2372, 0, '1994-04-17'),
(2373, 0, '1994-04-18'),
(2374, 0, '1994-04-19'),
(2375, 0, '1994-04-20'),
(2376, 0, '1994-04-21'),
(2377, 0, '1994-04-22'),
(2378, 0, '1994-04-23'),
(2379, 0, '1994-04-24'),
(2380, 0, '1994-04-25'),
(2381, 0, '1994-04-26'),
(2382, 0, '1994-04-27'),
(2383, 0, '1994-04-28'),
(2384, 0, '1994-04-29'),
(2385, 0, '1994-04-30'),
(2386, 0, '1994-05-01'),
(2387, 0, '1994-05-02'),
(2388, 0, '1994-05-03'),
(2389, 0, '1994-05-04'),
(2390, 0, '1994-05-05'),
(2391, 0, '1994-05-06'),
(2392, 0, '1994-05-07'),
(2393, 0, '1994-05-08'),
(2394, 0, '1994-05-09'),
(2395, 0, '1994-05-10'),
(2396, 0, '1994-05-11'),
(2397, 0, '1994-05-12'),
(2398, 0, '1994-05-13'),
(2399, 0, '1994-05-14'),
(2400, 0, '1994-05-15'),
(2401, 0, '1994-05-16'),
(2402, 0, '1994-05-17'),
(2403, 0, '1994-05-18'),
(2404, 0, '1994-05-19'),
(2405, 0, '1994-05-20'),
(2406, 0, '1994-05-21'),
(2407, 0, '1994-05-22'),
(2408, 0, '1994-05-23'),
(2409, 0, '1994-05-24'),
(2410, 0, '1994-05-25'),
(2411, 0, '1994-05-26'),
(2412, 0, '1994-05-27'),
(2413, 0, '1994-05-28'),
(2414, 0, '1994-05-29'),
(2415, 0, '1994-05-30'),
(2416, 0, '1994-05-31'),
(2417, 0, '1994-06-01'),
(2418, 0, '1994-06-02'),
(2419, 0, '1994-06-03'),
(2420, 0, '1994-06-04'),
(2421, 0, '1994-06-05'),
(2422, 0, '1994-06-06'),
(2423, 0, '1994-06-07'),
(2424, 0, '1994-06-08'),
(2425, 0, '1994-06-09'),
(2426, 0, '1994-06-10'),
(2427, 0, '1994-06-11'),
(2428, 0, '1994-06-12'),
(2429, 0, '1994-06-13'),
(2430, 0, '1994-06-14'),
(2431, 0, '1994-06-15'),
(2432, 0, '1994-06-16'),
(2433, 0, '1994-06-17'),
(2434, 0, '1994-06-18'),
(2435, 0, '1994-06-19'),
(2436, 0, '1994-06-20'),
(2437, 0, '1994-06-21'),
(2438, 0, '1994-06-22'),
(2439, 0, '1994-06-23'),
(2440, 0, '1994-06-24'),
(2441, 0, '1994-06-25'),
(2442, 0, '1994-06-26'),
(2443, 0, '1994-06-27'),
(2444, 0, '1994-06-28'),
(2445, 0, '1994-06-29'),
(2446, 0, '1994-06-30'),
(2447, 0, '1994-07-01'),
(2448, 0, '1994-07-02'),
(2449, 0, '1994-07-03'),
(2450, 0, '1994-07-04'),
(2451, 0, '1994-07-05'),
(2452, 0, '1994-07-06'),
(2453, 0, '1994-07-07'),
(2454, 0, '1994-07-08'),
(2455, 0, '1994-07-09'),
(2456, 0, '1994-07-10'),
(2457, 0, '1994-07-11'),
(2458, 0, '1994-07-12'),
(2459, 0, '1994-07-13'),
(2460, 0, '1994-07-14'),
(2461, 0, '1994-07-15'),
(2462, 0, '1994-07-16'),
(2463, 0, '1994-07-17'),
(2464, 0, '1994-07-18'),
(2465, 0, '1994-07-19'),
(2466, 0, '1994-07-20'),
(2467, 0, '1994-07-21'),
(2468, 0, '1994-07-22'),
(2469, 0, '1994-07-23'),
(2470, 0, '1994-07-24'),
(2471, 0, '1994-07-25'),
(2472, 0, '1994-07-26'),
(2473, 0, '1994-07-27'),
(2474, 0, '1994-07-28'),
(2475, 0, '1994-07-29'),
(2476, 0, '1994-07-30'),
(2477, 0, '1994-07-31'),
(2478, 0, '1994-08-01'),
(2479, 0, '1994-08-02'),
(2480, 0, '1994-08-03'),
(2481, 0, '1994-08-04'),
(2482, 0, '1994-08-05'),
(2483, 0, '1994-08-06'),
(2484, 0, '1994-08-07'),
(2485, 0, '1994-08-08'),
(2486, 0, '1994-08-09'),
(2487, 0, '1994-08-10'),
(2488, 0, '1994-08-11'),
(2489, 0, '1994-08-12'),
(2490, 0, '1994-08-13'),
(2491, 0, '1994-08-14'),
(2492, 0, '1994-08-15'),
(2493, 0, '1994-08-16'),
(2494, 0, '1994-08-17'),
(2495, 0, '1994-08-18'),
(2496, 0, '1994-08-19'),
(2497, 0, '1994-08-20'),
(2498, 0, '1994-08-21'),
(2499, 0, '1994-08-22'),
(2500, 0, '1994-08-23'),
(2501, 0, '1994-08-24'),
(2502, 0, '1994-08-25'),
(2503, 0, '1994-08-26'),
(2504, 0, '1994-08-27'),
(2505, 0, '1994-08-28'),
(2506, 0, '1994-08-29'),
(2507, 0, '1994-08-30'),
(2508, 0, '1994-08-31'),
(2509, 0, '1994-09-01'),
(2510, 0, '1994-09-02'),
(2511, 0, '1994-09-03'),
(2512, 0, '1994-09-04'),
(2513, 0, '1994-09-05'),
(2514, 0, '1994-09-06'),
(2515, 0, '1994-09-07'),
(2516, 0, '1994-09-08'),
(2517, 0, '1994-09-09'),
(2518, 0, '1994-09-10'),
(2519, 0, '1994-09-11'),
(2520, 0, '1994-09-12'),
(2521, 0, '1994-09-13'),
(2522, 0, '1994-09-14'),
(2523, 0, '1994-09-15'),
(2524, 0, '1994-09-16'),
(2525, 0, '1994-09-17'),
(2526, 0, '1994-09-18'),
(2527, 0, '1994-09-19'),
(2528, 0, '1994-09-20'),
(2529, 0, '1994-09-21'),
(2530, 0, '1994-09-22'),
(2531, 0, '1994-09-23'),
(2532, 0, '1994-09-24'),
(2533, 0, '1994-09-25'),
(2534, 0, '1994-09-26'),
(2535, 0, '1994-09-27'),
(2536, 0, '1994-09-28'),
(2537, 0, '1994-09-29'),
(2538, 0, '1994-09-30'),
(2539, 0, '1994-10-01'),
(2540, 0, '1994-10-02'),
(2541, 0, '1994-10-03'),
(2542, 0, '1994-10-04'),
(2543, 0, '1994-10-05'),
(2544, 0, '1994-10-06'),
(2545, 0, '1994-10-07'),
(2546, 0, '1994-10-08'),
(2547, 0, '1994-10-09'),
(2548, 0, '1994-10-10'),
(2549, 0, '1994-10-11'),
(2550, 0, '1994-10-12'),
(2551, 0, '1994-10-13'),
(2552, 0, '1994-10-14'),
(2553, 0, '1994-10-15'),
(2554, 0, '1994-10-16'),
(2555, 0, '1994-10-17'),
(2556, 0, '1994-10-18'),
(2557, 0, '1994-10-19'),
(2558, 0, '1994-10-20'),
(2559, 0, '1994-10-21'),
(2560, 0, '1994-10-22'),
(2561, 0, '1994-10-23'),
(2562, 0, '1994-10-24'),
(2563, 0, '1994-10-25'),
(2564, 0, '1994-10-26'),
(2565, 0, '1994-10-27'),
(2566, 0, '1994-10-28'),
(2567, 0, '1994-10-29'),
(2568, 0, '1994-10-30'),
(2569, 0, '1994-10-31'),
(2570, 0, '1994-11-01'),
(2571, 0, '1994-11-02'),
(2572, 0, '1994-11-03'),
(2573, 0, '1994-11-04'),
(2574, 0, '1994-11-05'),
(2575, 0, '1994-11-06'),
(2576, 0, '1994-11-07'),
(2577, 0, '1994-11-08'),
(2578, 0, '1994-11-09'),
(2579, 0, '1994-11-10'),
(2580, 0, '1994-11-11'),
(2581, 0, '1994-11-12'),
(2582, 0, '1994-11-13'),
(2583, 0, '1994-11-14'),
(2584, 0, '1994-11-15'),
(2585, 0, '1994-11-16'),
(2586, 0, '1994-11-17'),
(2587, 0, '1994-11-18'),
(2588, 0, '1994-11-19'),
(2589, 0, '1994-11-20'),
(2590, 0, '1994-11-21'),
(2591, 0, '1994-11-22'),
(2592, 0, '1994-11-23'),
(2593, 0, '1994-11-24'),
(2594, 0, '1994-11-25'),
(2595, 0, '1994-11-26'),
(2596, 0, '1994-11-27'),
(2597, 0, '1994-11-28'),
(2598, 0, '1994-11-29'),
(2599, 0, '1994-11-30'),
(2600, 0, '1994-12-01'),
(2601, 0, '1994-12-02'),
(2602, 0, '1994-12-03'),
(2603, 0, '1994-12-04'),
(2604, 0, '1994-12-05'),
(2605, 0, '1994-12-06'),
(2606, 0, '1994-12-07'),
(2607, 0, '1994-12-08'),
(2608, 0, '1994-12-09'),
(2609, 0, '1994-12-10'),
(2610, 0, '1994-12-11'),
(2611, 0, '1994-12-12'),
(2612, 0, '1994-12-13'),
(2613, 0, '1994-12-14'),
(2614, 0, '1994-12-15'),
(2615, 0, '1994-12-16'),
(2616, 0, '1994-12-17'),
(2617, 0, '1994-12-18'),
(2618, 0, '1994-12-19'),
(2619, 0, '1994-12-20'),
(2620, 0, '1994-12-21'),
(2621, 0, '1994-12-22'),
(2622, 0, '1994-12-23'),
(2623, 0, '1994-12-24'),
(2624, 0, '1994-12-25'),
(2625, 0, '1994-12-26'),
(2626, 0, '1994-12-27'),
(2627, 0, '1994-12-28'),
(2628, 0, '1994-12-29'),
(2629, 0, '1994-12-30'),
(2630, 0, '1994-12-31'),
(2631, 0, '1995-01-01'),
(2632, 0, '1995-01-02'),
(2633, 0, '1995-01-03'),
(2634, 0, '1995-01-04'),
(2635, 0, '1995-01-05'),
(2636, 0, '1995-01-06'),
(2637, 0, '1995-01-07'),
(2638, 0, '1995-01-08'),
(2639, 0, '1995-01-09'),
(2640, 0, '1995-01-10'),
(2641, 0, '1995-01-11'),
(2642, 0, '1995-01-12'),
(2643, 0, '1995-01-13'),
(2644, 0, '1995-01-14'),
(2645, 0, '1995-01-15'),
(2646, 0, '1995-01-16'),
(2647, 0, '1995-01-17'),
(2648, 0, '1995-01-18'),
(2649, 0, '1995-01-19'),
(2650, 0, '1995-01-20'),
(2651, 0, '1995-01-21'),
(2652, 0, '1995-01-22'),
(2653, 0, '1995-01-23'),
(2654, 0, '1995-01-24'),
(2655, 0, '1995-01-25'),
(2656, 0, '1995-01-26'),
(2657, 0, '1995-01-27'),
(2658, 0, '1995-01-28'),
(2659, 0, '1995-01-29'),
(2660, 0, '1995-01-30'),
(2661, 0, '1995-01-31'),
(2662, 0, '1995-02-01'),
(2663, 0, '1995-02-02'),
(2664, 0, '1995-02-03'),
(2665, 0, '1995-02-04'),
(2666, 0, '1995-02-05'),
(2667, 0, '1995-02-06'),
(2668, 0, '1995-02-07'),
(2669, 0, '1995-02-08'),
(2670, 0, '1995-02-09'),
(2671, 0, '1995-02-10'),
(2672, 0, '1995-02-11'),
(2673, 0, '1995-02-12'),
(2674, 0, '1995-02-13'),
(2675, 0, '1995-02-14'),
(2676, 0, '1995-02-15'),
(2677, 0, '1995-02-16'),
(2678, 0, '1995-02-17'),
(2679, 0, '1995-02-18'),
(2680, 0, '1995-02-19'),
(2681, 0, '1995-02-20'),
(2682, 0, '1995-02-21'),
(2683, 0, '1995-02-22'),
(2684, 0, '1995-02-23'),
(2685, 0, '1995-02-24'),
(2686, 0, '1995-02-25'),
(2687, 0, '1995-02-26'),
(2688, 0, '1995-02-27'),
(2689, 0, '1995-02-28'),
(2690, 0, '1995-03-01'),
(2691, 0, '1995-03-02'),
(2692, 0, '1995-03-03'),
(2693, 0, '1995-03-04'),
(2694, 0, '1995-03-05'),
(2695, 0, '1995-03-06'),
(2696, 0, '1995-03-07'),
(2697, 0, '1995-03-08'),
(2698, 0, '1995-03-09'),
(2699, 0, '1995-03-10'),
(2700, 0, '1995-03-11'),
(2701, 0, '1995-03-12'),
(2702, 0, '1995-03-13'),
(2703, 0, '1995-03-14'),
(2704, 0, '1995-03-15'),
(2705, 0, '1995-03-16'),
(2706, 0, '1995-03-17'),
(2707, 0, '1995-03-18'),
(2708, 0, '1995-03-19'),
(2709, 0, '1995-03-20'),
(2710, 0, '1995-03-21'),
(2711, 0, '1995-03-22'),
(2712, 0, '1995-03-23'),
(2713, 0, '1995-03-24'),
(2714, 0, '1995-03-25'),
(2715, 0, '1995-03-26'),
(2716, 0, '1995-03-27'),
(2717, 0, '1995-03-28'),
(2718, 0, '1995-03-29'),
(2719, 0, '1995-03-30'),
(2720, 0, '1995-03-31'),
(2721, 0, '1995-04-01'),
(2722, 0, '1995-04-02'),
(2723, 0, '1995-04-03'),
(2724, 0, '1995-04-04'),
(2725, 0, '1995-04-05'),
(2726, 0, '1995-04-06'),
(2727, 0, '1995-04-07'),
(2728, 0, '1995-04-08'),
(2729, 0, '1995-04-09'),
(2730, 0, '1995-04-10'),
(2731, 0, '1995-04-11'),
(2732, 0, '1995-04-12'),
(2733, 0, '1995-04-13'),
(2734, 0, '1995-04-14'),
(2735, 0, '1995-04-15'),
(2736, 0, '1995-04-16'),
(2737, 0, '1995-04-17'),
(2738, 0, '1995-04-18'),
(2739, 0, '1995-04-19'),
(2740, 0, '1995-04-20'),
(2741, 0, '1995-04-21'),
(2742, 0, '1995-04-22'),
(2743, 0, '1995-04-23'),
(2744, 0, '1995-04-24'),
(2745, 0, '1995-04-25'),
(2746, 0, '1995-04-26'),
(2747, 0, '1995-04-27'),
(2748, 0, '1995-04-28'),
(2749, 0, '1995-04-29'),
(2750, 0, '1995-04-30'),
(2751, 0, '1995-05-01'),
(2752, 0, '1995-05-02'),
(2753, 0, '1995-05-03'),
(2754, 0, '1995-05-04'),
(2755, 0, '1995-05-05'),
(2756, 0, '1995-05-06'),
(2757, 0, '1995-05-07'),
(2758, 0, '1995-05-08'),
(2759, 0, '1995-05-09'),
(2760, 0, '1995-05-10'),
(2761, 0, '1995-05-11'),
(2762, 0, '1995-05-12'),
(2763, 0, '1995-05-13'),
(2764, 0, '1995-05-14'),
(2765, 0, '1995-05-15'),
(2766, 0, '1995-05-16'),
(2767, 0, '1995-05-17'),
(2768, 0, '1995-05-18'),
(2769, 0, '1995-05-19'),
(2770, 0, '1995-05-20'),
(2771, 0, '1995-05-21'),
(2772, 0, '1995-05-22'),
(2773, 0, '1995-05-23'),
(2774, 0, '1995-05-24'),
(2775, 0, '1995-05-25'),
(2776, 0, '1995-05-26'),
(2777, 0, '1995-05-27'),
(2778, 0, '1995-05-28'),
(2779, 0, '1995-05-29'),
(2780, 0, '1995-05-30'),
(2781, 0, '1995-05-31'),
(2782, 0, '1995-06-01'),
(2783, 0, '1995-06-02'),
(2784, 0, '1995-06-03'),
(2785, 0, '1995-06-04'),
(2786, 0, '1995-06-05'),
(2787, 0, '1995-06-06'),
(2788, 0, '1995-06-07'),
(2789, 0, '1995-06-08'),
(2790, 0, '1995-06-09'),
(2791, 0, '1995-06-10'),
(2792, 0, '1995-06-11'),
(2793, 0, '1995-06-12'),
(2794, 0, '1995-06-13'),
(2795, 0, '1995-06-14'),
(2796, 0, '1995-06-15'),
(2797, 0, '1995-06-16'),
(2798, 0, '1995-06-17'),
(2799, 0, '1995-06-18'),
(2800, 0, '1995-06-19'),
(2801, 0, '1995-06-20'),
(2802, 0, '1995-06-21'),
(2803, 0, '1995-06-22'),
(2804, 0, '1995-06-23'),
(2805, 0, '1995-06-24'),
(2806, 0, '1995-06-25'),
(2807, 0, '1995-06-26'),
(2808, 0, '1995-06-27'),
(2809, 0, '1995-06-28'),
(2810, 0, '1995-06-29'),
(2811, 0, '1995-06-30'),
(2812, 0, '1995-07-01'),
(2813, 0, '1995-07-02'),
(2814, 0, '1995-07-03'),
(2815, 0, '1995-07-04'),
(2816, 0, '1995-07-05'),
(2817, 0, '1995-07-06'),
(2818, 0, '1995-07-07'),
(2819, 0, '1995-07-08'),
(2820, 0, '1995-07-09'),
(2821, 0, '1995-07-10'),
(2822, 0, '1995-07-11'),
(2823, 0, '1995-07-12'),
(2824, 0, '1995-07-13'),
(2825, 0, '1995-07-14'),
(2826, 0, '1995-07-15'),
(2827, 0, '1995-07-16'),
(2828, 0, '1995-07-17'),
(2829, 0, '1995-07-18'),
(2830, 0, '1995-07-19'),
(2831, 0, '1995-07-20'),
(2832, 0, '1995-07-21'),
(2833, 0, '1995-07-22'),
(2834, 0, '1995-07-23'),
(2835, 0, '1995-07-24'),
(2836, 0, '1995-07-25'),
(2837, 0, '1995-07-26'),
(2838, 0, '1995-07-27'),
(2839, 0, '1995-07-28'),
(2840, 0, '1995-07-29'),
(2841, 0, '1995-07-30'),
(2842, 0, '1995-07-31'),
(2843, 0, '1995-08-01'),
(2844, 0, '1995-08-02'),
(2845, 0, '1995-08-03'),
(2846, 0, '1995-08-04'),
(2847, 0, '1995-08-05'),
(2848, 0, '1995-08-06'),
(2849, 0, '1995-08-07'),
(2850, 0, '1995-08-08'),
(2851, 0, '1995-08-09'),
(2852, 0, '1995-08-10'),
(2853, 0, '1995-08-11'),
(2854, 0, '1995-08-12'),
(2855, 0, '1995-08-13'),
(2856, 0, '1995-08-14'),
(2857, 0, '1995-08-15'),
(2858, 0, '1995-08-16'),
(2859, 0, '1995-08-17'),
(2860, 0, '1995-08-18'),
(2861, 0, '1995-08-19'),
(2862, 0, '1995-08-20'),
(2863, 0, '1995-08-21'),
(2864, 0, '1995-08-22'),
(2865, 0, '1995-08-23'),
(2866, 0, '1995-08-24'),
(2867, 0, '1995-08-25'),
(2868, 0, '1995-08-26'),
(2869, 0, '1995-08-27'),
(2870, 0, '1995-08-28'),
(2871, 0, '1995-08-29'),
(2872, 0, '1995-08-30'),
(2873, 0, '1995-08-31'),
(2874, 0, '1995-09-01'),
(2875, 0, '1995-09-02'),
(2876, 0, '1995-09-03'),
(2877, 0, '1995-09-04'),
(2878, 0, '1995-09-05'),
(2879, 0, '1995-09-06'),
(2880, 0, '1995-09-07'),
(2881, 0, '1995-09-08'),
(2882, 0, '1995-09-09'),
(2883, 0, '1995-09-10'),
(2884, 0, '1995-09-11'),
(2885, 0, '1995-09-12'),
(2886, 0, '1995-09-13'),
(2887, 0, '1995-09-14'),
(2888, 0, '1995-09-15'),
(2889, 0, '1995-09-16'),
(2890, 0, '1995-09-17'),
(2891, 0, '1995-09-18'),
(2892, 0, '1995-09-19'),
(2893, 0, '1995-09-20'),
(2894, 0, '1995-09-21'),
(2895, 0, '1995-09-22'),
(2896, 0, '1995-09-23'),
(2897, 0, '1995-09-24'),
(2898, 0, '1995-09-25'),
(2899, 0, '1995-09-26'),
(2900, 0, '1995-09-27'),
(2901, 0, '1995-09-28'),
(2902, 0, '1995-09-29'),
(2903, 0, '1995-09-30'),
(2904, 0, '1995-10-01'),
(2905, 0, '1995-10-02'),
(2906, 0, '1995-10-03'),
(2907, 0, '1995-10-04'),
(2908, 0, '1995-10-05'),
(2909, 0, '1995-10-06'),
(2910, 0, '1995-10-07'),
(2911, 0, '1995-10-08'),
(2912, 0, '1995-10-09'),
(2913, 0, '1995-10-10'),
(2914, 0, '1995-10-11'),
(2915, 0, '1995-10-12'),
(2916, 0, '1995-10-13'),
(2917, 0, '1995-10-14'),
(2918, 0, '1995-10-15'),
(2919, 0, '1995-10-16'),
(2920, 0, '1995-10-17'),
(2921, 0, '1995-10-18'),
(2922, 0, '1995-10-19'),
(2923, 0, '1995-10-20'),
(2924, 0, '1995-10-21'),
(2925, 0, '1995-10-22'),
(2926, 0, '1995-10-23'),
(2927, 0, '1995-10-24'),
(2928, 0, '1995-10-25'),
(2929, 0, '1995-10-26'),
(2930, 0, '1995-10-27'),
(2931, 0, '1995-10-28'),
(2932, 0, '1995-10-29'),
(2933, 0, '1995-10-30'),
(2934, 0, '1995-10-31'),
(2935, 0, '1995-11-01'),
(2936, 0, '1995-11-02'),
(2937, 0, '1995-11-03'),
(2938, 0, '1995-11-04'),
(2939, 0, '1995-11-05'),
(2940, 0, '1995-11-06'),
(2941, 0, '1995-11-07'),
(2942, 0, '1995-11-08'),
(2943, 0, '1995-11-09'),
(2944, 0, '1995-11-10'),
(2945, 0, '1995-11-11'),
(2946, 0, '1995-11-12'),
(2947, 0, '1995-11-13'),
(2948, 0, '1995-11-14'),
(2949, 0, '1995-11-15'),
(2950, 0, '1995-11-16'),
(2951, 0, '1995-11-17'),
(2952, 0, '1995-11-18'),
(2953, 0, '1995-11-19'),
(2954, 0, '1995-11-20'),
(2955, 0, '1995-11-21'),
(2956, 0, '1995-11-22'),
(2957, 0, '1995-11-23'),
(2958, 0, '1995-11-24'),
(2959, 0, '1995-11-25'),
(2960, 0, '1995-11-26'),
(2961, 0, '1995-11-27'),
(2962, 0, '1995-11-28'),
(2963, 0, '1995-11-29'),
(2964, 0, '1995-11-30'),
(2965, 0, '1995-12-01'),
(2966, 0, '1995-12-02'),
(2967, 0, '1995-12-03'),
(2968, 0, '1995-12-04'),
(2969, 0, '1995-12-05'),
(2970, 0, '1995-12-06'),
(2971, 0, '1995-12-07'),
(2972, 0, '1995-12-08'),
(2973, 0, '1995-12-09'),
(2974, 0, '1995-12-10'),
(2975, 0, '1995-12-11'),
(2976, 0, '1995-12-12'),
(2977, 0, '1995-12-13'),
(2978, 0, '1995-12-14'),
(2979, 0, '1995-12-15'),
(2980, 0, '1995-12-16'),
(2981, 0, '1995-12-17'),
(2982, 0, '1995-12-18'),
(2983, 0, '1995-12-19'),
(2984, 0, '1995-12-20'),
(2985, 0, '1995-12-21'),
(2986, 0, '1995-12-22'),
(2987, 0, '1995-12-23'),
(2988, 0, '1995-12-24'),
(2989, 0, '1995-12-25'),
(2990, 0, '1995-12-26'),
(2991, 0, '1995-12-27'),
(2992, 0, '1995-12-28'),
(2993, 0, '1995-12-29'),
(2994, 0, '1995-12-30'),
(2995, 0, '1995-12-31'),
(2996, 0, '1996-01-01'),
(2997, 0, '1996-01-02'),
(2998, 0, '1996-01-03'),
(2999, 0, '1996-01-04'),
(3000, 0, '1996-01-05'),
(3001, 0, '1996-01-06'),
(3002, 0, '1996-01-07'),
(3003, 0, '1996-01-08'),
(3004, 0, '1996-01-09'),
(3005, 0, '1996-01-10'),
(3006, 0, '1996-01-11'),
(3007, 0, '1996-01-12'),
(3008, 0, '1996-01-13'),
(3009, 0, '1996-01-14'),
(3010, 0, '1996-01-15'),
(3011, 0, '1996-01-16'),
(3012, 0, '1996-01-17'),
(3013, 0, '1996-01-18'),
(3014, 0, '1996-01-19'),
(3015, 0, '1996-01-20'),
(3016, 0, '1996-01-21'),
(3017, 0, '1996-01-22'),
(3018, 0, '1996-01-23'),
(3019, 0, '1996-01-24'),
(3020, 0, '1996-01-25'),
(3021, 0, '1996-01-26'),
(3022, 0, '1996-01-27'),
(3023, 0, '1996-01-28'),
(3024, 0, '1996-01-29'),
(3025, 0, '1996-01-30'),
(3026, 0, '1996-01-31'),
(3027, 0, '1996-02-01'),
(3028, 0, '1996-02-02'),
(3029, 0, '1996-02-03'),
(3030, 0, '1996-02-04'),
(3031, 0, '1996-02-05'),
(3032, 0, '1996-02-06'),
(3033, 0, '1996-02-07'),
(3034, 0, '1996-02-08'),
(3035, 0, '1996-02-09'),
(3036, 0, '1996-02-10'),
(3037, 0, '1996-02-11'),
(3038, 0, '1996-02-12'),
(3039, 0, '1996-02-13'),
(3040, 0, '1996-02-14'),
(3041, 0, '1996-02-15'),
(3042, 0, '1996-02-16'),
(3043, 0, '1996-02-17'),
(3044, 0, '1996-02-18'),
(3045, 0, '1996-02-19'),
(3046, 0, '1996-02-20'),
(3047, 0, '1996-02-21'),
(3048, 0, '1996-02-22'),
(3049, 0, '1996-02-23'),
(3050, 0, '1996-02-24'),
(3051, 0, '1996-02-25'),
(3052, 0, '1996-02-26'),
(3053, 0, '1996-02-27'),
(3054, 0, '1996-02-28'),
(3055, 0, '1996-02-29'),
(3056, 0, '1996-03-01'),
(3057, 0, '1996-03-02'),
(3058, 0, '1996-03-03'),
(3059, 0, '1996-03-04'),
(3060, 0, '1996-03-05'),
(3061, 0, '1996-03-06'),
(3062, 0, '1996-03-07'),
(3063, 0, '1996-03-08'),
(3064, 0, '1996-03-09'),
(3065, 0, '1996-03-10'),
(3066, 0, '1996-03-11'),
(3067, 0, '1996-03-12'),
(3068, 0, '1996-03-13'),
(3069, 0, '1996-03-14'),
(3070, 0, '1996-03-15'),
(3071, 0, '1996-03-16'),
(3072, 0, '1996-03-17'),
(3073, 0, '1996-03-18'),
(3074, 0, '1996-03-19'),
(3075, 0, '1996-03-20'),
(3076, 0, '1996-03-21'),
(3077, 0, '1996-03-22'),
(3078, 0, '1996-03-23'),
(3079, 0, '1996-03-24'),
(3080, 0, '1996-03-25'),
(3081, 0, '1996-03-26'),
(3082, 0, '1996-03-27'),
(3083, 0, '1996-03-28'),
(3084, 0, '1996-03-29'),
(3085, 0, '1996-03-30'),
(3086, 0, '1996-03-31'),
(3087, 0, '1996-04-01'),
(3088, 0, '1996-04-02'),
(3089, 0, '1996-04-03'),
(3090, 0, '1996-04-04'),
(3091, 0, '1996-04-05'),
(3092, 0, '1996-04-06'),
(3093, 0, '1996-04-07'),
(3094, 0, '1996-04-08'),
(3095, 0, '1996-04-09'),
(3096, 0, '1996-04-10'),
(3097, 0, '1996-04-11'),
(3098, 0, '1996-04-12'),
(3099, 0, '1996-04-13'),
(3100, 0, '1996-04-14'),
(3101, 0, '1996-04-15'),
(3102, 0, '1996-04-16'),
(3103, 0, '1996-04-17'),
(3104, 0, '1996-04-18'),
(3105, 0, '1996-04-19'),
(3106, 0, '1996-04-20'),
(3107, 0, '1996-04-21'),
(3108, 0, '1996-04-22'),
(3109, 0, '1996-04-23'),
(3110, 0, '1996-04-24'),
(3111, 0, '1996-04-25'),
(3112, 0, '1996-04-26'),
(3113, 0, '1996-04-27'),
(3114, 0, '1996-04-28'),
(3115, 0, '1996-04-29'),
(3116, 0, '1996-04-30'),
(3117, 0, '1996-05-01'),
(3118, 0, '1996-05-02'),
(3119, 0, '1996-05-03'),
(3120, 0, '1996-05-04'),
(3121, 0, '1996-05-05'),
(3122, 0, '1996-05-06'),
(3123, 0, '1996-05-07'),
(3124, 0, '1996-05-08'),
(3125, 0, '1996-05-09'),
(3126, 0, '1996-05-10'),
(3127, 0, '1996-05-11'),
(3128, 0, '1996-05-12'),
(3129, 0, '1996-05-13'),
(3130, 0, '1996-05-14'),
(3131, 0, '1996-05-15'),
(3132, 0, '1996-05-16'),
(3133, 0, '1996-05-17'),
(3134, 0, '1996-05-18'),
(3135, 0, '1996-05-19'),
(3136, 0, '1996-05-20'),
(3137, 0, '1996-05-21'),
(3138, 0, '1996-05-22'),
(3139, 0, '1996-05-23'),
(3140, 0, '1996-05-24'),
(3141, 0, '1996-05-25'),
(3142, 0, '1996-05-26'),
(3143, 0, '1996-05-27'),
(3144, 0, '1996-05-28'),
(3145, 0, '1996-05-29'),
(3146, 0, '1996-05-30'),
(3147, 0, '1996-05-31'),
(3148, 0, '1996-06-01'),
(3149, 0, '1996-06-02'),
(3150, 0, '1996-06-03'),
(3151, 0, '1996-06-04'),
(3152, 0, '1996-06-05'),
(3153, 0, '1996-06-06'),
(3154, 0, '1996-06-07'),
(3155, 0, '1996-06-08'),
(3156, 0, '1996-06-09'),
(3157, 0, '1996-06-10'),
(3158, 0, '1996-06-11'),
(3159, 0, '1996-06-12'),
(3160, 0, '1996-06-13'),
(3161, 0, '1996-06-14'),
(3162, 0, '1996-06-15'),
(3163, 0, '1996-06-16'),
(3164, 0, '1996-06-17'),
(3165, 0, '1996-06-18'),
(3166, 0, '1996-06-19'),
(3167, 0, '1996-06-20'),
(3168, 0, '1996-06-21'),
(3169, 0, '1996-06-22'),
(3170, 0, '1996-06-23'),
(3171, 0, '1996-06-24'),
(3172, 0, '1996-06-25'),
(3173, 0, '1996-06-26'),
(3174, 0, '1996-06-27'),
(3175, 0, '1996-06-28'),
(3176, 0, '1996-06-29'),
(3177, 0, '1996-06-30'),
(3178, 0, '1996-07-01'),
(3179, 0, '1996-07-02'),
(3180, 0, '1996-07-03'),
(3181, 0, '1996-07-04'),
(3182, 0, '1996-07-05'),
(3183, 0, '1996-07-06'),
(3184, 0, '1996-07-07'),
(3185, 0, '1996-07-08'),
(3186, 0, '1996-07-09'),
(3187, 0, '1996-07-10'),
(3188, 0, '1996-07-11'),
(3189, 0, '1996-07-12'),
(3190, 0, '1996-07-13'),
(3191, 0, '1996-07-14'),
(3192, 0, '1996-07-15'),
(3193, 0, '1996-07-16'),
(3194, 0, '1996-07-17'),
(3195, 0, '1996-07-18'),
(3196, 0, '1996-07-19'),
(3197, 0, '1996-07-20'),
(3198, 0, '1996-07-21'),
(3199, 0, '1996-07-22'),
(3200, 0, '1996-07-23'),
(3201, 0, '1996-07-24'),
(3202, 0, '1996-07-25'),
(3203, 0, '1996-07-26'),
(3204, 0, '1996-07-27'),
(3205, 0, '1996-07-28'),
(3206, 0, '1996-07-29'),
(3207, 0, '1996-07-30'),
(3208, 0, '1996-07-31'),
(3209, 0, '1996-08-01'),
(3210, 0, '1996-08-02'),
(3211, 0, '1996-08-03'),
(3212, 0, '1996-08-04'),
(3213, 0, '1996-08-05'),
(3214, 0, '1996-08-06'),
(3215, 0, '1996-08-07'),
(3216, 0, '1996-08-08'),
(3217, 0, '1996-08-09'),
(3218, 0, '1996-08-10'),
(3219, 0, '1996-08-11'),
(3220, 0, '1996-08-12'),
(3221, 0, '1996-08-13'),
(3222, 0, '1996-08-14'),
(3223, 0, '1996-08-15'),
(3224, 0, '1996-08-16'),
(3225, 0, '1996-08-17'),
(3226, 0, '1996-08-18'),
(3227, 0, '1996-08-19'),
(3228, 0, '1996-08-20'),
(3229, 0, '1996-08-21'),
(3230, 0, '1996-08-22'),
(3231, 0, '1996-08-23'),
(3232, 0, '1996-08-24'),
(3233, 0, '1996-08-25'),
(3234, 0, '1996-08-26'),
(3235, 0, '1996-08-27'),
(3236, 0, '1996-08-28'),
(3237, 0, '1996-08-29'),
(3238, 0, '1996-08-30'),
(3239, 0, '1996-08-31'),
(3240, 0, '1996-09-01'),
(3241, 0, '1996-09-02'),
(3242, 0, '1996-09-03'),
(3243, 0, '1996-09-04'),
(3244, 0, '1996-09-05'),
(3245, 0, '1996-09-06'),
(3246, 0, '1996-09-07'),
(3247, 0, '1996-09-08'),
(3248, 0, '1996-09-09'),
(3249, 0, '1996-09-10'),
(3250, 0, '1996-09-11'),
(3251, 0, '1996-09-12'),
(3252, 0, '1996-09-13'),
(3253, 0, '1996-09-14'),
(3254, 0, '1996-09-15'),
(3255, 0, '1996-09-16'),
(3256, 0, '1996-09-17'),
(3257, 0, '1996-09-18'),
(3258, 0, '1996-09-19'),
(3259, 0, '1996-09-20'),
(3260, 0, '1996-09-21'),
(3261, 0, '1996-09-22'),
(3262, 0, '1996-09-23'),
(3263, 0, '1996-09-24'),
(3264, 0, '1996-09-25'),
(3265, 0, '1996-09-26'),
(3266, 0, '1996-09-27'),
(3267, 0, '1996-09-28'),
(3268, 0, '1996-09-29'),
(3269, 0, '1996-09-30'),
(3270, 0, '1996-10-01'),
(3271, 0, '1996-10-02'),
(3272, 0, '1996-10-03'),
(3273, 0, '1996-10-04'),
(3274, 0, '1996-10-05'),
(3275, 0, '1996-10-06'),
(3276, 0, '1996-10-07'),
(3277, 0, '1996-10-08'),
(3278, 0, '1996-10-09'),
(3279, 0, '1996-10-10'),
(3280, 0, '1996-10-11'),
(3281, 0, '1996-10-12'),
(3282, 0, '1996-10-13'),
(3283, 0, '1996-10-14'),
(3284, 0, '1996-10-15'),
(3285, 0, '1996-10-16'),
(3286, 0, '1996-10-17'),
(3287, 0, '1996-10-18'),
(3288, 0, '1996-10-19'),
(3289, 0, '1996-10-20'),
(3290, 0, '1996-10-21'),
(3291, 0, '1996-10-22'),
(3292, 0, '1996-10-23'),
(3293, 0, '1996-10-24'),
(3294, 0, '1996-10-25'),
(3295, 0, '1996-10-26'),
(3296, 0, '1996-10-27'),
(3297, 0, '1996-10-28'),
(3298, 0, '1996-10-29'),
(3299, 0, '1996-10-30'),
(3300, 0, '1996-10-31'),
(3301, 0, '1996-11-01'),
(3302, 0, '1996-11-02'),
(3303, 0, '1996-11-03'),
(3304, 0, '1996-11-04'),
(3305, 0, '1996-11-05'),
(3306, 0, '1996-11-06'),
(3307, 0, '1996-11-07'),
(3308, 0, '1996-11-08'),
(3309, 0, '1996-11-09'),
(3310, 0, '1996-11-10'),
(3311, 0, '1996-11-11'),
(3312, 0, '1996-11-12'),
(3313, 0, '1996-11-13'),
(3314, 0, '1996-11-14'),
(3315, 0, '1996-11-15'),
(3316, 0, '1996-11-16'),
(3317, 0, '1996-11-17'),
(3318, 0, '1996-11-18'),
(3319, 0, '1996-11-19'),
(3320, 0, '1996-11-20'),
(3321, 0, '1996-11-21'),
(3322, 0, '1996-11-22'),
(3323, 0, '1996-11-23'),
(3324, 0, '1996-11-24'),
(3325, 0, '1996-11-25'),
(3326, 0, '1996-11-26'),
(3327, 0, '1996-11-27'),
(3328, 0, '1996-11-28'),
(3329, 0, '1996-11-29'),
(3330, 0, '1996-11-30'),
(3331, 0, '1996-12-01'),
(3332, 0, '1996-12-02'),
(3333, 0, '1996-12-03'),
(3334, 0, '1996-12-04'),
(3335, 0, '1996-12-05'),
(3336, 0, '1996-12-06'),
(3337, 0, '1996-12-07'),
(3338, 0, '1996-12-08'),
(3339, 0, '1996-12-09'),
(3340, 0, '1996-12-10'),
(3341, 0, '1996-12-11'),
(3342, 0, '1996-12-12'),
(3343, 0, '1996-12-13'),
(3344, 0, '1996-12-14'),
(3345, 0, '1996-12-15'),
(3346, 0, '1996-12-16'),
(3347, 0, '1996-12-17'),
(3348, 0, '1996-12-18'),
(3349, 0, '1996-12-19'),
(3350, 0, '1996-12-20'),
(3351, 0, '1996-12-21'),
(3352, 0, '1996-12-22'),
(3353, 0, '1996-12-23'),
(3354, 0, '1996-12-24'),
(3355, 0, '1996-12-25'),
(3356, 0, '1996-12-26'),
(3357, 0, '1996-12-27'),
(3358, 0, '1996-12-28'),
(3359, 0, '1996-12-29'),
(3360, 0, '1996-12-30'),
(3361, 0, '1996-12-31'),
(3362, 0, '1997-01-01'),
(3363, 0, '1997-01-02'),
(3364, 0, '1997-01-03'),
(3365, 0, '1997-01-04'),
(3366, 0, '1997-01-05'),
(3367, 0, '1997-01-06'),
(3368, 0, '1997-01-07'),
(3369, 0, '1997-01-08'),
(3370, 0, '1997-01-09'),
(3371, 0, '1997-01-10'),
(3372, 0, '1997-01-11'),
(3373, 0, '1997-01-12'),
(3374, 0, '1997-01-13'),
(3375, 0, '1997-01-14'),
(3376, 0, '1997-01-15'),
(3377, 0, '1997-01-16'),
(3378, 0, '1997-01-17'),
(3379, 0, '1997-01-18'),
(3380, 0, '1997-01-19'),
(3381, 0, '1997-01-20'),
(3382, 0, '1997-01-21'),
(3383, 0, '1997-01-22'),
(3384, 0, '1997-01-23'),
(3385, 0, '1997-01-24'),
(3386, 0, '1997-01-25'),
(3387, 0, '1997-01-26'),
(3388, 0, '1997-01-27'),
(3389, 0, '1997-01-28'),
(3390, 0, '1997-01-29'),
(3391, 0, '1997-01-30'),
(3392, 0, '1997-01-31'),
(3393, 0, '1997-02-01'),
(3394, 0, '1997-02-02'),
(3395, 0, '1997-02-03'),
(3396, 0, '1997-02-04'),
(3397, 0, '1997-02-05'),
(3398, 0, '1997-02-06'),
(3399, 0, '1997-02-07'),
(3400, 0, '1997-02-08'),
(3401, 0, '1997-02-09'),
(3402, 0, '1997-02-10'),
(3403, 0, '1997-02-11'),
(3404, 0, '1997-02-12'),
(3405, 0, '1997-02-13'),
(3406, 0, '1997-02-14'),
(3407, 0, '1997-02-15'),
(3408, 0, '1997-02-16'),
(3409, 0, '1997-02-17'),
(3410, 0, '1997-02-18'),
(3411, 0, '1997-02-19'),
(3412, 0, '1997-02-20'),
(3413, 0, '1997-02-21'),
(3414, 0, '1997-02-22'),
(3415, 0, '1997-02-23'),
(3416, 0, '1997-02-24'),
(3417, 0, '1997-02-25'),
(3418, 0, '1997-02-26'),
(3419, 0, '1997-02-27'),
(3420, 0, '1997-02-28'),
(3421, 0, '1997-03-01'),
(3422, 0, '1997-03-02'),
(3423, 0, '1997-03-03'),
(3424, 0, '1997-03-04'),
(3425, 0, '1997-03-05'),
(3426, 0, '1997-03-06'),
(3427, 0, '1997-03-07'),
(3428, 0, '1997-03-08'),
(3429, 0, '1997-03-09'),
(3430, 0, '1997-03-10'),
(3431, 0, '1997-03-11'),
(3432, 0, '1997-03-12'),
(3433, 0, '1997-03-13'),
(3434, 0, '1997-03-14'),
(3435, 0, '1997-03-15'),
(3436, 0, '1997-03-16'),
(3437, 0, '1997-03-17'),
(3438, 0, '1997-03-18'),
(3439, 0, '1997-03-19'),
(3440, 0, '1997-03-20'),
(3441, 0, '1997-03-21'),
(3442, 0, '1997-03-22'),
(3443, 0, '1997-03-23'),
(3444, 0, '1997-03-24'),
(3445, 0, '1997-03-25'),
(3446, 0, '1997-03-26'),
(3447, 0, '1997-03-27'),
(3448, 0, '1997-03-28'),
(3449, 0, '1997-03-29'),
(3450, 0, '1997-03-30'),
(3451, 0, '1997-03-31'),
(3452, 0, '1997-04-01'),
(3453, 0, '1997-04-02'),
(3454, 0, '1997-04-03'),
(3455, 0, '1997-04-04'),
(3456, 0, '1997-04-05'),
(3457, 0, '1997-04-06'),
(3458, 0, '1997-04-07'),
(3459, 0, '1997-04-08'),
(3460, 0, '1997-04-09'),
(3461, 0, '1997-04-10'),
(3462, 0, '1997-04-11'),
(3463, 0, '1997-04-12'),
(3464, 0, '1997-04-13'),
(3465, 0, '1997-04-14'),
(3466, 0, '1997-04-15'),
(3467, 0, '1997-04-16'),
(3468, 0, '1997-04-17'),
(3469, 0, '1997-04-18'),
(3470, 0, '1997-04-19'),
(3471, 0, '1997-04-20'),
(3472, 0, '1997-04-21'),
(3473, 0, '1997-04-22'),
(3474, 0, '1997-04-23'),
(3475, 0, '1997-04-24'),
(3476, 0, '1997-04-25'),
(3477, 0, '1997-04-26'),
(3478, 0, '1997-04-27'),
(3479, 0, '1997-04-28'),
(3480, 0, '1997-04-29'),
(3481, 0, '1997-04-30'),
(3482, 0, '1997-05-01'),
(3483, 0, '1997-05-02'),
(3484, 0, '1997-05-03'),
(3485, 0, '1997-05-04'),
(3486, 0, '1997-05-05'),
(3487, 0, '1997-05-06'),
(3488, 0, '1997-05-07'),
(3489, 0, '1997-05-08'),
(3490, 0, '1997-05-09'),
(3491, 0, '1997-05-10'),
(3492, 0, '1997-05-11'),
(3493, 0, '1997-05-12'),
(3494, 0, '1997-05-13'),
(3495, 0, '1997-05-14'),
(3496, 0, '1997-05-15'),
(3497, 0, '1997-05-16'),
(3498, 0, '1997-05-17'),
(3499, 0, '1997-05-18'),
(3500, 0, '1997-05-19'),
(3501, 0, '1997-05-20'),
(3502, 0, '1997-05-21'),
(3503, 0, '1997-05-22'),
(3504, 0, '1997-05-23'),
(3505, 0, '1997-05-24'),
(3506, 0, '1997-05-25'),
(3507, 0, '1997-05-26'),
(3508, 0, '1997-05-27'),
(3509, 0, '1997-05-28'),
(3510, 0, '1997-05-29'),
(3511, 0, '1997-05-30'),
(3512, 0, '1997-05-31'),
(3513, 0, '1997-06-01'),
(3514, 0, '1997-06-02'),
(3515, 0, '1997-06-03'),
(3516, 0, '1997-06-04'),
(3517, 0, '1997-06-05'),
(3518, 0, '1997-06-06'),
(3519, 0, '1997-06-07'),
(3520, 0, '1997-06-08'),
(3521, 0, '1997-06-09'),
(3522, 0, '1997-06-10'),
(3523, 0, '1997-06-11'),
(3524, 0, '1997-06-12'),
(3525, 0, '1997-06-13'),
(3526, 0, '1997-06-14'),
(3527, 0, '1997-06-15'),
(3528, 0, '1997-06-16'),
(3529, 0, '1997-06-17'),
(3530, 0, '1997-06-18'),
(3531, 0, '1997-06-19'),
(3532, 0, '1997-06-20'),
(3533, 0, '1997-06-21'),
(3534, 0, '1997-06-22'),
(3535, 0, '1997-06-23'),
(3536, 0, '1997-06-24'),
(3537, 0, '1997-06-25'),
(3538, 0, '1997-06-26'),
(3539, 0, '1997-06-27'),
(3540, 0, '1997-06-28'),
(3541, 0, '1997-06-29'),
(3542, 0, '1997-06-30'),
(3543, 0, '1997-07-01'),
(3544, 0, '1997-07-02'),
(3545, 0, '1997-07-03'),
(3546, 0, '1997-07-04'),
(3547, 0, '1997-07-05'),
(3548, 0, '1997-07-06'),
(3549, 0, '1997-07-07'),
(3550, 0, '1997-07-08'),
(3551, 0, '1997-07-09'),
(3552, 0, '1997-07-10'),
(3553, 0, '1997-07-11'),
(3554, 0, '1997-07-12'),
(3555, 0, '1997-07-13'),
(3556, 0, '1997-07-14'),
(3557, 0, '1997-07-15'),
(3558, 0, '1997-07-16'),
(3559, 0, '1997-07-17'),
(3560, 0, '1997-07-18'),
(3561, 0, '1997-07-19'),
(3562, 0, '1997-07-20'),
(3563, 0, '1997-07-21'),
(3564, 0, '1997-07-22'),
(3565, 0, '1997-07-23'),
(3566, 0, '1997-07-24'),
(3567, 0, '1997-07-25'),
(3568, 0, '1997-07-26'),
(3569, 0, '1997-07-27'),
(3570, 0, '1997-07-28'),
(3571, 0, '1997-07-29'),
(3572, 0, '1997-07-30'),
(3573, 0, '1997-07-31'),
(3574, 0, '1997-08-01'),
(3575, 0, '1997-08-02'),
(3576, 0, '1997-08-03'),
(3577, 0, '1997-08-04'),
(3578, 0, '1997-08-05'),
(3579, 0, '1997-08-06'),
(3580, 0, '1997-08-07'),
(3581, 0, '1997-08-08'),
(3582, 0, '1997-08-09'),
(3583, 0, '1997-08-10'),
(3584, 0, '1997-08-11'),
(3585, 0, '1997-08-12'),
(3586, 0, '1997-08-13'),
(3587, 0, '1997-08-14'),
(3588, 0, '1997-08-15'),
(3589, 0, '1997-08-16'),
(3590, 0, '1997-08-17'),
(3591, 0, '1997-08-18'),
(3592, 0, '1997-08-19'),
(3593, 0, '1997-08-20'),
(3594, 0, '1997-08-21'),
(3595, 0, '1997-08-22'),
(3596, 0, '1997-08-23'),
(3597, 0, '1997-08-24'),
(3598, 0, '1997-08-25'),
(3599, 0, '1997-08-26'),
(3600, 0, '1997-08-27'),
(3601, 0, '1997-08-28'),
(3602, 0, '1997-08-29'),
(3603, 0, '1997-08-30'),
(3604, 0, '1997-08-31'),
(3605, 0, '1997-09-01'),
(3606, 0, '1997-09-02'),
(3607, 0, '1997-09-03'),
(3608, 0, '1997-09-04'),
(3609, 0, '1997-09-05'),
(3610, 0, '1997-09-06'),
(3611, 0, '1997-09-07'),
(3612, 0, '1997-09-08'),
(3613, 0, '1997-09-09'),
(3614, 0, '1997-09-10'),
(3615, 0, '1997-09-11'),
(3616, 0, '1997-09-12'),
(3617, 0, '1997-09-13'),
(3618, 0, '1997-09-14'),
(3619, 0, '1997-09-15'),
(3620, 0, '1997-09-16'),
(3621, 0, '1997-09-17'),
(3622, 0, '1997-09-18'),
(3623, 0, '1997-09-19'),
(3624, 0, '1997-09-20'),
(3625, 0, '1997-09-21'),
(3626, 0, '1997-09-22'),
(3627, 0, '1997-09-23'),
(3628, 0, '1997-09-24'),
(3629, 0, '1997-09-25'),
(3630, 0, '1997-09-26'),
(3631, 0, '1997-09-27'),
(3632, 0, '1997-09-28'),
(3633, 0, '1997-09-29'),
(3634, 0, '1997-09-30'),
(3635, 0, '1997-10-01'),
(3636, 0, '1997-10-02'),
(3637, 0, '1997-10-03'),
(3638, 0, '1997-10-04'),
(3639, 0, '1997-10-05'),
(3640, 0, '1997-10-06'),
(3641, 0, '1997-10-07'),
(3642, 0, '1997-10-08'),
(3643, 0, '1997-10-09'),
(3644, 0, '1997-10-10'),
(3645, 0, '1997-10-11'),
(3646, 0, '1997-10-12'),
(3647, 0, '1997-10-13'),
(3648, 0, '1997-10-14'),
(3649, 0, '1997-10-15'),
(3650, 0, '1997-10-16'),
(3651, 0, '1997-10-17'),
(3652, 0, '1997-10-18'),
(3653, 0, '1997-10-19'),
(3654, 0, '1997-10-20'),
(3655, 0, '1997-10-21'),
(3656, 0, '1997-10-22'),
(3657, 0, '1997-10-23'),
(3658, 0, '1997-10-24'),
(3659, 0, '1997-10-25'),
(3660, 0, '1997-10-26'),
(3661, 0, '1997-10-27'),
(3662, 0, '1997-10-28'),
(3663, 0, '1997-10-29'),
(3664, 0, '1997-10-30'),
(3665, 0, '1997-10-31'),
(3666, 0, '1997-11-01'),
(3667, 0, '1997-11-02'),
(3668, 0, '1997-11-03'),
(3669, 0, '1997-11-04'),
(3670, 0, '1997-11-05'),
(3671, 0, '1997-11-06'),
(3672, 0, '1997-11-07'),
(3673, 0, '1997-11-08'),
(3674, 0, '1997-11-09'),
(3675, 0, '1997-11-10'),
(3676, 0, '1997-11-11'),
(3677, 0, '1997-11-12'),
(3678, 0, '1997-11-13'),
(3679, 0, '1997-11-14'),
(3680, 0, '1997-11-15'),
(3681, 0, '1997-11-16'),
(3682, 0, '1997-11-17'),
(3683, 0, '1997-11-18'),
(3684, 0, '1997-11-19'),
(3685, 0, '1997-11-20'),
(3686, 0, '1997-11-21'),
(3687, 0, '1997-11-22'),
(3688, 0, '1997-11-23'),
(3689, 0, '1997-11-24'),
(3690, 0, '1997-11-25'),
(3691, 0, '1997-11-26'),
(3692, 0, '1997-11-27'),
(3693, 0, '1997-11-28'),
(3694, 0, '1997-11-29'),
(3695, 0, '1997-11-30'),
(3696, 0, '1997-12-01'),
(3697, 0, '1997-12-02'),
(3698, 0, '1997-12-03'),
(3699, 0, '1997-12-04'),
(3700, 0, '1997-12-05'),
(3701, 0, '1997-12-06'),
(3702, 0, '1997-12-07'),
(3703, 0, '1997-12-08'),
(3704, 0, '1997-12-09'),
(3705, 0, '1997-12-10'),
(3706, 0, '1997-12-11'),
(3707, 0, '1997-12-12'),
(3708, 0, '1997-12-13'),
(3709, 0, '1997-12-14'),
(3710, 0, '1997-12-15'),
(3711, 0, '1997-12-16'),
(3712, 0, '1997-12-17'),
(3713, 0, '1997-12-18'),
(3714, 0, '1997-12-19'),
(3715, 0, '1997-12-20'),
(3716, 0, '1997-12-21'),
(3717, 0, '1997-12-22'),
(3718, 0, '1997-12-23'),
(3719, 0, '1997-12-24'),
(3720, 0, '1997-12-25'),
(3721, 0, '1997-12-26'),
(3722, 0, '1997-12-27'),
(3723, 0, '1997-12-28'),
(3724, 0, '1997-12-29'),
(3725, 0, '1997-12-30'),
(3726, 0, '1997-12-31'),
(3727, 0, '1998-01-01'),
(3728, 0, '1998-01-02'),
(3729, 0, '1998-01-03'),
(3730, 0, '1998-01-04'),
(3731, 0, '1998-01-05'),
(3732, 0, '1998-01-06'),
(3733, 0, '1998-01-07'),
(3734, 0, '1998-01-08'),
(3735, 0, '1998-01-09'),
(3736, 0, '1998-01-10'),
(3737, 0, '1998-01-11'),
(3738, 0, '1998-01-12'),
(3739, 0, '1998-01-13'),
(3740, 0, '1998-01-14'),
(3741, 0, '1998-01-15'),
(3742, 0, '1998-01-16'),
(3743, 0, '1998-01-17'),
(3744, 0, '1998-01-18'),
(3745, 0, '1998-01-19'),
(3746, 0, '1998-01-20'),
(3747, 0, '1998-01-21'),
(3748, 0, '1998-01-22'),
(3749, 0, '1998-01-23'),
(3750, 0, '1998-01-24'),
(3751, 0, '1998-01-25'),
(3752, 0, '1998-01-26'),
(3753, 0, '1998-01-27'),
(3754, 0, '1998-01-28'),
(3755, 0, '1998-01-29'),
(3756, 0, '1998-01-30'),
(3757, 0, '1998-01-31'),
(3758, 0, '1998-02-01'),
(3759, 0, '1998-02-02'),
(3760, 0, '1998-02-03'),
(3761, 0, '1998-02-04'),
(3762, 0, '1998-02-05'),
(3763, 0, '1998-02-06'),
(3764, 0, '1998-02-07'),
(3765, 0, '1998-02-08'),
(3766, 0, '1998-02-09'),
(3767, 0, '1998-02-10'),
(3768, 0, '1998-02-11'),
(3769, 0, '1998-02-12'),
(3770, 0, '1998-02-13'),
(3771, 0, '1998-02-14'),
(3772, 0, '1998-02-15'),
(3773, 0, '1998-02-16'),
(3774, 0, '1998-02-17'),
(3775, 0, '1998-02-18'),
(3776, 0, '1998-02-19'),
(3777, 0, '1998-02-20'),
(3778, 0, '1998-02-21'),
(3779, 0, '1998-02-22'),
(3780, 0, '1998-02-23'),
(3781, 0, '1998-02-24'),
(3782, 0, '1998-02-25'),
(3783, 0, '1998-02-26'),
(3784, 0, '1998-02-27'),
(3785, 0, '1998-02-28'),
(3786, 0, '1998-03-01'),
(3787, 0, '1998-03-02'),
(3788, 0, '1998-03-03'),
(3789, 0, '1998-03-04'),
(3790, 0, '1998-03-05'),
(3791, 0, '1998-03-06'),
(3792, 0, '1998-03-07'),
(3793, 0, '1998-03-08'),
(3794, 0, '1998-03-09'),
(3795, 0, '1998-03-10'),
(3796, 0, '1998-03-11'),
(3797, 0, '1998-03-12'),
(3798, 0, '1998-03-13'),
(3799, 0, '1998-03-14'),
(3800, 0, '1998-03-15'),
(3801, 0, '1998-03-16'),
(3802, 0, '1998-03-17'),
(3803, 0, '1998-03-18'),
(3804, 0, '1998-03-19'),
(3805, 0, '1998-03-20'),
(3806, 0, '1998-03-21'),
(3807, 0, '1998-03-22'),
(3808, 0, '1998-03-23'),
(3809, 0, '1998-03-24'),
(3810, 0, '1998-03-25'),
(3811, 0, '1998-03-26'),
(3812, 0, '1998-03-27'),
(3813, 0, '1998-03-28'),
(3814, 0, '1998-03-29'),
(3815, 0, '1998-03-30'),
(3816, 0, '1998-03-31'),
(3817, 0, '1998-04-01'),
(3818, 0, '1998-04-02'),
(3819, 0, '1998-04-03'),
(3820, 0, '1998-04-04'),
(3821, 0, '1998-04-05'),
(3822, 0, '1998-04-06'),
(3823, 0, '1998-04-07'),
(3824, 0, '1998-04-08'),
(3825, 0, '1998-04-09'),
(3826, 0, '1998-04-10'),
(3827, 0, '1998-04-11'),
(3828, 0, '1998-04-12'),
(3829, 0, '1998-04-13'),
(3830, 0, '1998-04-14'),
(3831, 0, '1998-04-15'),
(3832, 0, '1998-04-16'),
(3833, 0, '1998-04-17'),
(3834, 0, '1998-04-18'),
(3835, 0, '1998-04-19'),
(3836, 0, '1998-04-20'),
(3837, 0, '1998-04-21'),
(3838, 0, '1998-04-22'),
(3839, 0, '1998-04-23'),
(3840, 0, '1998-04-24'),
(3841, 0, '1998-04-25'),
(3842, 0, '1998-04-26'),
(3843, 0, '1998-04-27'),
(3844, 0, '1998-04-28'),
(3845, 0, '1998-04-29'),
(3846, 0, '1998-04-30'),
(3847, 0, '1998-05-01'),
(3848, 0, '1998-05-02'),
(3849, 0, '1998-05-03'),
(3850, 0, '1998-05-04'),
(3851, 0, '1998-05-05'),
(3852, 0, '1998-05-06'),
(3853, 0, '1998-05-07'),
(3854, 0, '1998-05-08'),
(3855, 0, '1998-05-09'),
(3856, 0, '1998-05-10'),
(3857, 0, '1998-05-11'),
(3858, 0, '1998-05-12'),
(3859, 0, '1998-05-13'),
(3860, 0, '1998-05-14'),
(3861, 0, '1998-05-15'),
(3862, 0, '1998-05-16'),
(3863, 0, '1998-05-17'),
(3864, 0, '1998-05-18'),
(3865, 0, '1998-05-19'),
(3866, 0, '1998-05-20'),
(3867, 0, '1998-05-21'),
(3868, 0, '1998-05-22'),
(3869, 0, '1998-05-23'),
(3870, 0, '1998-05-24'),
(3871, 0, '1998-05-25'),
(3872, 0, '1998-05-26'),
(3873, 0, '1998-05-27'),
(3874, 0, '1998-05-28'),
(3875, 0, '1998-05-29'),
(3876, 0, '1998-05-30'),
(3877, 0, '1998-05-31'),
(3878, 0, '1998-06-01'),
(3879, 0, '1998-06-02'),
(3880, 0, '1998-06-03'),
(3881, 0, '1998-06-04'),
(3882, 0, '1998-06-05'),
(3883, 0, '1998-06-06'),
(3884, 0, '1998-06-07'),
(3885, 0, '1998-06-08'),
(3886, 0, '1998-06-09'),
(3887, 0, '1998-06-10'),
(3888, 0, '1998-06-11'),
(3889, 0, '1998-06-12'),
(3890, 0, '1998-06-13'),
(3891, 0, '1998-06-14'),
(3892, 0, '1998-06-15'),
(3893, 0, '1998-06-16'),
(3894, 0, '1998-06-17'),
(3895, 0, '1998-06-18'),
(3896, 0, '1998-06-19'),
(3897, 0, '1998-06-20'),
(3898, 0, '1998-06-21'),
(3899, 0, '1998-06-22'),
(3900, 0, '1998-06-23'),
(3901, 0, '1998-06-24'),
(3902, 0, '1998-06-25'),
(3903, 0, '1998-06-26'),
(3904, 0, '1998-06-27'),
(3905, 0, '1998-06-28'),
(3906, 0, '1998-06-29'),
(3907, 0, '1998-06-30'),
(3908, 0, '1998-07-01'),
(3909, 0, '1998-07-02'),
(3910, 0, '1998-07-03'),
(3911, 0, '1998-07-04'),
(3912, 0, '1998-07-05'),
(3913, 0, '1998-07-06'),
(3914, 0, '1998-07-07'),
(3915, 0, '1998-07-08'),
(3916, 0, '1998-07-09'),
(3917, 0, '1998-07-10'),
(3918, 0, '1998-07-11'),
(3919, 0, '1998-07-12'),
(3920, 0, '1998-07-13'),
(3921, 0, '1998-07-14'),
(3922, 0, '1998-07-15'),
(3923, 0, '1998-07-16'),
(3924, 0, '1998-07-17'),
(3925, 0, '1998-07-18'),
(3926, 0, '1998-07-19'),
(3927, 0, '1998-07-20'),
(3928, 0, '1998-07-21'),
(3929, 0, '1998-07-22'),
(3930, 0, '1998-07-23'),
(3931, 0, '1998-07-24'),
(3932, 0, '1998-07-25'),
(3933, 0, '1998-07-26'),
(3934, 0, '1998-07-27'),
(3935, 0, '1998-07-28'),
(3936, 0, '1998-07-29'),
(3937, 0, '1998-07-30'),
(3938, 0, '1998-07-31'),
(3939, 0, '1998-08-01'),
(3940, 0, '1998-08-02'),
(3941, 0, '1998-08-03'),
(3942, 0, '1998-08-04'),
(3943, 0, '1998-08-05'),
(3944, 0, '1998-08-06'),
(3945, 0, '1998-08-07'),
(3946, 0, '1998-08-08'),
(3947, 0, '1998-08-09'),
(3948, 0, '1998-08-10'),
(3949, 0, '1998-08-11'),
(3950, 0, '1998-08-12'),
(3951, 0, '1998-08-13'),
(3952, 0, '1998-08-14'),
(3953, 0, '1998-08-15'),
(3954, 0, '1998-08-16'),
(3955, 0, '1998-08-17'),
(3956, 0, '1998-08-18'),
(3957, 0, '1998-08-19'),
(3958, 0, '1998-08-20'),
(3959, 0, '1998-08-21'),
(3960, 0, '1998-08-22'),
(3961, 0, '1998-08-23'),
(3962, 0, '1998-08-24'),
(3963, 0, '1998-08-25'),
(3964, 0, '1998-08-26'),
(3965, 0, '1998-08-27'),
(3966, 0, '1998-08-28'),
(3967, 0, '1998-08-29'),
(3968, 0, '1998-08-30'),
(3969, 0, '1998-08-31'),
(3970, 0, '1998-09-01'),
(3971, 0, '1998-09-02'),
(3972, 0, '1998-09-03'),
(3973, 0, '1998-09-04'),
(3974, 0, '1998-09-05'),
(3975, 0, '1998-09-06'),
(3976, 0, '1998-09-07'),
(3977, 0, '1998-09-08'),
(3978, 0, '1998-09-09'),
(3979, 0, '1998-09-10'),
(3980, 0, '1998-09-11'),
(3981, 0, '1998-09-12'),
(3982, 0, '1998-09-13'),
(3983, 0, '1998-09-14'),
(3984, 0, '1998-09-15'),
(3985, 0, '1998-09-16'),
(3986, 0, '1998-09-17'),
(3987, 0, '1998-09-18'),
(3988, 0, '1998-09-19'),
(3989, 0, '1998-09-20'),
(3990, 0, '1998-09-21'),
(3991, 0, '1998-09-22'),
(3992, 0, '1998-09-23'),
(3993, 0, '1998-09-24'),
(3994, 0, '1998-09-25'),
(3995, 0, '1998-09-26'),
(3996, 0, '1998-09-27'),
(3997, 0, '1998-09-28'),
(3998, 0, '1998-09-29'),
(3999, 0, '1998-09-30'),
(4000, 0, '1998-10-01'),
(4001, 0, '1998-10-02'),
(4002, 0, '1998-10-03'),
(4003, 0, '1998-10-04'),
(4004, 0, '1998-10-05'),
(4005, 0, '1998-10-06'),
(4006, 0, '1998-10-07'),
(4007, 0, '1998-10-08'),
(4008, 0, '1998-10-09'),
(4009, 0, '1998-10-10'),
(4010, 0, '1998-10-11'),
(4011, 0, '1998-10-12'),
(4012, 0, '1998-10-13'),
(4013, 0, '1998-10-14'),
(4014, 0, '1998-10-15'),
(4015, 0, '1998-10-16'),
(4016, 0, '1998-10-17'),
(4017, 0, '1998-10-18'),
(4018, 0, '1998-10-19'),
(4019, 0, '1998-10-20'),
(4020, 0, '1998-10-21'),
(4021, 0, '1998-10-22'),
(4022, 0, '1998-10-23'),
(4023, 0, '1998-10-24'),
(4024, 0, '1998-10-25'),
(4025, 0, '1998-10-26'),
(4026, 0, '1998-10-27'),
(4027, 0, '1998-10-28'),
(4028, 0, '1998-10-29'),
(4029, 0, '1998-10-30'),
(4030, 0, '1998-10-31'),
(4031, 0, '1998-11-01'),
(4032, 0, '1998-11-02'),
(4033, 0, '1998-11-03'),
(4034, 0, '1998-11-04'),
(4035, 0, '1998-11-05'),
(4036, 0, '1998-11-06'),
(4037, 0, '1998-11-07'),
(4038, 0, '1998-11-08'),
(4039, 0, '1998-11-09'),
(4040, 0, '1998-11-10'),
(4041, 0, '1998-11-11'),
(4042, 0, '1998-11-12'),
(4043, 0, '1998-11-13'),
(4044, 0, '1998-11-14'),
(4045, 0, '1998-11-15'),
(4046, 0, '1998-11-16'),
(4047, 0, '1998-11-17'),
(4048, 0, '1998-11-18'),
(4049, 0, '1998-11-19'),
(4050, 0, '1998-11-20'),
(4051, 0, '1998-11-21'),
(4052, 0, '1998-11-22'),
(4053, 0, '1998-11-23'),
(4054, 0, '1998-11-24'),
(4055, 0, '1998-11-25'),
(4056, 0, '1998-11-26'),
(4057, 0, '1998-11-27'),
(4058, 0, '1998-11-28'),
(4059, 0, '1998-11-29'),
(4060, 0, '1998-11-30'),
(4061, 0, '1998-12-01'),
(4062, 0, '1998-12-02'),
(4063, 0, '1998-12-03'),
(4064, 0, '1998-12-04'),
(4065, 0, '1998-12-05'),
(4066, 0, '1998-12-06'),
(4067, 0, '1998-12-07'),
(4068, 0, '1998-12-08'),
(4069, 0, '1998-12-09'),
(4070, 0, '1998-12-10'),
(4071, 0, '1998-12-11'),
(4072, 0, '1998-12-12'),
(4073, 0, '1998-12-13'),
(4074, 0, '1998-12-14'),
(4075, 0, '1998-12-15'),
(4076, 0, '1998-12-16'),
(4077, 0, '1998-12-17'),
(4078, 0, '1998-12-18'),
(4079, 0, '1998-12-19'),
(4080, 0, '1998-12-20'),
(4081, 0, '1998-12-21'),
(4082, 0, '1998-12-22'),
(4083, 0, '1998-12-23'),
(4084, 0, '1998-12-24'),
(4085, 0, '1998-12-25'),
(4086, 0, '1998-12-26'),
(4087, 0, '1998-12-27'),
(4088, 0, '1998-12-28'),
(4089, 0, '1998-12-29'),
(4090, 0, '1998-12-30'),
(4091, 0, '1998-12-31'),
(4092, 0, '1999-01-01'),
(4093, 0, '1999-01-02'),
(4094, 0, '1999-01-03'),
(4095, 0, '1999-01-04'),
(4096, 0, '1999-01-05'),
(4097, 0, '1999-01-06'),
(4098, 0, '1999-01-07'),
(4099, 0, '1999-01-08'),
(4100, 0, '1999-01-09'),
(4101, 0, '1999-01-10'),
(4102, 0, '1999-01-11'),
(4103, 0, '1999-01-12'),
(4104, 0, '1999-01-13'),
(4105, 0, '1999-01-14'),
(4106, 0, '1999-01-15'),
(4107, 0, '1999-01-16'),
(4108, 0, '1999-01-17'),
(4109, 0, '1999-01-18'),
(4110, 0, '1999-01-19'),
(4111, 0, '1999-01-20'),
(4112, 0, '1999-01-21'),
(4113, 0, '1999-01-22'),
(4114, 0, '1999-01-23'),
(4115, 0, '1999-01-24'),
(4116, 0, '1999-01-25'),
(4117, 0, '1999-01-26'),
(4118, 0, '1999-01-27'),
(4119, 0, '1999-01-28'),
(4120, 0, '1999-01-29'),
(4121, 0, '1999-01-30'),
(4122, 0, '1999-01-31'),
(4123, 0, '1999-02-01'),
(4124, 0, '1999-02-02'),
(4125, 0, '1999-02-03'),
(4126, 0, '1999-02-04'),
(4127, 0, '1999-02-05'),
(4128, 0, '1999-02-06'),
(4129, 0, '1999-02-07'),
(4130, 0, '1999-02-08'),
(4131, 0, '1999-02-09'),
(4132, 0, '1999-02-10'),
(4133, 0, '1999-02-11'),
(4134, 0, '1999-02-12'),
(4135, 0, '1999-02-13'),
(4136, 0, '1999-02-14'),
(4137, 0, '1999-02-15'),
(4138, 0, '1999-02-16'),
(4139, 0, '1999-02-17'),
(4140, 0, '1999-02-18'),
(4141, 0, '1999-02-19'),
(4142, 0, '1999-02-20'),
(4143, 0, '1999-02-21'),
(4144, 0, '1999-02-22'),
(4145, 0, '1999-02-23'),
(4146, 0, '1999-02-24'),
(4147, 0, '1999-02-25'),
(4148, 0, '1999-02-26'),
(4149, 0, '1999-02-27'),
(4150, 0, '1999-02-28'),
(4151, 0, '1999-03-01'),
(4152, 0, '1999-03-02'),
(4153, 0, '1999-03-03'),
(4154, 0, '1999-03-04'),
(4155, 0, '1999-03-05'),
(4156, 0, '1999-03-06'),
(4157, 0, '1999-03-07'),
(4158, 0, '1999-03-08'),
(4159, 0, '1999-03-09'),
(4160, 0, '1999-03-10'),
(4161, 0, '1999-03-11'),
(4162, 0, '1999-03-12'),
(4163, 0, '1999-03-13'),
(4164, 0, '1999-03-14'),
(4165, 0, '1999-03-15'),
(4166, 0, '1999-03-16'),
(4167, 0, '1999-03-17'),
(4168, 0, '1999-03-18'),
(4169, 0, '1999-03-19'),
(4170, 0, '1999-03-20'),
(4171, 0, '1999-03-21'),
(4172, 0, '1999-03-22'),
(4173, 0, '1999-03-23'),
(4174, 0, '1999-03-24'),
(4175, 0, '1999-03-25'),
(4176, 0, '1999-03-26'),
(4177, 0, '1999-03-27'),
(4178, 0, '1999-03-28'),
(4179, 0, '1999-03-29'),
(4180, 0, '1999-03-30'),
(4181, 0, '1999-03-31'),
(4182, 0, '1999-04-01'),
(4183, 0, '1999-04-02'),
(4184, 0, '1999-04-03'),
(4185, 0, '1999-04-04'),
(4186, 0, '1999-04-05'),
(4187, 0, '1999-04-06'),
(4188, 0, '1999-04-07'),
(4189, 0, '1999-04-08'),
(4190, 0, '1999-04-09'),
(4191, 0, '1999-04-10'),
(4192, 0, '1999-04-11'),
(4193, 0, '1999-04-12'),
(4194, 0, '1999-04-13'),
(4195, 0, '1999-04-14'),
(4196, 0, '1999-04-15'),
(4197, 0, '1999-04-16'),
(4198, 0, '1999-04-17'),
(4199, 0, '1999-04-18'),
(4200, 0, '1999-04-19'),
(4201, 0, '1999-04-20'),
(4202, 0, '1999-04-21'),
(4203, 0, '1999-04-22'),
(4204, 0, '1999-04-23'),
(4205, 0, '1999-04-24'),
(4206, 0, '1999-04-25'),
(4207, 0, '1999-04-26'),
(4208, 0, '1999-04-27'),
(4209, 0, '1999-04-28'),
(4210, 0, '1999-04-29'),
(4211, 0, '1999-04-30'),
(4212, 0, '1999-05-01'),
(4213, 0, '1999-05-02'),
(4214, 0, '1999-05-03'),
(4215, 0, '1999-05-04'),
(4216, 0, '1999-05-05'),
(4217, 0, '1999-05-06'),
(4218, 0, '1999-05-07'),
(4219, 0, '1999-05-08'),
(4220, 0, '1999-05-09'),
(4221, 0, '1999-05-10'),
(4222, 0, '1999-05-11'),
(4223, 0, '1999-05-12'),
(4224, 0, '1999-05-13'),
(4225, 0, '1999-05-14'),
(4226, 0, '1999-05-15'),
(4227, 0, '1999-05-16'),
(4228, 0, '1999-05-17'),
(4229, 0, '1999-05-18'),
(4230, 0, '1999-05-19'),
(4231, 0, '1999-05-20'),
(4232, 0, '1999-05-21'),
(4233, 0, '1999-05-22'),
(4234, 0, '1999-05-23'),
(4235, 0, '1999-05-24'),
(4236, 0, '1999-05-25'),
(4237, 0, '1999-05-26'),
(4238, 0, '1999-05-27'),
(4239, 0, '1999-05-28'),
(4240, 0, '1999-05-29'),
(4241, 0, '1999-05-30'),
(4242, 0, '1999-05-31'),
(4243, 0, '1999-06-01'),
(4244, 0, '1999-06-02'),
(4245, 0, '1999-06-03'),
(4246, 0, '1999-06-04'),
(4247, 0, '1999-06-05'),
(4248, 0, '1999-06-06'),
(4249, 0, '1999-06-07'),
(4250, 0, '1999-06-08'),
(4251, 0, '1999-06-09'),
(4252, 0, '1999-06-10'),
(4253, 0, '1999-06-11'),
(4254, 0, '1999-06-12'),
(4255, 0, '1999-06-13'),
(4256, 0, '1999-06-14'),
(4257, 0, '1999-06-15'),
(4258, 0, '1999-06-16'),
(4259, 0, '1999-06-17'),
(4260, 0, '1999-06-18'),
(4261, 0, '1999-06-19'),
(4262, 0, '1999-06-20'),
(4263, 0, '1999-06-21'),
(4264, 0, '1999-06-22'),
(4265, 0, '1999-06-23'),
(4266, 0, '1999-06-24'),
(4267, 0, '1999-06-25'),
(4268, 0, '1999-06-26'),
(4269, 0, '1999-06-27'),
(4270, 0, '1999-06-28'),
(4271, 0, '1999-06-29'),
(4272, 0, '1999-06-30'),
(4273, 0, '1999-07-01'),
(4274, 0, '1999-07-02'),
(4275, 0, '1999-07-03'),
(4276, 0, '1999-07-04'),
(4277, 0, '1999-07-05'),
(4278, 0, '1999-07-06'),
(4279, 0, '1999-07-07'),
(4280, 0, '1999-07-08'),
(4281, 0, '1999-07-09'),
(4282, 0, '1999-07-10'),
(4283, 0, '1999-07-11'),
(4284, 0, '1999-07-12'),
(4285, 0, '1999-07-13'),
(4286, 0, '1999-07-14'),
(4287, 0, '1999-07-15'),
(4288, 0, '1999-07-16'),
(4289, 0, '1999-07-17'),
(4290, 0, '1999-07-18'),
(4291, 0, '1999-07-19'),
(4292, 0, '1999-07-20'),
(4293, 0, '1999-07-21'),
(4294, 0, '1999-07-22'),
(4295, 0, '1999-07-23'),
(4296, 0, '1999-07-24'),
(4297, 0, '1999-07-25'),
(4298, 0, '1999-07-26'),
(4299, 0, '1999-07-27'),
(4300, 0, '1999-07-28'),
(4301, 0, '1999-07-29'),
(4302, 0, '1999-07-30'),
(4303, 0, '1999-07-31'),
(4304, 0, '1999-08-01'),
(4305, 0, '1999-08-02'),
(4306, 0, '1999-08-03'),
(4307, 0, '1999-08-04'),
(4308, 0, '1999-08-05'),
(4309, 0, '1999-08-06'),
(4310, 0, '1999-08-07'),
(4311, 0, '1999-08-08'),
(4312, 0, '1999-08-09'),
(4313, 0, '1999-08-10'),
(4314, 0, '1999-08-11'),
(4315, 0, '1999-08-12'),
(4316, 0, '1999-08-13'),
(4317, 0, '1999-08-14'),
(4318, 0, '1999-08-15'),
(4319, 0, '1999-08-16'),
(4320, 0, '1999-08-17'),
(4321, 0, '1999-08-18'),
(4322, 0, '1999-08-19'),
(4323, 0, '1999-08-20'),
(4324, 0, '1999-08-21'),
(4325, 0, '1999-08-22'),
(4326, 0, '1999-08-23'),
(4327, 0, '1999-08-24'),
(4328, 0, '1999-08-25'),
(4329, 0, '1999-08-26'),
(4330, 0, '1999-08-27'),
(4331, 0, '1999-08-28'),
(4332, 0, '1999-08-29'),
(4333, 0, '1999-08-30'),
(4334, 0, '1999-08-31'),
(4335, 0, '1999-09-01'),
(4336, 0, '1999-09-02'),
(4337, 0, '1999-09-03'),
(4338, 0, '1999-09-04'),
(4339, 0, '1999-09-05'),
(4340, 0, '1999-09-06'),
(4341, 0, '1999-09-07'),
(4342, 0, '1999-09-08'),
(4343, 0, '1999-09-09'),
(4344, 0, '1999-09-10'),
(4345, 0, '1999-09-11'),
(4346, 0, '1999-09-12'),
(4347, 0, '1999-09-13'),
(4348, 0, '1999-09-14'),
(4349, 0, '1999-09-15'),
(4350, 0, '1999-09-16'),
(4351, 0, '1999-09-17'),
(4352, 0, '1999-09-18'),
(4353, 0, '1999-09-19'),
(4354, 0, '1999-09-20'),
(4355, 0, '1999-09-21'),
(4356, 0, '1999-09-22'),
(4357, 0, '1999-09-23'),
(4358, 0, '1999-09-24'),
(4359, 0, '1999-09-25'),
(4360, 0, '1999-09-26'),
(4361, 0, '1999-09-27'),
(4362, 0, '1999-09-28'),
(4363, 0, '1999-09-29'),
(4364, 0, '1999-09-30'),
(4365, 0, '1999-10-01'),
(4366, 0, '1999-10-02'),
(4367, 0, '1999-10-03'),
(4368, 0, '1999-10-04'),
(4369, 0, '1999-10-05'),
(4370, 0, '1999-10-06'),
(4371, 0, '1999-10-07'),
(4372, 0, '1999-10-08'),
(4373, 0, '1999-10-09'),
(4374, 0, '1999-10-10'),
(4375, 0, '1999-10-11'),
(4376, 0, '1999-10-12'),
(4377, 0, '1999-10-13'),
(4378, 0, '1999-10-14'),
(4379, 0, '1999-10-15'),
(4380, 0, '1999-10-16'),
(4381, 0, '1999-10-17'),
(4382, 0, '1999-10-18'),
(4383, 0, '1999-10-19'),
(4384, 0, '1999-10-20'),
(4385, 0, '1999-10-21'),
(4386, 0, '1999-10-22'),
(4387, 0, '1999-10-23'),
(4388, 0, '1999-10-24');
INSERT INTO `tb_praktik_tgl` (`id_praktik_tgl`, `id_praktik`, `praktik_tgl`) VALUES
(4389, 0, '1999-10-25'),
(4390, 0, '1999-10-26'),
(4391, 0, '1999-10-27'),
(4392, 0, '1999-10-28'),
(4393, 0, '1999-10-29'),
(4394, 0, '1999-10-30'),
(4395, 0, '1999-10-31'),
(4396, 0, '1999-11-01'),
(4397, 0, '1999-11-02'),
(4398, 0, '1999-11-03'),
(4399, 0, '1999-11-04'),
(4400, 0, '1999-11-05'),
(4401, 0, '1999-11-06'),
(4402, 0, '1999-11-07'),
(4403, 0, '1999-11-08'),
(4404, 0, '1999-11-09'),
(4405, 0, '1999-11-10'),
(4406, 0, '1999-11-11'),
(4407, 0, '1999-11-12'),
(4408, 0, '1999-11-13'),
(4409, 0, '1999-11-14'),
(4410, 0, '1999-11-15'),
(4411, 0, '1999-11-16'),
(4412, 0, '1999-11-17'),
(4413, 0, '1999-11-18'),
(4414, 0, '1999-11-19'),
(4415, 0, '1999-11-20'),
(4416, 0, '1999-11-21'),
(4417, 0, '1999-11-22'),
(4418, 0, '1999-11-23'),
(4419, 0, '1999-11-24'),
(4420, 0, '1999-11-25'),
(4421, 0, '1999-11-26'),
(4422, 0, '1999-11-27'),
(4423, 0, '1999-11-28'),
(4424, 0, '1999-11-29'),
(4425, 0, '1999-11-30'),
(4426, 0, '1999-12-01'),
(4427, 0, '1999-12-02'),
(4428, 0, '1999-12-03'),
(4429, 0, '1999-12-04'),
(4430, 0, '1999-12-05'),
(4431, 0, '1999-12-06'),
(4432, 0, '1999-12-07'),
(4433, 0, '1999-12-08'),
(4434, 0, '1999-12-09'),
(4435, 0, '1999-12-10'),
(4436, 0, '1999-12-11'),
(4437, 0, '1999-12-12'),
(4438, 0, '1999-12-13'),
(4439, 0, '1999-12-14'),
(4440, 0, '1999-12-15'),
(4441, 0, '1999-12-16'),
(4442, 0, '1999-12-17'),
(4443, 0, '1999-12-18'),
(4444, 0, '1999-12-19'),
(4445, 0, '1999-12-20'),
(4446, 0, '1999-12-21'),
(4447, 0, '1999-12-22'),
(4448, 0, '1999-12-23'),
(4449, 0, '1999-12-24'),
(4450, 0, '1999-12-25'),
(4451, 0, '1999-12-26'),
(4452, 0, '1999-12-27'),
(4453, 0, '1999-12-28'),
(4454, 0, '1999-12-29'),
(4455, 0, '1999-12-30'),
(4456, 0, '1999-12-31'),
(4457, 0, '2000-01-01'),
(4458, 0, '2000-01-02'),
(4459, 0, '2000-01-03'),
(4460, 0, '2000-01-04'),
(4461, 0, '2000-01-05'),
(4462, 0, '2000-01-06'),
(4463, 0, '2000-01-07'),
(4464, 0, '2000-01-08'),
(4465, 0, '2000-01-09'),
(4466, 0, '2000-01-10'),
(4467, 0, '2000-01-11'),
(4468, 0, '2000-01-12'),
(4469, 0, '2000-01-13'),
(4470, 0, '2000-01-14'),
(4471, 0, '2000-01-15'),
(4472, 0, '2000-01-16'),
(4473, 0, '2000-01-17'),
(4474, 0, '2000-01-18'),
(4475, 0, '2000-01-19'),
(4476, 0, '2000-01-20'),
(4477, 0, '2000-01-21'),
(4478, 0, '2000-01-22'),
(4479, 0, '2000-01-23'),
(4480, 0, '2000-01-24'),
(4481, 0, '2000-01-25'),
(4482, 0, '2000-01-26'),
(4483, 0, '2000-01-27'),
(4484, 0, '2000-01-28'),
(4485, 0, '2000-01-29'),
(4486, 0, '2000-01-30'),
(4487, 0, '2000-01-31'),
(4488, 0, '2000-02-01'),
(4489, 0, '2000-02-02'),
(4490, 0, '2000-02-03'),
(4491, 0, '2000-02-04'),
(4492, 0, '2000-02-05'),
(4493, 0, '2000-02-06'),
(4494, 0, '2000-02-07'),
(4495, 0, '2000-02-08'),
(4496, 0, '2000-02-09'),
(4497, 0, '2000-02-10'),
(4498, 0, '2000-02-11'),
(4499, 0, '2000-02-12'),
(4500, 0, '2000-02-13'),
(4501, 0, '2000-02-14'),
(4502, 0, '2000-02-15'),
(4503, 0, '2000-02-16'),
(4504, 0, '2000-02-17'),
(4505, 0, '2000-02-18'),
(4506, 0, '2000-02-19'),
(4507, 0, '2000-02-20'),
(4508, 0, '2000-02-21'),
(4509, 0, '2000-02-22'),
(4510, 0, '2000-02-23'),
(4511, 0, '2000-02-24'),
(4512, 0, '2000-02-25'),
(4513, 0, '2000-02-26'),
(4514, 0, '2000-02-27'),
(4515, 0, '2000-02-28'),
(4516, 0, '2000-02-29'),
(4517, 0, '2000-03-01'),
(4518, 0, '2000-03-02'),
(4519, 0, '2000-03-03'),
(4520, 0, '2000-03-04'),
(4521, 0, '2000-03-05'),
(4522, 0, '2000-03-06'),
(4523, 0, '2000-03-07'),
(4524, 0, '2000-03-08'),
(4525, 0, '2000-03-09'),
(4526, 0, '2000-03-10'),
(4527, 0, '2000-03-11'),
(4528, 0, '2000-03-12'),
(4529, 0, '2000-03-13'),
(4530, 0, '2000-03-14'),
(4531, 0, '2000-03-15'),
(4532, 0, '2000-03-16'),
(4533, 0, '2000-03-17'),
(4534, 0, '2000-03-18'),
(4535, 0, '2000-03-19'),
(4536, 0, '2000-03-20'),
(4537, 0, '2000-03-21'),
(4538, 0, '2000-03-22'),
(4539, 0, '2000-03-23'),
(4540, 0, '2000-03-24'),
(4541, 0, '2000-03-25'),
(4542, 0, '2000-03-26'),
(4543, 0, '2000-03-27'),
(4544, 0, '2000-03-28'),
(4545, 0, '2000-03-29'),
(4546, 0, '2000-03-30'),
(4547, 0, '2000-03-31'),
(4548, 0, '2000-04-01'),
(4549, 0, '2000-04-02'),
(4550, 0, '2000-04-03'),
(4551, 0, '2000-04-04'),
(4552, 0, '2000-04-05'),
(4553, 0, '2000-04-06'),
(4554, 0, '2000-04-07'),
(4555, 0, '2000-04-08'),
(4556, 0, '2000-04-09'),
(4557, 0, '2000-04-10'),
(4558, 0, '2000-04-11'),
(4559, 0, '2000-04-12'),
(4560, 0, '2000-04-13'),
(4561, 0, '2000-04-14'),
(4562, 0, '2000-04-15'),
(4563, 0, '2000-04-16'),
(4564, 0, '2000-04-17'),
(4565, 0, '2000-04-18'),
(4566, 0, '2000-04-19'),
(4567, 0, '2000-04-20'),
(4568, 0, '2000-04-21'),
(4569, 0, '2000-04-22'),
(4570, 0, '2000-04-23'),
(4571, 0, '2000-04-24'),
(4572, 0, '2000-04-25'),
(4573, 0, '2000-04-26'),
(4574, 0, '2000-04-27'),
(4575, 0, '2000-04-28'),
(4576, 0, '2000-04-29'),
(4577, 0, '2000-04-30'),
(4578, 0, '2000-05-01'),
(4579, 0, '2000-05-02'),
(4580, 0, '2000-05-03'),
(4581, 0, '2000-05-04'),
(4582, 0, '2000-05-05'),
(4583, 0, '2000-05-06'),
(4584, 0, '2000-05-07'),
(4585, 0, '2000-05-08'),
(4586, 0, '2000-05-09'),
(4587, 0, '2000-05-10'),
(4588, 0, '2000-05-11'),
(4589, 0, '2000-05-12'),
(4590, 0, '2000-05-13'),
(4591, 0, '2000-05-14'),
(4592, 0, '2000-05-15'),
(4593, 0, '2000-05-16'),
(4594, 0, '2000-05-17'),
(4595, 0, '2000-05-18'),
(4596, 0, '2000-05-19'),
(4597, 0, '2000-05-20'),
(4598, 0, '2000-05-21'),
(4599, 0, '2000-05-22'),
(4600, 0, '2000-05-23'),
(4601, 0, '2000-05-24'),
(4602, 0, '2000-05-25'),
(4603, 0, '2000-05-26'),
(4604, 0, '2000-05-27'),
(4605, 0, '2000-05-28'),
(4606, 0, '2000-05-29'),
(4607, 0, '2000-05-30'),
(4608, 0, '2000-05-31'),
(4609, 0, '2000-06-01'),
(4610, 0, '2000-06-02'),
(4611, 0, '2000-06-03'),
(4612, 0, '2000-06-04'),
(4613, 0, '2000-06-05'),
(4614, 0, '2000-06-06'),
(4615, 0, '2000-06-07'),
(4616, 0, '2000-06-08'),
(4617, 0, '2000-06-09'),
(4618, 0, '2000-06-10'),
(4619, 0, '2000-06-11'),
(4620, 0, '2000-06-12'),
(4621, 0, '2000-06-13'),
(4622, 0, '2000-06-14'),
(4623, 0, '2000-06-15'),
(4624, 0, '2000-06-16'),
(4625, 0, '2000-06-17'),
(4626, 0, '2000-06-18'),
(4627, 0, '2000-06-19'),
(4628, 0, '2000-06-20'),
(4629, 0, '2000-06-21'),
(4630, 0, '2000-06-22'),
(4631, 0, '2000-06-23'),
(4632, 0, '2000-06-24'),
(4633, 0, '2000-06-25'),
(4634, 0, '2000-06-26'),
(4635, 0, '2000-06-27'),
(4636, 0, '2000-06-28'),
(4637, 0, '2000-06-29'),
(4638, 0, '2000-06-30'),
(4639, 0, '2000-07-01'),
(4640, 0, '2000-07-02'),
(4641, 0, '2000-07-03'),
(4642, 0, '2000-07-04'),
(4643, 0, '2000-07-05'),
(4644, 0, '2000-07-06'),
(4645, 0, '2000-07-07'),
(4646, 0, '2000-07-08'),
(4647, 0, '2000-07-09'),
(4648, 0, '2000-07-10'),
(4649, 0, '2000-07-11'),
(4650, 0, '2000-07-12'),
(4651, 0, '2000-07-13'),
(4652, 0, '2000-07-14'),
(4653, 0, '2000-07-15'),
(4654, 0, '2000-07-16'),
(4655, 0, '2000-07-17'),
(4656, 0, '2000-07-18'),
(4657, 0, '2000-07-19'),
(4658, 0, '2000-07-20'),
(4659, 0, '2000-07-21'),
(4660, 0, '2000-07-22'),
(4661, 0, '2000-07-23'),
(4662, 0, '2000-07-24'),
(4663, 0, '2000-07-25'),
(4664, 0, '2000-07-26'),
(4665, 0, '2000-07-27'),
(4666, 0, '2000-07-28'),
(4667, 0, '2000-07-29'),
(4668, 0, '2000-07-30'),
(4669, 0, '2000-07-31'),
(4670, 0, '2000-08-01'),
(4671, 0, '2000-08-02'),
(4672, 0, '2000-08-03'),
(4673, 0, '2000-08-04'),
(4674, 0, '2000-08-05'),
(4675, 0, '2000-08-06'),
(4676, 0, '2000-08-07'),
(4677, 0, '2000-08-08'),
(4678, 0, '2000-08-09'),
(4679, 0, '2000-08-10'),
(4680, 0, '2000-08-11'),
(4681, 0, '2000-08-12'),
(4682, 0, '2000-08-13'),
(4683, 0, '2000-08-14'),
(4684, 0, '2000-08-15'),
(4685, 0, '2000-08-16'),
(4686, 0, '2000-08-17'),
(4687, 0, '2000-08-18'),
(4688, 0, '2000-08-19'),
(4689, 0, '2000-08-20'),
(4690, 0, '2000-08-21'),
(4691, 0, '2000-08-22'),
(4692, 0, '2000-08-23'),
(4693, 0, '2000-08-24'),
(4694, 0, '2000-08-25'),
(4695, 0, '2000-08-26'),
(4696, 0, '2000-08-27'),
(4697, 0, '2000-08-28'),
(4698, 0, '2000-08-29'),
(4699, 0, '2000-08-30'),
(4700, 0, '2000-08-31'),
(4701, 0, '2000-09-01'),
(4702, 0, '2000-09-02'),
(4703, 0, '2000-09-03'),
(4704, 0, '2000-09-04'),
(4705, 0, '2000-09-05'),
(4706, 0, '2000-09-06'),
(4707, 0, '2000-09-07'),
(4708, 0, '2000-09-08'),
(4709, 0, '2000-09-09'),
(4710, 0, '2000-09-10'),
(4711, 0, '2000-09-11'),
(4712, 0, '2000-09-12'),
(4713, 0, '2000-09-13'),
(4714, 0, '2000-09-14'),
(4715, 0, '2000-09-15'),
(4716, 0, '2000-09-16'),
(4717, 0, '2000-09-17'),
(4718, 0, '2000-09-18'),
(4719, 0, '2000-09-19'),
(4720, 0, '2000-09-20'),
(4721, 0, '2000-09-21'),
(4722, 0, '2000-09-22'),
(4723, 0, '2000-09-23'),
(4724, 0, '2000-09-24'),
(4725, 0, '2000-09-25'),
(4726, 0, '2000-09-26'),
(4727, 0, '2000-09-27'),
(4728, 0, '2000-09-28'),
(4729, 0, '2000-09-29'),
(4730, 0, '2000-09-30'),
(4731, 0, '2000-10-01'),
(4732, 0, '2000-10-02'),
(4733, 0, '2000-10-03'),
(4734, 0, '2000-10-04'),
(4735, 0, '2000-10-05'),
(4736, 0, '2000-10-06'),
(4737, 0, '2000-10-07'),
(4738, 0, '2000-10-08'),
(4739, 0, '2000-10-09'),
(4740, 0, '2000-10-10'),
(4741, 0, '2000-10-11'),
(4742, 0, '2000-10-12'),
(4743, 0, '2000-10-13'),
(4744, 0, '2000-10-14'),
(4745, 0, '2000-10-15'),
(4746, 0, '2000-10-16'),
(4747, 0, '2000-10-17'),
(4748, 0, '2000-10-18'),
(4749, 0, '2000-10-19'),
(4750, 0, '2000-10-20'),
(4751, 0, '2000-10-21'),
(4752, 0, '2000-10-22'),
(4753, 0, '2000-10-23'),
(4754, 0, '2000-10-24'),
(4755, 0, '2000-10-25'),
(4756, 0, '2000-10-26'),
(4757, 0, '2000-10-27'),
(4758, 0, '2000-10-28'),
(4759, 0, '2000-10-29'),
(4760, 0, '2000-10-30'),
(4761, 0, '2000-10-31'),
(4762, 0, '2000-11-01'),
(4763, 0, '2000-11-02'),
(4764, 0, '2000-11-03'),
(4765, 0, '2000-11-04'),
(4766, 0, '2000-11-05'),
(4767, 0, '2000-11-06'),
(4768, 0, '2000-11-07'),
(4769, 0, '2000-11-08'),
(4770, 0, '2000-11-09'),
(4771, 0, '2000-11-10'),
(4772, 0, '2000-11-11'),
(4773, 0, '2000-11-12'),
(4774, 0, '2000-11-13'),
(4775, 0, '2000-11-14'),
(4776, 0, '2000-11-15'),
(4777, 0, '2000-11-16'),
(4778, 0, '2000-11-17'),
(4779, 0, '2000-11-18'),
(4780, 0, '2000-11-19'),
(4781, 0, '2000-11-20'),
(4782, 0, '2000-11-21'),
(4783, 0, '2000-11-22'),
(4784, 0, '2000-11-23'),
(4785, 0, '2000-11-24'),
(4786, 0, '2000-11-25'),
(4787, 0, '2000-11-26'),
(4788, 0, '2000-11-27'),
(4789, 0, '2000-11-28'),
(4790, 0, '2000-11-29'),
(4791, 0, '2000-11-30'),
(4792, 0, '2000-12-01'),
(4793, 0, '2000-12-02'),
(4794, 0, '2000-12-03'),
(4795, 0, '2000-12-04'),
(4796, 0, '2000-12-05'),
(4797, 0, '2000-12-06'),
(4798, 0, '2000-12-07'),
(4799, 0, '2000-12-08'),
(4800, 0, '2000-12-09'),
(4801, 0, '2000-12-10'),
(4802, 0, '2000-12-11'),
(4803, 0, '2000-12-12'),
(4804, 0, '2000-12-13'),
(4805, 0, '2000-12-14'),
(4806, 0, '2000-12-15'),
(4807, 0, '2000-12-16'),
(4808, 0, '2000-12-17'),
(4809, 0, '2000-12-18'),
(4810, 0, '2000-12-19'),
(4811, 0, '2000-12-20'),
(4812, 0, '2000-12-21'),
(4813, 0, '2000-12-22'),
(4814, 0, '2000-12-23'),
(4815, 0, '2000-12-24'),
(4816, 0, '2000-12-25'),
(4817, 0, '2000-12-26'),
(4818, 0, '2000-12-27'),
(4819, 0, '2000-12-28'),
(4820, 0, '2000-12-29'),
(4821, 0, '2000-12-30'),
(4822, 0, '2000-12-31'),
(4823, 0, '2001-01-01'),
(4824, 0, '2001-01-02'),
(4825, 0, '2001-01-03'),
(4826, 0, '2001-01-04'),
(4827, 0, '2001-01-05'),
(4828, 0, '2001-01-06'),
(4829, 0, '2001-01-07'),
(4830, 0, '2001-01-08'),
(4831, 0, '2001-01-09'),
(4832, 0, '2001-01-10'),
(4833, 0, '2001-01-11'),
(4834, 0, '2001-01-12'),
(4835, 0, '2001-01-13'),
(4836, 0, '2001-01-14'),
(4837, 0, '2001-01-15'),
(4838, 0, '2001-01-16'),
(4839, 0, '2001-01-17'),
(4840, 0, '2001-01-18'),
(4841, 0, '2001-01-19'),
(4842, 0, '2001-01-20'),
(4843, 0, '2001-01-21'),
(4844, 0, '2001-01-22'),
(4845, 0, '2001-01-23'),
(4846, 0, '2001-01-24'),
(4847, 0, '2001-01-25'),
(4848, 0, '2001-01-26'),
(4849, 0, '2001-01-27'),
(4850, 0, '2001-01-28'),
(4851, 0, '2001-01-29'),
(4852, 0, '2001-01-30'),
(4853, 0, '2001-01-31'),
(4854, 0, '2001-02-01'),
(4855, 0, '2001-02-02'),
(4856, 0, '2001-02-03'),
(4857, 0, '2001-02-04'),
(4858, 0, '2001-02-05'),
(4859, 0, '2001-02-06'),
(4860, 0, '2001-02-07'),
(4861, 0, '2001-02-08'),
(4862, 0, '2001-02-09'),
(4863, 0, '2001-02-10'),
(4864, 0, '2001-02-11'),
(4865, 0, '2001-02-12'),
(4866, 0, '2001-02-13'),
(4867, 0, '2001-02-14'),
(4868, 0, '2001-02-15'),
(4869, 0, '2001-02-16'),
(4870, 0, '2001-02-17'),
(4871, 0, '2001-02-18'),
(4872, 0, '2001-02-19'),
(4873, 0, '2001-02-20'),
(4874, 0, '2001-02-21'),
(4875, 0, '2001-02-22'),
(4876, 0, '2001-02-23'),
(4877, 0, '2001-02-24'),
(4878, 0, '2001-02-25'),
(4879, 0, '2001-02-26'),
(4880, 0, '2001-02-27'),
(4881, 0, '2001-02-28'),
(4882, 0, '2001-03-01'),
(4883, 0, '2001-03-02'),
(4884, 0, '2001-03-03'),
(4885, 0, '2001-03-04'),
(4886, 0, '2001-03-05'),
(4887, 0, '2001-03-06'),
(4888, 0, '2001-03-07'),
(4889, 0, '2001-03-08'),
(4890, 0, '2001-03-09'),
(4891, 0, '2001-03-10'),
(4892, 0, '2001-03-11'),
(4893, 0, '2001-03-12'),
(4894, 0, '2001-03-13'),
(4895, 0, '2001-03-14'),
(4896, 0, '2001-03-15'),
(4897, 0, '2001-03-16'),
(4898, 0, '2001-03-17'),
(4899, 0, '2001-03-18'),
(4900, 0, '2001-03-19'),
(4901, 0, '2001-03-20'),
(4902, 0, '2001-03-21'),
(4903, 0, '2001-03-22'),
(4904, 0, '2001-03-23'),
(4905, 0, '2001-03-24'),
(4906, 0, '2001-03-25'),
(4907, 0, '2001-03-26'),
(4908, 0, '2001-03-27'),
(4909, 0, '2001-03-28'),
(4910, 0, '2001-03-29'),
(4911, 0, '2001-03-30'),
(4912, 0, '2001-03-31'),
(4913, 0, '2001-04-01'),
(4914, 0, '2001-04-02'),
(4915, 0, '2001-04-03'),
(4916, 0, '2001-04-04'),
(4917, 0, '2001-04-05'),
(4918, 0, '2001-04-06'),
(4919, 0, '2001-04-07'),
(4920, 0, '2001-04-08'),
(4921, 0, '2001-04-09'),
(4922, 0, '2001-04-10'),
(4923, 0, '2001-04-11'),
(4924, 0, '2001-04-12'),
(4925, 0, '2001-04-13'),
(4926, 0, '2001-04-14'),
(4927, 0, '2001-04-15'),
(4928, 0, '2001-04-16'),
(4929, 0, '2001-04-17'),
(4930, 0, '2001-04-18'),
(4931, 0, '2001-04-19'),
(4932, 0, '2001-04-20'),
(4933, 0, '2001-04-21'),
(4934, 0, '2001-04-22'),
(4935, 0, '2001-04-23'),
(4936, 0, '2001-04-24'),
(4937, 0, '2001-04-25'),
(4938, 0, '2001-04-26'),
(4939, 0, '2001-04-27'),
(4940, 0, '2001-04-28'),
(4941, 0, '2001-04-29'),
(4942, 0, '2001-04-30'),
(4943, 0, '2001-05-01'),
(4944, 0, '2001-05-02'),
(4945, 0, '2001-05-03'),
(4946, 0, '2001-05-04'),
(4947, 0, '2001-05-05'),
(4948, 0, '2001-05-06'),
(4949, 0, '2001-05-07'),
(4950, 0, '2001-05-08'),
(4951, 0, '2001-05-09'),
(4952, 0, '2001-05-10'),
(4953, 0, '2001-05-11'),
(4954, 0, '2001-05-12'),
(4955, 0, '2001-05-13'),
(4956, 0, '2001-05-14'),
(4957, 0, '2001-05-15'),
(4958, 0, '2001-05-16'),
(4959, 0, '2001-05-17'),
(4960, 0, '2001-05-18'),
(4961, 0, '2001-05-19'),
(4962, 0, '2001-05-20'),
(4963, 0, '2001-05-21'),
(4964, 0, '2001-05-22'),
(4965, 0, '2001-05-23'),
(4966, 0, '2001-05-24'),
(4967, 0, '2001-05-25'),
(4968, 0, '2001-05-26'),
(4969, 0, '2001-05-27'),
(4970, 0, '2001-05-28'),
(4971, 0, '2001-05-29'),
(4972, 0, '2001-05-30'),
(4973, 0, '2001-05-31'),
(4974, 0, '2001-06-01'),
(4975, 0, '2001-06-02'),
(4976, 0, '2001-06-03'),
(4977, 0, '2001-06-04'),
(4978, 0, '2001-06-05'),
(4979, 0, '2001-06-06'),
(4980, 0, '2001-06-07'),
(4981, 0, '2001-06-08'),
(4982, 0, '2001-06-09'),
(4983, 0, '2001-06-10'),
(4984, 0, '2001-06-11'),
(4985, 0, '2001-06-12'),
(4986, 0, '2001-06-13'),
(4987, 0, '2001-06-14'),
(4988, 0, '2001-06-15'),
(4989, 0, '2001-06-16'),
(4990, 0, '2001-06-17'),
(4991, 0, '2001-06-18'),
(4992, 0, '2001-06-19'),
(4993, 0, '2001-06-20'),
(4994, 0, '2001-06-21'),
(4995, 0, '2001-06-22'),
(4996, 0, '2001-06-23'),
(4997, 0, '2001-06-24'),
(4998, 0, '2001-06-25'),
(4999, 0, '2001-06-26'),
(5000, 0, '2001-06-27'),
(5001, 0, '2001-06-28'),
(5002, 0, '2001-06-29'),
(5003, 0, '2001-06-30'),
(5004, 0, '2001-07-01'),
(5005, 0, '2001-07-02'),
(5006, 0, '2001-07-03'),
(5007, 0, '2001-07-04'),
(5008, 0, '2001-07-05'),
(5009, 0, '2001-07-06'),
(5010, 0, '2001-07-07'),
(5011, 0, '2001-07-08'),
(5012, 0, '2001-07-09'),
(5013, 0, '2001-07-10'),
(5014, 0, '2001-07-11'),
(5015, 0, '2001-07-12'),
(5016, 0, '2001-07-13'),
(5017, 0, '2001-07-14'),
(5018, 0, '2001-07-15'),
(5019, 0, '2001-07-16'),
(5020, 0, '2001-07-17'),
(5021, 0, '2001-07-18'),
(5022, 0, '2001-07-19'),
(5023, 0, '2001-07-20'),
(5024, 0, '2001-07-21'),
(5025, 0, '2001-07-22'),
(5026, 0, '2001-07-23'),
(5027, 0, '2001-07-24'),
(5028, 0, '2001-07-25'),
(5029, 0, '2001-07-26'),
(5030, 0, '2001-07-27'),
(5031, 0, '2001-07-28'),
(5032, 0, '2001-07-29'),
(5033, 0, '2001-07-30'),
(5034, 0, '2001-07-31'),
(5035, 0, '2001-08-01'),
(5036, 0, '2001-08-02'),
(5037, 0, '2001-08-03'),
(5038, 0, '2001-08-04'),
(5039, 0, '2001-08-05'),
(5040, 0, '2001-08-06'),
(5041, 0, '2001-08-07'),
(5042, 0, '2001-08-08'),
(5043, 0, '2001-08-09'),
(5044, 0, '2001-08-10'),
(5045, 0, '2001-08-11'),
(5046, 0, '2001-08-12'),
(5047, 0, '2001-08-13'),
(5048, 0, '2001-08-14'),
(5049, 0, '2001-08-15'),
(5050, 0, '2001-08-16'),
(5051, 0, '2001-08-17'),
(5052, 0, '2001-08-18'),
(5053, 0, '2001-08-19'),
(5054, 0, '2001-08-20'),
(5055, 0, '2001-08-21'),
(5056, 0, '2001-08-22'),
(5057, 0, '2001-08-23'),
(5058, 0, '2001-08-24'),
(5059, 0, '2001-08-25'),
(5060, 0, '2001-08-26'),
(5061, 0, '2001-08-27'),
(5062, 0, '2001-08-28'),
(5063, 0, '2001-08-29'),
(5064, 0, '2001-08-30'),
(5065, 0, '2001-08-31'),
(5066, 0, '2001-09-01'),
(5067, 0, '2001-09-02'),
(5068, 0, '2001-09-03'),
(5069, 0, '2001-09-04'),
(5070, 0, '2001-09-05'),
(5071, 0, '2001-09-06'),
(5072, 0, '2001-09-07'),
(5073, 0, '2001-09-08'),
(5074, 0, '2001-09-09'),
(5075, 0, '2001-09-10'),
(5076, 0, '2001-09-11'),
(5077, 0, '2001-09-12'),
(5078, 0, '2001-09-13'),
(5079, 0, '2001-09-14'),
(5080, 0, '2001-09-15'),
(5081, 0, '2001-09-16'),
(5082, 0, '2001-09-17'),
(5083, 0, '2001-09-18'),
(5084, 0, '2001-09-19'),
(5085, 0, '2001-09-20'),
(5086, 0, '2001-09-21'),
(5087, 0, '2001-09-22'),
(5088, 0, '2001-09-23'),
(5089, 0, '2001-09-24'),
(5090, 0, '2001-09-25'),
(5091, 0, '2001-09-26'),
(5092, 0, '2001-09-27'),
(5093, 0, '2001-09-28'),
(5094, 0, '2001-09-29'),
(5095, 0, '2001-09-30'),
(5096, 0, '2001-10-01'),
(5097, 0, '2001-10-02'),
(5098, 0, '2001-10-03'),
(5099, 0, '2001-10-04'),
(5100, 0, '2001-10-05'),
(5101, 0, '2001-10-06'),
(5102, 0, '2001-10-07'),
(5103, 0, '2001-10-08'),
(5104, 0, '2001-10-09'),
(5105, 0, '2001-10-10'),
(5106, 0, '2001-10-11'),
(5107, 0, '2001-10-12'),
(5108, 0, '2001-10-13'),
(5109, 0, '2001-10-14'),
(5110, 0, '2001-10-15'),
(5111, 0, '2001-10-16'),
(5112, 0, '2001-10-17'),
(5113, 0, '2001-10-18'),
(5114, 0, '2001-10-19'),
(5115, 0, '2001-10-20'),
(5116, 0, '2001-10-21'),
(5117, 0, '2001-10-22'),
(5118, 0, '2001-10-23'),
(5119, 0, '2001-10-24'),
(5120, 0, '2001-10-25'),
(5121, 0, '2001-10-26'),
(5122, 0, '2001-10-27'),
(5123, 0, '2001-10-28'),
(5124, 0, '2001-10-29'),
(5125, 0, '2001-10-30'),
(5126, 0, '2001-10-31'),
(5127, 0, '2001-11-01'),
(5128, 0, '2001-11-02'),
(5129, 0, '2001-11-03'),
(5130, 0, '2001-11-04'),
(5131, 0, '2001-11-05'),
(5132, 0, '2001-11-06'),
(5133, 0, '2001-11-07'),
(5134, 0, '2001-11-08'),
(5135, 0, '2001-11-09'),
(5136, 0, '2001-11-10'),
(5137, 0, '2001-11-11'),
(5138, 0, '2001-11-12'),
(5139, 0, '2001-11-13'),
(5140, 0, '2001-11-14'),
(5141, 0, '2001-11-15'),
(5142, 0, '2001-11-16'),
(5143, 0, '2001-11-17'),
(5144, 0, '2001-11-18'),
(5145, 0, '2001-11-19'),
(5146, 0, '2001-11-20'),
(5147, 0, '2001-11-21'),
(5148, 0, '2001-11-22'),
(5149, 0, '2001-11-23'),
(5150, 0, '2001-11-24'),
(5151, 0, '2001-11-25'),
(5152, 0, '2001-11-26'),
(5153, 0, '2001-11-27'),
(5154, 0, '2001-11-28'),
(5155, 0, '2001-11-29'),
(5156, 0, '2001-11-30'),
(5157, 0, '2001-12-01'),
(5158, 0, '2001-12-02'),
(5159, 0, '2001-12-03'),
(5160, 0, '2001-12-04'),
(5161, 0, '2001-12-05'),
(5162, 0, '2001-12-06'),
(5163, 0, '2001-12-07'),
(5164, 0, '2001-12-08'),
(5165, 0, '2001-12-09'),
(5166, 0, '2001-12-10'),
(5167, 0, '2001-12-11'),
(5168, 0, '2001-12-12'),
(5169, 0, '2001-12-13'),
(5170, 0, '2001-12-14'),
(5171, 0, '2001-12-15'),
(5172, 0, '2001-12-16'),
(5173, 0, '2001-12-17'),
(5174, 0, '2001-12-18'),
(5175, 0, '2001-12-19'),
(5176, 0, '2001-12-20'),
(5177, 0, '2001-12-21'),
(5178, 0, '2001-12-22'),
(5179, 0, '2001-12-23'),
(5180, 0, '2001-12-24'),
(5181, 0, '2001-12-25'),
(5182, 0, '2001-12-26'),
(5183, 0, '2001-12-27'),
(5184, 0, '2001-12-28'),
(5185, 0, '2001-12-29'),
(5186, 0, '2001-12-30'),
(5187, 0, '2001-12-31'),
(5188, 0, '2002-01-01'),
(5189, 0, '2002-01-02'),
(5190, 0, '2002-01-03'),
(5191, 0, '2002-01-04'),
(5192, 0, '2002-01-05'),
(5193, 0, '2002-01-06'),
(5194, 0, '2002-01-07'),
(5195, 0, '2002-01-08'),
(5196, 0, '2002-01-09'),
(5197, 0, '2002-01-10'),
(5198, 0, '2002-01-11'),
(5199, 0, '2002-01-12'),
(5200, 0, '2002-01-13'),
(5201, 0, '2002-01-14'),
(5202, 0, '2002-01-15'),
(5203, 0, '2002-01-16'),
(5204, 0, '2002-01-17'),
(5205, 0, '2002-01-18'),
(5206, 0, '2002-01-19'),
(5207, 0, '2002-01-20'),
(5208, 0, '2002-01-21'),
(5209, 0, '2002-01-22'),
(5210, 0, '2002-01-23'),
(5211, 0, '2002-01-24'),
(5212, 0, '2002-01-25'),
(5213, 0, '2002-01-26'),
(5214, 0, '2002-01-27'),
(5215, 0, '2002-01-28'),
(5216, 0, '2002-01-29'),
(5217, 0, '2002-01-30'),
(5218, 0, '2002-01-31'),
(5219, 0, '2002-02-01'),
(5220, 0, '2002-02-02'),
(5221, 0, '2002-02-03'),
(5222, 0, '2002-02-04'),
(5223, 0, '2002-02-05'),
(5224, 0, '2002-02-06'),
(5225, 0, '2002-02-07'),
(5226, 0, '2002-02-08'),
(5227, 0, '2002-02-09'),
(5228, 0, '2002-02-10'),
(5229, 0, '2002-02-11'),
(5230, 0, '2002-02-12'),
(5231, 0, '2002-02-13'),
(5232, 0, '2002-02-14'),
(5233, 0, '2002-02-15'),
(5234, 0, '2002-02-16'),
(5235, 0, '2002-02-17'),
(5236, 0, '2002-02-18'),
(5237, 0, '2002-02-19'),
(5238, 0, '2002-02-20'),
(5239, 0, '2002-02-21'),
(5240, 0, '2002-02-22'),
(5241, 0, '2002-02-23'),
(5242, 0, '2002-02-24'),
(5243, 0, '2002-02-25'),
(5244, 0, '2002-02-26'),
(5245, 0, '2002-02-27'),
(5246, 0, '2002-02-28'),
(5247, 0, '2002-03-01'),
(5248, 0, '2002-03-02'),
(5249, 0, '2002-03-03'),
(5250, 0, '2002-03-04'),
(5251, 0, '2002-03-05'),
(5252, 0, '2002-03-06'),
(5253, 0, '2002-03-07'),
(5254, 0, '2002-03-08'),
(5255, 0, '2002-03-09'),
(5256, 0, '2002-03-10'),
(5257, 0, '2002-03-11'),
(5258, 0, '2002-03-12'),
(5259, 0, '2002-03-13'),
(5260, 0, '2002-03-14'),
(5261, 0, '2002-03-15'),
(5262, 0, '2002-03-16'),
(5263, 0, '2002-03-17'),
(5264, 0, '2002-03-18'),
(5265, 0, '2002-03-19'),
(5266, 0, '2002-03-20'),
(5267, 0, '2002-03-21'),
(5268, 0, '2002-03-22'),
(5269, 0, '2002-03-23'),
(5270, 0, '2002-03-24'),
(5271, 0, '2002-03-25'),
(5272, 0, '2002-03-26'),
(5273, 0, '2002-03-27'),
(5274, 0, '2002-03-28'),
(5275, 0, '2002-03-29'),
(5276, 0, '2002-03-30'),
(5277, 0, '2002-03-31'),
(5278, 0, '2002-04-01'),
(5279, 0, '2002-04-02'),
(5280, 0, '2002-04-03'),
(5281, 0, '2002-04-04'),
(5282, 0, '2002-04-05'),
(5283, 0, '2002-04-06'),
(5284, 0, '2002-04-07'),
(5285, 0, '2002-04-08'),
(5286, 0, '2002-04-09'),
(5287, 0, '2002-04-10'),
(5288, 0, '2002-04-11'),
(5289, 0, '2002-04-12'),
(5290, 0, '2002-04-13'),
(5291, 0, '2002-04-14'),
(5292, 0, '2002-04-15'),
(5293, 0, '2002-04-16'),
(5294, 0, '2002-04-17'),
(5295, 0, '2002-04-18'),
(5296, 0, '2002-04-19'),
(5297, 0, '2002-04-20'),
(5298, 0, '2002-04-21'),
(5299, 0, '2002-04-22'),
(5300, 0, '2002-04-23'),
(5301, 0, '2002-04-24'),
(5302, 0, '2002-04-25'),
(5303, 0, '2002-04-26'),
(5304, 0, '2002-04-27'),
(5305, 0, '2002-04-28'),
(5306, 0, '2002-04-29'),
(5307, 0, '2002-04-30'),
(5308, 0, '2002-05-01'),
(5309, 0, '2002-05-02'),
(5310, 0, '2002-05-03'),
(5311, 0, '2002-05-04'),
(5312, 0, '2002-05-05'),
(5313, 0, '2002-05-06'),
(5314, 0, '2002-05-07'),
(5315, 0, '2002-05-08'),
(5316, 0, '2002-05-09'),
(5317, 0, '2002-05-10'),
(5318, 0, '2002-05-11'),
(5319, 0, '2002-05-12'),
(5320, 0, '2002-05-13'),
(5321, 0, '2002-05-14'),
(5322, 0, '2002-05-15'),
(5323, 0, '2002-05-16'),
(5324, 0, '2002-05-17'),
(5325, 0, '2002-05-18'),
(5326, 0, '2002-05-19'),
(5327, 0, '2002-05-20'),
(5328, 0, '2002-05-21'),
(5329, 0, '2002-05-22'),
(5330, 0, '2002-05-23'),
(5331, 0, '2002-05-24'),
(5332, 0, '2002-05-25'),
(5333, 0, '2002-05-26'),
(5334, 0, '2002-05-27'),
(5335, 0, '2002-05-28'),
(5336, 0, '2002-05-29'),
(5337, 0, '2002-05-30'),
(5338, 0, '2002-05-31'),
(5339, 0, '2002-06-01'),
(5340, 0, '2002-06-02'),
(5341, 0, '2002-06-03'),
(5342, 0, '2002-06-04'),
(5343, 0, '2002-06-05'),
(5344, 0, '2002-06-06'),
(5345, 0, '2002-06-07'),
(5346, 0, '2002-06-08'),
(5347, 0, '2002-06-09'),
(5348, 0, '2002-06-10'),
(5349, 0, '2002-06-11'),
(5350, 0, '2002-06-12'),
(5351, 0, '2002-06-13'),
(5352, 0, '2002-06-14'),
(5353, 0, '2002-06-15'),
(5354, 0, '2002-06-16'),
(5355, 0, '2002-06-17'),
(5356, 0, '2002-06-18'),
(5357, 0, '2002-06-19'),
(5358, 0, '2002-06-20'),
(5359, 0, '2002-06-21'),
(5360, 0, '2002-06-22'),
(5361, 0, '2002-06-23'),
(5362, 0, '2002-06-24'),
(5363, 0, '2002-06-25'),
(5364, 0, '2002-06-26'),
(5365, 0, '2002-06-27'),
(5366, 0, '2002-06-28'),
(5367, 0, '2002-06-29'),
(5368, 0, '2002-06-30'),
(5369, 0, '2002-07-01'),
(5370, 0, '2002-07-02'),
(5371, 0, '2002-07-03'),
(5372, 0, '2002-07-04'),
(5373, 0, '2002-07-05'),
(5374, 0, '2002-07-06'),
(5375, 0, '2002-07-07'),
(5376, 0, '2002-07-08'),
(5377, 0, '2002-07-09'),
(5378, 0, '2002-07-10'),
(5379, 0, '2002-07-11'),
(5380, 0, '2002-07-12'),
(5381, 0, '2002-07-13'),
(5382, 0, '2002-07-14'),
(5383, 0, '2002-07-15'),
(5384, 0, '2002-07-16'),
(5385, 0, '2002-07-17'),
(5386, 0, '2002-07-18'),
(5387, 0, '2002-07-19'),
(5388, 0, '2002-07-20'),
(5389, 0, '2002-07-21'),
(5390, 0, '2002-07-22'),
(5391, 0, '2002-07-23'),
(5392, 0, '2002-07-24'),
(5393, 0, '2002-07-25'),
(5394, 0, '2002-07-26'),
(5395, 0, '2002-07-27'),
(5396, 0, '2002-07-28'),
(5397, 0, '2002-07-29'),
(5398, 0, '2002-07-30'),
(5399, 0, '2002-07-31'),
(5400, 0, '2002-08-01'),
(5401, 0, '2002-08-02'),
(5402, 0, '2002-08-03'),
(5403, 0, '2002-08-04'),
(5404, 0, '2002-08-05'),
(5405, 0, '2002-08-06'),
(5406, 0, '2002-08-07'),
(5407, 0, '2002-08-08'),
(5408, 0, '2002-08-09'),
(5409, 0, '2002-08-10'),
(5410, 0, '2002-08-11'),
(5411, 0, '2002-08-12'),
(5412, 0, '2002-08-13'),
(5413, 0, '2002-08-14'),
(5414, 0, '2002-08-15'),
(5415, 0, '2002-08-16'),
(5416, 0, '2002-08-17'),
(5417, 0, '2002-08-18'),
(5418, 0, '2002-08-19'),
(5419, 0, '2002-08-20'),
(5420, 0, '2002-08-21'),
(5421, 0, '2002-08-22'),
(5422, 0, '2002-08-23'),
(5423, 0, '2002-08-24'),
(5424, 0, '2002-08-25'),
(5425, 0, '2002-08-26'),
(5426, 0, '2002-08-27'),
(5427, 0, '2002-08-28'),
(5428, 0, '2002-08-29'),
(5429, 0, '2002-08-30'),
(5430, 0, '2002-08-31'),
(5431, 0, '2002-09-01'),
(5432, 0, '2002-09-02'),
(5433, 0, '2002-09-03'),
(5434, 0, '2002-09-04'),
(5435, 0, '2002-09-05'),
(5436, 0, '2002-09-06'),
(5437, 0, '2002-09-07'),
(5438, 0, '2002-09-08'),
(5439, 0, '2002-09-09'),
(5440, 0, '2002-09-10'),
(5441, 0, '2002-09-11'),
(5442, 0, '2002-09-12'),
(5443, 0, '2002-09-13'),
(5444, 0, '2002-09-14'),
(5445, 0, '2002-09-15'),
(5446, 0, '2002-09-16'),
(5447, 0, '2002-09-17'),
(5448, 0, '2002-09-18'),
(5449, 0, '2002-09-19'),
(5450, 0, '2002-09-20'),
(5451, 0, '2002-09-21'),
(5452, 0, '2002-09-22'),
(5453, 0, '2002-09-23'),
(5454, 0, '2002-09-24'),
(5455, 0, '2002-09-25'),
(5456, 0, '2002-09-26'),
(5457, 0, '2002-09-27'),
(5458, 0, '2002-09-28'),
(5459, 0, '2002-09-29'),
(5460, 0, '2002-09-30'),
(5461, 0, '2002-10-01'),
(5462, 0, '2002-10-02'),
(5463, 0, '2002-10-03'),
(5464, 0, '2002-10-04'),
(5465, 0, '2002-10-05'),
(5466, 0, '2002-10-06'),
(5467, 0, '2002-10-07'),
(5468, 0, '2002-10-08'),
(5469, 0, '2002-10-09'),
(5470, 0, '2002-10-10'),
(5471, 0, '2002-10-11'),
(5472, 0, '2002-10-12'),
(5473, 0, '2002-10-13'),
(5474, 0, '2002-10-14'),
(5475, 0, '2002-10-15'),
(5476, 0, '2002-10-16'),
(5477, 0, '2002-10-17'),
(5478, 0, '2002-10-18'),
(5479, 0, '2002-10-19'),
(5480, 0, '2002-10-20'),
(5481, 0, '2002-10-21'),
(5482, 0, '2002-10-22'),
(5483, 0, '2002-10-23'),
(5484, 0, '2002-10-24'),
(5485, 0, '2002-10-25'),
(5486, 0, '2002-10-26'),
(5487, 0, '2002-10-27'),
(5488, 0, '2002-10-28'),
(5489, 0, '2002-10-29'),
(5490, 0, '2002-10-30'),
(5491, 0, '2002-10-31'),
(5492, 0, '2002-11-01'),
(5493, 0, '2002-11-02'),
(5494, 0, '2002-11-03'),
(5495, 0, '2002-11-04'),
(5496, 0, '2002-11-05'),
(5497, 0, '2002-11-06'),
(5498, 0, '2002-11-07'),
(5499, 0, '2002-11-08'),
(5500, 0, '2002-11-09'),
(5501, 0, '2002-11-10'),
(5502, 0, '2002-11-11'),
(5503, 0, '2002-11-12'),
(5504, 0, '2002-11-13'),
(5505, 0, '2002-11-14'),
(5506, 0, '2002-11-15'),
(5507, 0, '2002-11-16'),
(5508, 0, '2002-11-17'),
(5509, 0, '2002-11-18'),
(5510, 0, '2002-11-19'),
(5511, 0, '2002-11-20'),
(5512, 0, '2002-11-21'),
(5513, 0, '2002-11-22'),
(5514, 0, '2002-11-23'),
(5515, 0, '2002-11-24'),
(5516, 0, '2002-11-25'),
(5517, 0, '2002-11-26'),
(5518, 0, '2002-11-27'),
(5519, 0, '2002-11-28'),
(5520, 0, '2002-11-29'),
(5521, 0, '2002-11-30'),
(5522, 0, '2002-12-01'),
(5523, 0, '2002-12-02'),
(5524, 0, '2002-12-03'),
(5525, 0, '2002-12-04'),
(5526, 0, '2002-12-05'),
(5527, 0, '2002-12-06'),
(5528, 0, '2002-12-07'),
(5529, 0, '2002-12-08'),
(5530, 0, '2002-12-09'),
(5531, 0, '2002-12-10'),
(5532, 0, '2002-12-11'),
(5533, 0, '2002-12-12'),
(5534, 0, '2002-12-13'),
(5535, 0, '2002-12-14'),
(5536, 0, '2002-12-15'),
(5537, 0, '2002-12-16'),
(5538, 0, '2002-12-17'),
(5539, 0, '2002-12-18'),
(5540, 0, '2002-12-19'),
(5541, 0, '2002-12-20'),
(5542, 0, '2002-12-21'),
(5543, 0, '2002-12-22'),
(5544, 0, '2002-12-23'),
(5545, 0, '2002-12-24'),
(5546, 0, '2002-12-25'),
(5547, 0, '2002-12-26'),
(5548, 0, '2002-12-27'),
(5549, 0, '2002-12-28'),
(5550, 0, '2002-12-29'),
(5551, 0, '2002-12-30'),
(5552, 0, '2002-12-31'),
(5553, 0, '2003-01-01'),
(5554, 0, '2003-01-02'),
(5555, 0, '2003-01-03'),
(5556, 0, '2003-01-04'),
(5557, 0, '2003-01-05'),
(5558, 0, '2003-01-06'),
(5559, 0, '2003-01-07'),
(5560, 0, '2003-01-08'),
(5561, 0, '2003-01-09'),
(5562, 0, '2003-01-10'),
(5563, 0, '2003-01-11'),
(5564, 0, '2003-01-12'),
(5565, 0, '2003-01-13'),
(5566, 0, '2003-01-14'),
(5567, 0, '2003-01-15'),
(5568, 0, '2003-01-16'),
(5569, 0, '2003-01-17'),
(5570, 0, '2003-01-18'),
(5571, 0, '2003-01-19'),
(5572, 0, '2003-01-20'),
(5573, 0, '2003-01-21'),
(5574, 0, '2003-01-22'),
(5575, 0, '2003-01-23'),
(5576, 0, '2003-01-24'),
(5577, 0, '2003-01-25'),
(5578, 0, '2003-01-26'),
(5579, 0, '2003-01-27'),
(5580, 0, '2003-01-28'),
(5581, 0, '2003-01-29'),
(5582, 0, '2003-01-30'),
(5583, 0, '2003-01-31'),
(5584, 0, '2003-02-01'),
(5585, 0, '2003-02-02'),
(5586, 0, '2003-02-03'),
(5587, 0, '2003-02-04'),
(5588, 0, '2003-02-05'),
(5589, 0, '2003-02-06'),
(5590, 0, '2003-02-07'),
(5591, 0, '2003-02-08'),
(5592, 0, '2003-02-09'),
(5593, 0, '2003-02-10'),
(5594, 0, '2003-02-11'),
(5595, 0, '2003-02-12'),
(5596, 0, '2003-02-13'),
(5597, 0, '2003-02-14'),
(5598, 0, '2003-02-15'),
(5599, 0, '2003-02-16'),
(5600, 0, '2003-02-17'),
(5601, 0, '2003-02-18'),
(5602, 0, '2003-02-19'),
(5603, 0, '2003-02-20'),
(5604, 0, '2003-02-21'),
(5605, 0, '2003-02-22'),
(5606, 0, '2003-02-23'),
(5607, 0, '2003-02-24'),
(5608, 0, '2003-02-25'),
(5609, 0, '2003-02-26'),
(5610, 0, '2003-02-27'),
(5611, 0, '2003-02-28'),
(5612, 0, '2003-03-01'),
(5613, 0, '2003-03-02'),
(5614, 0, '2003-03-03'),
(5615, 0, '2003-03-04'),
(5616, 0, '2003-03-05'),
(5617, 0, '2003-03-06'),
(5618, 0, '2003-03-07'),
(5619, 0, '2003-03-08'),
(5620, 0, '2003-03-09'),
(5621, 0, '2003-03-10'),
(5622, 0, '2003-03-11'),
(5623, 0, '2003-03-12'),
(5624, 0, '2003-03-13'),
(5625, 0, '2003-03-14'),
(5626, 0, '2003-03-15'),
(5627, 0, '2003-03-16'),
(5628, 0, '2003-03-17'),
(5629, 0, '2003-03-18'),
(5630, 0, '2003-03-19'),
(5631, 0, '2003-03-20'),
(5632, 0, '2003-03-21'),
(5633, 0, '2003-03-22'),
(5634, 0, '2003-03-23'),
(5635, 0, '2003-03-24'),
(5636, 0, '2003-03-25'),
(5637, 0, '2003-03-26'),
(5638, 0, '2003-03-27'),
(5639, 0, '2003-03-28'),
(5640, 0, '2003-03-29'),
(5641, 0, '2003-03-30'),
(5642, 0, '2003-03-31'),
(5643, 0, '2003-04-01'),
(5644, 0, '2003-04-02'),
(5645, 0, '2003-04-03'),
(5646, 0, '2003-04-04'),
(5647, 0, '2003-04-05'),
(5648, 0, '2003-04-06'),
(5649, 0, '2003-04-07'),
(5650, 0, '2003-04-08'),
(5651, 0, '2003-04-09'),
(5652, 0, '2003-04-10'),
(5653, 0, '2003-04-11'),
(5654, 0, '2003-04-12'),
(5655, 0, '2003-04-13'),
(5656, 0, '2003-04-14'),
(5657, 0, '2003-04-15'),
(5658, 0, '2003-04-16'),
(5659, 0, '2003-04-17'),
(5660, 0, '2003-04-18'),
(5661, 0, '2003-04-19'),
(5662, 0, '2003-04-20'),
(5663, 0, '2003-04-21'),
(5664, 0, '2003-04-22'),
(5665, 0, '2003-04-23'),
(5666, 0, '2003-04-24'),
(5667, 0, '2003-04-25'),
(5668, 0, '2003-04-26'),
(5669, 0, '2003-04-27'),
(5670, 0, '2003-04-28'),
(5671, 0, '2003-04-29'),
(5672, 0, '2003-04-30'),
(5673, 0, '2003-05-01'),
(5674, 0, '2003-05-02'),
(5675, 0, '2003-05-03'),
(5676, 0, '2003-05-04'),
(5677, 0, '2003-05-05'),
(5678, 0, '2003-05-06'),
(5679, 0, '2003-05-07'),
(5680, 0, '2003-05-08'),
(5681, 0, '2003-05-09'),
(5682, 0, '2003-05-10'),
(5683, 0, '2003-05-11'),
(5684, 0, '2003-05-12'),
(5685, 0, '2003-05-13'),
(5686, 0, '2003-05-14'),
(5687, 0, '2003-05-15'),
(5688, 0, '2003-05-16'),
(5689, 0, '2003-05-17'),
(5690, 0, '2003-05-18'),
(5691, 0, '2003-05-19'),
(5692, 0, '2003-05-20'),
(5693, 0, '2003-05-21'),
(5694, 0, '2003-05-22'),
(5695, 0, '2003-05-23'),
(5696, 0, '2003-05-24'),
(5697, 0, '2003-05-25'),
(5698, 0, '2003-05-26'),
(5699, 0, '2003-05-27'),
(5700, 0, '2003-05-28'),
(5701, 0, '2003-05-29'),
(5702, 0, '2003-05-30'),
(5703, 0, '2003-05-31'),
(5704, 0, '2003-06-01'),
(5705, 0, '2003-06-02'),
(5706, 0, '2003-06-03'),
(5707, 0, '2003-06-04'),
(5708, 0, '2003-06-05'),
(5709, 0, '2003-06-06'),
(5710, 0, '2003-06-07'),
(5711, 0, '2003-06-08'),
(5712, 0, '2003-06-09'),
(5713, 0, '2003-06-10'),
(5714, 0, '2003-06-11'),
(5715, 0, '2003-06-12'),
(5716, 0, '2003-06-13'),
(5717, 0, '2003-06-14'),
(5718, 0, '2003-06-15'),
(5719, 0, '2003-06-16'),
(5720, 0, '2003-06-17'),
(5721, 0, '2003-06-18'),
(5722, 0, '2003-06-19'),
(5723, 0, '2003-06-20'),
(5724, 0, '2003-06-21'),
(5725, 0, '2003-06-22'),
(5726, 0, '2003-06-23'),
(5727, 0, '2003-06-24'),
(5728, 0, '2003-06-25'),
(5729, 0, '2003-06-26'),
(5730, 0, '2003-06-27'),
(5731, 0, '2003-06-28'),
(5732, 0, '2003-06-29'),
(5733, 0, '2003-06-30'),
(5734, 0, '2003-07-01'),
(5735, 0, '2003-07-02'),
(5736, 0, '2003-07-03'),
(5737, 0, '2003-07-04'),
(5738, 0, '2003-07-05'),
(5739, 0, '2003-07-06'),
(5740, 0, '2003-07-07'),
(5741, 0, '2003-07-08'),
(5742, 0, '2003-07-09'),
(5743, 0, '2003-07-10'),
(5744, 0, '2003-07-11'),
(5745, 0, '2003-07-12'),
(5746, 0, '2003-07-13'),
(5747, 0, '2003-07-14'),
(5748, 0, '2003-07-15'),
(5749, 0, '2003-07-16'),
(5750, 0, '2003-07-17'),
(5751, 0, '2003-07-18'),
(5752, 0, '2003-07-19'),
(5753, 0, '2003-07-20'),
(5754, 0, '2003-07-21'),
(5755, 0, '2003-07-22'),
(5756, 0, '2003-07-23'),
(5757, 0, '2003-07-24'),
(5758, 0, '2003-07-25'),
(5759, 0, '2003-07-26'),
(5760, 0, '2003-07-27'),
(5761, 0, '2003-07-28'),
(5762, 0, '2003-07-29'),
(5763, 0, '2003-07-30'),
(5764, 0, '2003-07-31'),
(5765, 0, '2003-08-01'),
(5766, 0, '2003-08-02'),
(5767, 0, '2003-08-03'),
(5768, 0, '2003-08-04'),
(5769, 0, '2003-08-05'),
(5770, 0, '2003-08-06'),
(5771, 0, '2003-08-07'),
(5772, 0, '2003-08-08'),
(5773, 0, '2003-08-09'),
(5774, 0, '2003-08-10'),
(5775, 0, '2003-08-11'),
(5776, 0, '2003-08-12'),
(5777, 0, '2003-08-13'),
(5778, 0, '2003-08-14'),
(5779, 0, '2003-08-15'),
(5780, 0, '2003-08-16'),
(5781, 0, '2003-08-17'),
(5782, 0, '2003-08-18'),
(5783, 0, '2003-08-19'),
(5784, 0, '2003-08-20'),
(5785, 0, '2003-08-21'),
(5786, 0, '2003-08-22'),
(5787, 0, '2003-08-23'),
(5788, 0, '2003-08-24'),
(5789, 0, '2003-08-25'),
(5790, 0, '2003-08-26'),
(5791, 0, '2003-08-27'),
(5792, 0, '2003-08-28'),
(5793, 0, '2003-08-29'),
(5794, 0, '2003-08-30'),
(5795, 0, '2003-08-31'),
(5796, 0, '2003-09-01'),
(5797, 0, '2003-09-02'),
(5798, 0, '2003-09-03'),
(5799, 0, '2003-09-04'),
(5800, 0, '2003-09-05'),
(5801, 0, '2003-09-06'),
(5802, 0, '2003-09-07'),
(5803, 0, '2003-09-08'),
(5804, 0, '2003-09-09'),
(5805, 0, '2003-09-10'),
(5806, 0, '2003-09-11'),
(5807, 0, '2003-09-12'),
(5808, 0, '2003-09-13'),
(5809, 0, '2003-09-14'),
(5810, 0, '2003-09-15'),
(5811, 0, '2003-09-16'),
(5812, 0, '2003-09-17'),
(5813, 0, '2003-09-18'),
(5814, 0, '2003-09-19'),
(5815, 0, '2003-09-20'),
(5816, 0, '2003-09-21'),
(5817, 0, '2003-09-22'),
(5818, 0, '2003-09-23'),
(5819, 0, '2003-09-24'),
(5820, 0, '2003-09-25'),
(5821, 0, '2003-09-26'),
(5822, 0, '2003-09-27'),
(5823, 0, '2003-09-28'),
(5824, 0, '2003-09-29'),
(5825, 0, '2003-09-30'),
(5826, 0, '2003-10-01'),
(5827, 0, '2003-10-02'),
(5828, 0, '2003-10-03'),
(5829, 0, '2003-10-04'),
(5830, 0, '2003-10-05'),
(5831, 0, '2003-10-06'),
(5832, 0, '2003-10-07'),
(5833, 0, '2003-10-08'),
(5834, 0, '2003-10-09'),
(5835, 0, '2003-10-10'),
(5836, 0, '2003-10-11'),
(5837, 0, '2003-10-12'),
(5838, 0, '2003-10-13'),
(5839, 0, '2003-10-14'),
(5840, 0, '2003-10-15'),
(5841, 0, '2003-10-16'),
(5842, 0, '2003-10-17'),
(5843, 0, '2003-10-18'),
(5844, 0, '2003-10-19'),
(5845, 0, '2003-10-20'),
(5846, 0, '2003-10-21'),
(5847, 0, '2003-10-22'),
(5848, 0, '2003-10-23'),
(5849, 0, '2003-10-24'),
(5850, 0, '2003-10-25'),
(5851, 0, '2003-10-26'),
(5852, 0, '2003-10-27'),
(5853, 0, '2003-10-28'),
(5854, 0, '2003-10-29'),
(5855, 0, '2003-10-30'),
(5856, 0, '2003-10-31'),
(5857, 0, '2003-11-01'),
(5858, 0, '2003-11-02'),
(5859, 0, '2003-11-03'),
(5860, 0, '2003-11-04'),
(5861, 0, '2003-11-05'),
(5862, 0, '2003-11-06'),
(5863, 0, '2003-11-07'),
(5864, 0, '2003-11-08'),
(5865, 0, '2003-11-09'),
(5866, 0, '2003-11-10'),
(5867, 0, '2003-11-11'),
(5868, 0, '2003-11-12'),
(5869, 0, '2003-11-13'),
(5870, 0, '2003-11-14'),
(5871, 0, '2003-11-15'),
(5872, 0, '2003-11-16'),
(5873, 0, '2003-11-17'),
(5874, 0, '2003-11-18'),
(5875, 0, '2003-11-19'),
(5876, 0, '2003-11-20'),
(5877, 0, '2003-11-21'),
(5878, 0, '2003-11-22'),
(5879, 0, '2003-11-23'),
(5880, 0, '2003-11-24'),
(5881, 0, '2003-11-25'),
(5882, 0, '2003-11-26'),
(5883, 0, '2003-11-27'),
(5884, 0, '2003-11-28'),
(5885, 0, '2003-11-29'),
(5886, 0, '2003-11-30'),
(5887, 0, '2003-12-01'),
(5888, 0, '2003-12-02'),
(5889, 0, '2003-12-03'),
(5890, 0, '2003-12-04'),
(5891, 0, '2003-12-05'),
(5892, 0, '2003-12-06'),
(5893, 0, '2003-12-07'),
(5894, 0, '2003-12-08'),
(5895, 0, '2003-12-09'),
(5896, 0, '2003-12-10'),
(5897, 0, '2003-12-11'),
(5898, 0, '2003-12-12'),
(5899, 0, '2003-12-13'),
(5900, 0, '2003-12-14'),
(5901, 0, '2003-12-15'),
(5902, 0, '2003-12-16'),
(5903, 0, '2003-12-17'),
(5904, 0, '2003-12-18'),
(5905, 0, '2003-12-19'),
(5906, 0, '2003-12-20'),
(5907, 0, '2003-12-21'),
(5908, 0, '2003-12-22'),
(5909, 0, '2003-12-23'),
(5910, 0, '2003-12-24'),
(5911, 0, '2003-12-25'),
(5912, 0, '2003-12-26'),
(5913, 0, '2003-12-27'),
(5914, 0, '2003-12-28'),
(5915, 0, '2003-12-29'),
(5916, 0, '2003-12-30'),
(5917, 0, '2003-12-31'),
(5918, 0, '2004-01-01'),
(5919, 0, '2004-01-02'),
(5920, 0, '2004-01-03'),
(5921, 0, '2004-01-04'),
(5922, 0, '2004-01-05'),
(5923, 0, '2004-01-06'),
(5924, 0, '2004-01-07'),
(5925, 0, '2004-01-08'),
(5926, 0, '2004-01-09'),
(5927, 0, '2004-01-10'),
(5928, 0, '2004-01-11'),
(5929, 0, '2004-01-12'),
(5930, 0, '2004-01-13'),
(5931, 0, '2004-01-14'),
(5932, 0, '2004-01-15'),
(5933, 0, '2004-01-16'),
(5934, 0, '2004-01-17'),
(5935, 0, '2004-01-18'),
(5936, 0, '2004-01-19'),
(5937, 0, '2004-01-20'),
(5938, 0, '2004-01-21'),
(5939, 0, '2004-01-22'),
(5940, 0, '2004-01-23'),
(5941, 0, '2004-01-24'),
(5942, 0, '2004-01-25'),
(5943, 0, '2004-01-26'),
(5944, 0, '2004-01-27'),
(5945, 0, '2004-01-28'),
(5946, 0, '2004-01-29'),
(5947, 0, '2004-01-30'),
(5948, 0, '2004-01-31'),
(5949, 0, '2004-02-01'),
(5950, 0, '2004-02-02'),
(5951, 0, '2004-02-03'),
(5952, 0, '2004-02-04'),
(5953, 0, '2004-02-05'),
(5954, 0, '2004-02-06'),
(5955, 0, '2004-02-07'),
(5956, 0, '2004-02-08'),
(5957, 0, '2004-02-09'),
(5958, 0, '2004-02-10'),
(5959, 0, '2004-02-11'),
(5960, 0, '2004-02-12'),
(5961, 0, '2004-02-13'),
(5962, 0, '2004-02-14'),
(5963, 0, '2004-02-15'),
(5964, 0, '2004-02-16'),
(5965, 0, '2004-02-17'),
(5966, 0, '2004-02-18'),
(5967, 0, '2004-02-19'),
(5968, 0, '2004-02-20'),
(5969, 0, '2004-02-21'),
(5970, 0, '2004-02-22'),
(5971, 0, '2004-02-23'),
(5972, 0, '2004-02-24'),
(5973, 0, '2004-02-25'),
(5974, 0, '2004-02-26'),
(5975, 0, '2004-02-27'),
(5976, 0, '2004-02-28'),
(5977, 0, '2004-02-29'),
(5978, 0, '2004-03-01'),
(5979, 0, '2004-03-02'),
(5980, 0, '2004-03-03'),
(5981, 0, '2004-03-04'),
(5982, 0, '2004-03-05'),
(5983, 0, '2004-03-06'),
(5984, 0, '2004-03-07'),
(5985, 0, '2004-03-08'),
(5986, 0, '2004-03-09'),
(5987, 0, '2004-03-10'),
(5988, 0, '2004-03-11'),
(5989, 0, '2004-03-12'),
(5990, 0, '2004-03-13'),
(5991, 0, '2004-03-14'),
(5992, 0, '2004-03-15'),
(5993, 0, '2004-03-16'),
(5994, 0, '2004-03-17'),
(5995, 0, '2004-03-18'),
(5996, 0, '2004-03-19'),
(5997, 0, '2004-03-20'),
(5998, 0, '2004-03-21'),
(5999, 0, '2004-03-22'),
(6000, 0, '2004-03-23'),
(6001, 0, '2004-03-24'),
(6002, 0, '2004-03-25'),
(6003, 0, '2004-03-26'),
(6004, 0, '2004-03-27'),
(6005, 0, '2004-03-28'),
(6006, 0, '2004-03-29'),
(6007, 0, '2004-03-30'),
(6008, 0, '2004-03-31'),
(6009, 0, '2004-04-01'),
(6010, 0, '2004-04-02'),
(6011, 0, '2004-04-03'),
(6012, 0, '2004-04-04'),
(6013, 0, '2004-04-05'),
(6014, 0, '2004-04-06'),
(6015, 0, '2004-04-07'),
(6016, 0, '2004-04-08'),
(6017, 0, '2004-04-09'),
(6018, 0, '2004-04-10'),
(6019, 0, '2004-04-11'),
(6020, 0, '2004-04-12'),
(6021, 0, '2004-04-13'),
(6022, 0, '2004-04-14'),
(6023, 0, '2004-04-15'),
(6024, 0, '2004-04-16'),
(6025, 0, '2004-04-17'),
(6026, 0, '2004-04-18'),
(6027, 0, '2004-04-19'),
(6028, 0, '2004-04-20'),
(6029, 0, '2004-04-21'),
(6030, 0, '2004-04-22'),
(6031, 0, '2004-04-23'),
(6032, 0, '2004-04-24'),
(6033, 0, '2004-04-25'),
(6034, 0, '2004-04-26'),
(6035, 0, '2004-04-27'),
(6036, 0, '2004-04-28'),
(6037, 0, '2004-04-29'),
(6038, 0, '2004-04-30'),
(6039, 0, '2004-05-01'),
(6040, 0, '2004-05-02'),
(6041, 0, '2004-05-03'),
(6042, 0, '2004-05-04'),
(6043, 0, '2004-05-05'),
(6044, 0, '2004-05-06'),
(6045, 0, '2004-05-07'),
(6046, 0, '2004-05-08'),
(6047, 0, '2004-05-09'),
(6048, 0, '2004-05-10'),
(6049, 0, '2004-05-11'),
(6050, 0, '2004-05-12'),
(6051, 0, '2004-05-13'),
(6052, 0, '2004-05-14'),
(6053, 0, '2004-05-15'),
(6054, 0, '2004-05-16'),
(6055, 0, '2004-05-17'),
(6056, 0, '2004-05-18'),
(6057, 0, '2004-05-19'),
(6058, 0, '2004-05-20'),
(6059, 0, '2004-05-21'),
(6060, 0, '2004-05-22'),
(6061, 0, '2004-05-23'),
(6062, 0, '2004-05-24'),
(6063, 0, '2004-05-25'),
(6064, 0, '2004-05-26'),
(6065, 0, '2004-05-27'),
(6066, 0, '2004-05-28'),
(6067, 0, '2004-05-29'),
(6068, 0, '2004-05-30'),
(6069, 0, '2004-05-31'),
(6070, 0, '2004-06-01'),
(6071, 0, '2004-06-02'),
(6072, 0, '2004-06-03'),
(6073, 0, '2004-06-04'),
(6074, 0, '2004-06-05'),
(6075, 0, '2004-06-06'),
(6076, 0, '2004-06-07'),
(6077, 0, '2004-06-08'),
(6078, 0, '2004-06-09'),
(6079, 0, '2004-06-10'),
(6080, 0, '2004-06-11'),
(6081, 0, '2004-06-12'),
(6082, 0, '2004-06-13'),
(6083, 0, '2004-06-14'),
(6084, 0, '2004-06-15'),
(6085, 0, '2004-06-16'),
(6086, 0, '2004-06-17'),
(6087, 0, '2004-06-18'),
(6088, 0, '2004-06-19'),
(6089, 0, '2004-06-20'),
(6090, 0, '2004-06-21'),
(6091, 0, '2004-06-22'),
(6092, 0, '2004-06-23'),
(6093, 0, '2004-06-24'),
(6094, 0, '2004-06-25'),
(6095, 0, '2004-06-26'),
(6096, 0, '2004-06-27'),
(6097, 0, '2004-06-28'),
(6098, 0, '2004-06-29'),
(6099, 0, '2004-06-30'),
(6100, 0, '2004-07-01'),
(6101, 0, '2004-07-02'),
(6102, 0, '2004-07-03'),
(6103, 0, '2004-07-04'),
(6104, 0, '2004-07-05'),
(6105, 0, '2004-07-06'),
(6106, 0, '2004-07-07'),
(6107, 0, '2004-07-08'),
(6108, 0, '2004-07-09'),
(6109, 0, '2004-07-10'),
(6110, 0, '2004-07-11'),
(6111, 0, '2004-07-12'),
(6112, 0, '2004-07-13'),
(6113, 0, '2004-07-14'),
(6114, 0, '2004-07-15'),
(6115, 0, '2004-07-16'),
(6116, 0, '2004-07-17'),
(6117, 0, '2004-07-18'),
(6118, 0, '2004-07-19'),
(6119, 0, '2004-07-20'),
(6120, 0, '2004-07-21'),
(6121, 0, '2004-07-22'),
(6122, 0, '2004-07-23'),
(6123, 0, '2004-07-24'),
(6124, 0, '2004-07-25'),
(6125, 0, '2004-07-26'),
(6126, 0, '2004-07-27'),
(6127, 0, '2004-07-28'),
(6128, 0, '2004-07-29'),
(6129, 0, '2004-07-30'),
(6130, 0, '2004-07-31'),
(6131, 0, '2004-08-01'),
(6132, 0, '2004-08-02'),
(6133, 0, '2004-08-03'),
(6134, 0, '2004-08-04'),
(6135, 0, '2004-08-05'),
(6136, 0, '2004-08-06'),
(6137, 0, '2004-08-07'),
(6138, 0, '2004-08-08'),
(6139, 0, '2004-08-09'),
(6140, 0, '2004-08-10'),
(6141, 0, '2004-08-11'),
(6142, 0, '2004-08-12'),
(6143, 0, '2004-08-13'),
(6144, 0, '2004-08-14'),
(6145, 0, '2004-08-15'),
(6146, 0, '2004-08-16'),
(6147, 0, '2004-08-17'),
(6148, 0, '2004-08-18'),
(6149, 0, '2004-08-19'),
(6150, 0, '2004-08-20'),
(6151, 0, '2004-08-21'),
(6152, 0, '2004-08-22'),
(6153, 0, '2004-08-23'),
(6154, 0, '2004-08-24'),
(6155, 0, '2004-08-25'),
(6156, 0, '2004-08-26'),
(6157, 0, '2004-08-27'),
(6158, 0, '2004-08-28'),
(6159, 0, '2004-08-29'),
(6160, 0, '2004-08-30'),
(6161, 0, '2004-08-31'),
(6162, 0, '2004-09-01'),
(6163, 0, '2004-09-02'),
(6164, 0, '2004-09-03'),
(6165, 0, '2004-09-04'),
(6166, 0, '2004-09-05'),
(6167, 0, '2004-09-06'),
(6168, 0, '2004-09-07'),
(6169, 0, '2004-09-08'),
(6170, 0, '2004-09-09'),
(6171, 0, '2004-09-10'),
(6172, 0, '2004-09-11'),
(6173, 0, '2004-09-12'),
(6174, 0, '2004-09-13'),
(6175, 0, '2004-09-14'),
(6176, 0, '2004-09-15'),
(6177, 0, '2004-09-16'),
(6178, 0, '2004-09-17'),
(6179, 0, '2004-09-18'),
(6180, 0, '2004-09-19'),
(6181, 0, '2004-09-20'),
(6182, 0, '2004-09-21'),
(6183, 0, '2004-09-22'),
(6184, 0, '2004-09-23'),
(6185, 0, '2004-09-24'),
(6186, 0, '2004-09-25'),
(6187, 0, '2004-09-26'),
(6188, 0, '2004-09-27'),
(6189, 0, '2004-09-28'),
(6190, 0, '2004-09-29'),
(6191, 0, '2004-09-30'),
(6192, 0, '2004-10-01'),
(6193, 0, '2004-10-02'),
(6194, 0, '2004-10-03'),
(6195, 0, '2004-10-04'),
(6196, 0, '2004-10-05'),
(6197, 0, '2004-10-06'),
(6198, 0, '2004-10-07'),
(6199, 0, '2004-10-08'),
(6200, 0, '2004-10-09'),
(6201, 0, '2004-10-10'),
(6202, 0, '2004-10-11'),
(6203, 0, '2004-10-12'),
(6204, 0, '2004-10-13'),
(6205, 0, '2004-10-14'),
(6206, 0, '2004-10-15'),
(6207, 0, '2004-10-16'),
(6208, 0, '2004-10-17'),
(6209, 0, '2004-10-18'),
(6210, 0, '2004-10-19'),
(6211, 0, '2004-10-20'),
(6212, 0, '2004-10-21'),
(6213, 0, '2004-10-22'),
(6214, 0, '2004-10-23'),
(6215, 0, '2004-10-24'),
(6216, 0, '2004-10-25'),
(6217, 0, '2004-10-26'),
(6218, 0, '2004-10-27'),
(6219, 0, '2004-10-28'),
(6220, 0, '2004-10-29'),
(6221, 0, '2004-10-30'),
(6222, 0, '2004-10-31'),
(6223, 0, '2004-11-01'),
(6224, 0, '2004-11-02'),
(6225, 0, '2004-11-03'),
(6226, 0, '2004-11-04'),
(6227, 0, '2004-11-05'),
(6228, 0, '2004-11-06'),
(6229, 0, '2004-11-07'),
(6230, 0, '2004-11-08'),
(6231, 0, '2004-11-09'),
(6232, 0, '2004-11-10'),
(6233, 0, '2004-11-11'),
(6234, 0, '2004-11-12'),
(6235, 0, '2004-11-13'),
(6236, 0, '2004-11-14'),
(6237, 0, '2004-11-15'),
(6238, 0, '2004-11-16'),
(6239, 0, '2004-11-17'),
(6240, 0, '2004-11-18'),
(6241, 0, '2004-11-19'),
(6242, 0, '2004-11-20'),
(6243, 0, '2004-11-21'),
(6244, 0, '2004-11-22'),
(6245, 0, '2004-11-23'),
(6246, 0, '2004-11-24'),
(6247, 0, '2004-11-25'),
(6248, 0, '2004-11-26'),
(6249, 0, '2004-11-27'),
(6250, 0, '2004-11-28'),
(6251, 0, '2004-11-29'),
(6252, 0, '2004-11-30'),
(6253, 0, '2004-12-01'),
(6254, 0, '2004-12-02'),
(6255, 0, '2004-12-03'),
(6256, 0, '2004-12-04'),
(6257, 0, '2004-12-05'),
(6258, 0, '2004-12-06'),
(6259, 0, '2004-12-07'),
(6260, 0, '2004-12-08'),
(6261, 0, '2004-12-09'),
(6262, 0, '2004-12-10'),
(6263, 0, '2004-12-11'),
(6264, 0, '2004-12-12'),
(6265, 0, '2004-12-13'),
(6266, 0, '2004-12-14'),
(6267, 0, '2004-12-15'),
(6268, 0, '2004-12-16'),
(6269, 0, '2004-12-17'),
(6270, 0, '2004-12-18'),
(6271, 0, '2004-12-19'),
(6272, 0, '2004-12-20'),
(6273, 0, '2004-12-21'),
(6274, 0, '2004-12-22'),
(6275, 0, '2004-12-23'),
(6276, 0, '2004-12-24'),
(6277, 0, '2004-12-25'),
(6278, 0, '2004-12-26'),
(6279, 0, '2004-12-27'),
(6280, 0, '2004-12-28'),
(6281, 0, '2004-12-29'),
(6282, 0, '2004-12-30'),
(6283, 0, '2004-12-31'),
(6284, 0, '2005-01-01'),
(6285, 0, '2005-01-02'),
(6286, 0, '2005-01-03'),
(6287, 0, '2005-01-04'),
(6288, 0, '2005-01-05'),
(6289, 0, '2005-01-06'),
(6290, 0, '2005-01-07'),
(6291, 0, '2005-01-08'),
(6292, 0, '2005-01-09'),
(6293, 0, '2005-01-10'),
(6294, 0, '2005-01-11'),
(6295, 0, '2005-01-12'),
(6296, 0, '2005-01-13'),
(6297, 0, '2005-01-14'),
(6298, 0, '2005-01-15'),
(6299, 0, '2005-01-16'),
(6300, 0, '2005-01-17'),
(6301, 0, '2005-01-18'),
(6302, 0, '2005-01-19'),
(6303, 0, '2005-01-20'),
(6304, 0, '2005-01-21'),
(6305, 0, '2005-01-22'),
(6306, 0, '2005-01-23'),
(6307, 0, '2005-01-24'),
(6308, 0, '2005-01-25'),
(6309, 0, '2005-01-26'),
(6310, 0, '2005-01-27'),
(6311, 0, '2005-01-28'),
(6312, 0, '2005-01-29'),
(6313, 0, '2005-01-30'),
(6314, 0, '2005-01-31'),
(6315, 0, '2005-02-01'),
(6316, 0, '2005-02-02'),
(6317, 0, '2005-02-03'),
(6318, 0, '2005-02-04'),
(6319, 0, '2005-02-05'),
(6320, 0, '2005-02-06'),
(6321, 0, '2005-02-07'),
(6322, 0, '2005-02-08'),
(6323, 0, '2005-02-09'),
(6324, 0, '2005-02-10'),
(6325, 0, '2005-02-11'),
(6326, 0, '2005-02-12'),
(6327, 0, '2005-02-13'),
(6328, 0, '2005-02-14'),
(6329, 0, '2005-02-15'),
(6330, 0, '2005-02-16'),
(6331, 0, '2005-02-17'),
(6332, 0, '2005-02-18'),
(6333, 0, '2005-02-19'),
(6334, 0, '2005-02-20'),
(6335, 0, '2005-02-21'),
(6336, 0, '2005-02-22'),
(6337, 0, '2005-02-23'),
(6338, 0, '2005-02-24'),
(6339, 0, '2005-02-25'),
(6340, 0, '2005-02-26'),
(6341, 0, '2005-02-27'),
(6342, 0, '2005-02-28'),
(6343, 0, '2005-03-01'),
(6344, 0, '2005-03-02'),
(6345, 0, '2005-03-03'),
(6346, 0, '2005-03-04'),
(6347, 0, '2005-03-05'),
(6348, 0, '2005-03-06'),
(6349, 0, '2005-03-07'),
(6350, 0, '2005-03-08'),
(6351, 0, '2005-03-09'),
(6352, 0, '2005-03-10'),
(6353, 0, '2005-03-11'),
(6354, 0, '2005-03-12'),
(6355, 0, '2005-03-13'),
(6356, 0, '2005-03-14'),
(6357, 0, '2005-03-15'),
(6358, 0, '2005-03-16'),
(6359, 0, '2005-03-17'),
(6360, 0, '2005-03-18'),
(6361, 0, '2005-03-19'),
(6362, 0, '2005-03-20'),
(6363, 0, '2005-03-21'),
(6364, 0, '2005-03-22'),
(6365, 0, '2005-03-23'),
(6366, 0, '2005-03-24'),
(6367, 0, '2005-03-25'),
(6368, 0, '2005-03-26'),
(6369, 0, '2005-03-27'),
(6370, 0, '2005-03-28'),
(6371, 0, '2005-03-29'),
(6372, 0, '2005-03-30'),
(6373, 0, '2005-03-31'),
(6374, 0, '2005-04-01'),
(6375, 0, '2005-04-02'),
(6376, 0, '2005-04-03'),
(6377, 0, '2005-04-04'),
(6378, 0, '2005-04-05'),
(6379, 0, '2005-04-06'),
(6380, 0, '2005-04-07'),
(6381, 0, '2005-04-08'),
(6382, 0, '2005-04-09'),
(6383, 0, '2005-04-10'),
(6384, 0, '2005-04-11'),
(6385, 0, '2005-04-12'),
(6386, 0, '2005-04-13'),
(6387, 0, '2005-04-14'),
(6388, 0, '2005-04-15'),
(6389, 0, '2005-04-16'),
(6390, 0, '2005-04-17'),
(6391, 0, '2005-04-18'),
(6392, 0, '2005-04-19'),
(6393, 0, '2005-04-20'),
(6394, 0, '2005-04-21'),
(6395, 0, '2005-04-22'),
(6396, 0, '2005-04-23'),
(6397, 0, '2005-04-24'),
(6398, 0, '2005-04-25'),
(6399, 0, '2005-04-26'),
(6400, 0, '2005-04-27'),
(6401, 0, '2005-04-28'),
(6402, 0, '2005-04-29'),
(6403, 0, '2005-04-30'),
(6404, 0, '2005-05-01'),
(6405, 0, '2005-05-02'),
(6406, 0, '2005-05-03'),
(6407, 0, '2005-05-04'),
(6408, 0, '2005-05-05'),
(6409, 0, '2005-05-06'),
(6410, 0, '2005-05-07'),
(6411, 0, '2005-05-08'),
(6412, 0, '2005-05-09'),
(6413, 0, '2005-05-10'),
(6414, 0, '2005-05-11'),
(6415, 0, '2005-05-12'),
(6416, 0, '2005-05-13'),
(6417, 0, '2005-05-14'),
(6418, 0, '2005-05-15'),
(6419, 0, '2005-05-16'),
(6420, 0, '2005-05-17'),
(6421, 0, '2005-05-18'),
(6422, 0, '2005-05-19'),
(6423, 0, '2005-05-20'),
(6424, 0, '2005-05-21'),
(6425, 0, '2005-05-22'),
(6426, 0, '2005-05-23'),
(6427, 0, '2005-05-24'),
(6428, 0, '2005-05-25'),
(6429, 0, '2005-05-26'),
(6430, 0, '2005-05-27'),
(6431, 0, '2005-05-28'),
(6432, 0, '2005-05-29'),
(6433, 0, '2005-05-30'),
(6434, 0, '2005-05-31'),
(6435, 0, '2005-06-01'),
(6436, 0, '2005-06-02'),
(6437, 0, '2005-06-03'),
(6438, 0, '2005-06-04'),
(6439, 0, '2005-06-05'),
(6440, 0, '2005-06-06'),
(6441, 0, '2005-06-07'),
(6442, 0, '2005-06-08'),
(6443, 0, '2005-06-09'),
(6444, 0, '2005-06-10'),
(6445, 0, '2005-06-11'),
(6446, 0, '2005-06-12'),
(6447, 0, '2005-06-13'),
(6448, 0, '2005-06-14'),
(6449, 0, '2005-06-15'),
(6450, 0, '2005-06-16'),
(6451, 0, '2005-06-17'),
(6452, 0, '2005-06-18'),
(6453, 0, '2005-06-19'),
(6454, 0, '2005-06-20'),
(6455, 0, '2005-06-21'),
(6456, 0, '2005-06-22'),
(6457, 0, '2005-06-23'),
(6458, 0, '2005-06-24'),
(6459, 0, '2005-06-25'),
(6460, 0, '2005-06-26'),
(6461, 0, '2005-06-27'),
(6462, 0, '2005-06-28'),
(6463, 0, '2005-06-29'),
(6464, 0, '2005-06-30'),
(6465, 0, '2005-07-01'),
(6466, 0, '2005-07-02'),
(6467, 0, '2005-07-03'),
(6468, 0, '2005-07-04'),
(6469, 0, '2005-07-05'),
(6470, 0, '2005-07-06'),
(6471, 0, '2005-07-07'),
(6472, 0, '2005-07-08'),
(6473, 0, '2005-07-09'),
(6474, 0, '2005-07-10'),
(6475, 0, '2005-07-11'),
(6476, 0, '2005-07-12'),
(6477, 0, '2005-07-13'),
(6478, 0, '2005-07-14'),
(6479, 0, '2005-07-15'),
(6480, 0, '2005-07-16'),
(6481, 0, '2005-07-17'),
(6482, 0, '2005-07-18'),
(6483, 0, '2005-07-19'),
(6484, 0, '2005-07-20'),
(6485, 0, '2005-07-21'),
(6486, 0, '2005-07-22'),
(6487, 0, '2005-07-23'),
(6488, 0, '2005-07-24'),
(6489, 0, '2005-07-25'),
(6490, 0, '2005-07-26'),
(6491, 0, '2005-07-27'),
(6492, 0, '2005-07-28'),
(6493, 0, '2005-07-29'),
(6494, 0, '2005-07-30'),
(6495, 0, '2005-07-31'),
(6496, 0, '2005-08-01'),
(6497, 0, '2005-08-02'),
(6498, 0, '2005-08-03'),
(6499, 0, '2005-08-04'),
(6500, 0, '2005-08-05'),
(6501, 0, '2005-08-06'),
(6502, 0, '2005-08-07'),
(6503, 0, '2005-08-08'),
(6504, 0, '2005-08-09'),
(6505, 0, '2005-08-10'),
(6506, 0, '2005-08-11'),
(6507, 0, '2005-08-12'),
(6508, 0, '2005-08-13'),
(6509, 0, '2005-08-14'),
(6510, 0, '2005-08-15'),
(6511, 0, '2005-08-16'),
(6512, 0, '2005-08-17'),
(6513, 0, '2005-08-18'),
(6514, 0, '2005-08-19'),
(6515, 0, '2005-08-20'),
(6516, 0, '2005-08-21'),
(6517, 0, '2005-08-22'),
(6518, 0, '2005-08-23'),
(6519, 0, '2005-08-24'),
(6520, 0, '2005-08-25'),
(6521, 0, '2005-08-26'),
(6522, 0, '2005-08-27'),
(6523, 0, '2005-08-28'),
(6524, 0, '2005-08-29'),
(6525, 0, '2005-08-30'),
(6526, 0, '2005-08-31'),
(6527, 0, '2005-09-01'),
(6528, 0, '2005-09-02'),
(6529, 0, '2005-09-03'),
(6530, 0, '2005-09-04'),
(6531, 0, '2005-09-05'),
(6532, 0, '2005-09-06'),
(6533, 0, '2005-09-07'),
(6534, 0, '2005-09-08'),
(6535, 0, '2005-09-09'),
(6536, 0, '2005-09-10'),
(6537, 0, '2005-09-11'),
(6538, 0, '2005-09-12'),
(6539, 0, '2005-09-13'),
(6540, 0, '2005-09-14'),
(6541, 0, '2005-09-15'),
(6542, 0, '2005-09-16'),
(6543, 0, '2005-09-17'),
(6544, 0, '2005-09-18'),
(6545, 0, '2005-09-19'),
(6546, 0, '2005-09-20'),
(6547, 0, '2005-09-21'),
(6548, 0, '2005-09-22'),
(6549, 0, '2005-09-23'),
(6550, 0, '2005-09-24'),
(6551, 0, '2005-09-25'),
(6552, 0, '2005-09-26'),
(6553, 0, '2005-09-27'),
(6554, 0, '2005-09-28'),
(6555, 0, '2005-09-29'),
(6556, 0, '2005-09-30'),
(6557, 0, '2005-10-01'),
(6558, 0, '2005-10-02');
INSERT INTO `tb_praktik_tgl` (`id_praktik_tgl`, `id_praktik`, `praktik_tgl`) VALUES
(6559, 0, '2005-10-03'),
(6560, 0, '2005-10-04'),
(6561, 0, '2005-10-05'),
(6562, 0, '2005-10-06'),
(6563, 0, '2005-10-07'),
(6564, 0, '2005-10-08'),
(6565, 0, '2005-10-09'),
(6566, 0, '2005-10-10'),
(6567, 0, '2005-10-11'),
(6568, 0, '2005-10-12'),
(6569, 0, '2005-10-13'),
(6570, 0, '2005-10-14'),
(6571, 0, '2005-10-15'),
(6572, 0, '2005-10-16'),
(6573, 0, '2005-10-17'),
(6574, 0, '2005-10-18'),
(6575, 0, '2005-10-19'),
(6576, 0, '2005-10-20'),
(6577, 0, '2005-10-21'),
(6578, 0, '2005-10-22'),
(6579, 0, '2005-10-23'),
(6580, 0, '2005-10-24'),
(6581, 0, '2005-10-25'),
(6582, 0, '2005-10-26'),
(6583, 0, '2005-10-27'),
(6584, 0, '2005-10-28'),
(6585, 0, '2005-10-29'),
(6586, 0, '2005-10-30'),
(6587, 0, '2005-10-31'),
(6588, 0, '2005-11-01'),
(6589, 0, '2005-11-02'),
(6590, 0, '2005-11-03'),
(6591, 0, '2005-11-04'),
(6592, 0, '2005-11-05'),
(6593, 0, '2005-11-06'),
(6594, 0, '2005-11-07'),
(6595, 0, '2005-11-08'),
(6596, 0, '2005-11-09'),
(6597, 0, '2005-11-10'),
(6598, 0, '2005-11-11'),
(6599, 0, '2005-11-12'),
(6600, 0, '2005-11-13'),
(6601, 0, '2005-11-14'),
(6602, 0, '2005-11-15'),
(6603, 0, '2005-11-16'),
(6604, 0, '2005-11-17'),
(6605, 0, '2005-11-18'),
(6606, 0, '2005-11-19'),
(6607, 0, '2005-11-20'),
(6608, 0, '2005-11-21'),
(6609, 0, '2005-11-22'),
(6610, 0, '2005-11-23'),
(6611, 0, '2005-11-24'),
(6612, 0, '2005-11-25'),
(6613, 0, '2005-11-26'),
(6614, 0, '2005-11-27'),
(6615, 0, '2005-11-28'),
(6616, 0, '2005-11-29'),
(6617, 0, '2005-11-30'),
(6618, 0, '2005-12-01'),
(6619, 0, '2005-12-02'),
(6620, 0, '2005-12-03'),
(6621, 0, '2005-12-04'),
(6622, 0, '2005-12-05'),
(6623, 0, '2005-12-06'),
(6624, 0, '2005-12-07'),
(6625, 0, '2005-12-08'),
(6626, 0, '2005-12-09'),
(6627, 0, '2005-12-10'),
(6628, 0, '2005-12-11'),
(6629, 0, '2005-12-12'),
(6630, 0, '2005-12-13'),
(6631, 0, '2005-12-14'),
(6632, 0, '2005-12-15'),
(6633, 0, '2005-12-16'),
(6634, 0, '2005-12-17'),
(6635, 0, '2005-12-18'),
(6636, 0, '2005-12-19'),
(6637, 0, '2005-12-20'),
(6638, 0, '2005-12-21'),
(6639, 0, '2005-12-22'),
(6640, 0, '2005-12-23'),
(6641, 0, '2005-12-24'),
(6642, 0, '2005-12-25'),
(6643, 0, '2005-12-26'),
(6644, 0, '2005-12-27'),
(6645, 0, '2005-12-28'),
(6646, 0, '2005-12-29'),
(6647, 0, '2005-12-30'),
(6648, 0, '2005-12-31'),
(6649, 0, '2006-01-01'),
(6650, 0, '2006-01-02'),
(6651, 0, '2006-01-03'),
(6652, 0, '2006-01-04'),
(6653, 0, '2006-01-05'),
(6654, 0, '2006-01-06'),
(6655, 0, '2006-01-07'),
(6656, 0, '2006-01-08'),
(6657, 0, '2006-01-09'),
(6658, 0, '2006-01-10'),
(6659, 0, '2006-01-11'),
(6660, 0, '2006-01-12'),
(6661, 0, '2006-01-13'),
(6662, 0, '2006-01-14'),
(6663, 0, '2006-01-15'),
(6664, 0, '2006-01-16'),
(6665, 0, '2006-01-17'),
(6666, 0, '2006-01-18'),
(6667, 0, '2006-01-19'),
(6668, 0, '2006-01-20'),
(6669, 0, '2006-01-21'),
(6670, 0, '2006-01-22'),
(6671, 0, '2006-01-23'),
(6672, 0, '2006-01-24'),
(6673, 0, '2006-01-25'),
(6674, 0, '2006-01-26'),
(6675, 0, '2006-01-27'),
(6676, 0, '2006-01-28'),
(6677, 0, '2006-01-29'),
(6678, 0, '2006-01-30'),
(6679, 0, '2006-01-31'),
(6680, 0, '2006-02-01'),
(6681, 0, '2006-02-02'),
(6682, 0, '2006-02-03'),
(6683, 0, '2006-02-04'),
(6684, 0, '2006-02-05'),
(6685, 0, '2006-02-06'),
(6686, 0, '2006-02-07'),
(6687, 0, '2006-02-08'),
(6688, 0, '2006-02-09'),
(6689, 0, '2006-02-10'),
(6690, 0, '2006-02-11'),
(6691, 0, '2006-02-12'),
(6692, 0, '2006-02-13'),
(6693, 0, '2006-02-14'),
(6694, 0, '2006-02-15'),
(6695, 0, '2006-02-16'),
(6696, 0, '2006-02-17'),
(6697, 0, '2006-02-18'),
(6698, 0, '2006-02-19'),
(6699, 0, '2006-02-20'),
(6700, 0, '2006-02-21'),
(6701, 0, '2006-02-22'),
(6702, 0, '2006-02-23'),
(6703, 0, '2006-02-24'),
(6704, 0, '2006-02-25'),
(6705, 0, '2006-02-26'),
(6706, 0, '2006-02-27'),
(6707, 0, '2006-02-28'),
(6708, 0, '2006-03-01'),
(6709, 0, '2006-03-02'),
(6710, 0, '2006-03-03'),
(6711, 0, '2006-03-04'),
(6712, 0, '2006-03-05'),
(6713, 0, '2006-03-06'),
(6714, 0, '2006-03-07'),
(6715, 0, '2006-03-08'),
(6716, 0, '2006-03-09'),
(6717, 0, '2006-03-10'),
(6718, 0, '2006-03-11'),
(6719, 0, '2006-03-12'),
(6720, 0, '2006-03-13'),
(6721, 0, '2006-03-14'),
(6722, 0, '2006-03-15'),
(6723, 0, '2006-03-16'),
(6724, 0, '2006-03-17'),
(6725, 0, '2006-03-18'),
(6726, 0, '2006-03-19'),
(6727, 0, '2006-03-20'),
(6728, 0, '2006-03-21'),
(6729, 0, '2006-03-22'),
(6730, 0, '2006-03-23'),
(6731, 0, '2006-03-24'),
(6732, 0, '2006-03-25'),
(6733, 0, '2006-03-26'),
(6734, 0, '2006-03-27'),
(6735, 0, '2006-03-28'),
(6736, 0, '2006-03-29'),
(6737, 0, '2006-03-30'),
(6738, 0, '2006-03-31'),
(6739, 0, '2006-04-01'),
(6740, 0, '2006-04-02'),
(6741, 0, '2006-04-03'),
(6742, 0, '2006-04-04'),
(6743, 0, '2006-04-05'),
(6744, 0, '2006-04-06'),
(6745, 0, '2006-04-07'),
(6746, 0, '2006-04-08'),
(6747, 0, '2006-04-09'),
(6748, 0, '2006-04-10'),
(6749, 0, '2006-04-11'),
(6750, 0, '2006-04-12'),
(6751, 0, '2006-04-13'),
(6752, 0, '2006-04-14'),
(6753, 0, '2006-04-15'),
(6754, 0, '2006-04-16'),
(6755, 0, '2006-04-17'),
(6756, 0, '2006-04-18'),
(6757, 0, '2006-04-19'),
(6758, 0, '2006-04-20'),
(6759, 0, '2006-04-21'),
(6760, 0, '2006-04-22'),
(6761, 0, '2006-04-23'),
(6762, 0, '2006-04-24'),
(6763, 0, '2006-04-25'),
(6764, 0, '2006-04-26'),
(6765, 0, '2006-04-27'),
(6766, 0, '2006-04-28'),
(6767, 0, '2006-04-29'),
(6768, 0, '2006-04-30'),
(6769, 0, '2006-05-01'),
(6770, 0, '2006-05-02'),
(6771, 0, '2006-05-03'),
(6772, 0, '2006-05-04'),
(6773, 0, '2006-05-05'),
(6774, 0, '2006-05-06'),
(6775, 0, '2006-05-07'),
(6776, 0, '2006-05-08'),
(6777, 0, '2006-05-09'),
(6778, 0, '2006-05-10'),
(6779, 0, '2006-05-11'),
(6780, 0, '2006-05-12'),
(6781, 0, '2006-05-13'),
(6782, 0, '2006-05-14'),
(6783, 0, '2006-05-15'),
(6784, 0, '2006-05-16'),
(6785, 0, '2006-05-17'),
(6786, 0, '2006-05-18'),
(6787, 0, '2006-05-19'),
(6788, 0, '2006-05-20'),
(6789, 0, '2006-05-21'),
(6790, 0, '2006-05-22'),
(6791, 0, '2006-05-23'),
(6792, 0, '2006-05-24'),
(6793, 0, '2006-05-25'),
(6794, 0, '2006-05-26'),
(6795, 0, '2006-05-27'),
(6796, 0, '2006-05-28'),
(6797, 0, '2006-05-29'),
(6798, 0, '2006-05-30'),
(6799, 0, '2006-05-31'),
(6800, 0, '2006-06-01'),
(6801, 0, '2006-06-02'),
(6802, 0, '2006-06-03'),
(6803, 0, '2006-06-04'),
(6804, 0, '2006-06-05'),
(6805, 0, '2006-06-06'),
(6806, 0, '2006-06-07'),
(6807, 0, '2006-06-08'),
(6808, 0, '2006-06-09'),
(6809, 0, '2006-06-10'),
(6810, 0, '2006-06-11'),
(6811, 0, '2006-06-12'),
(6812, 0, '2006-06-13'),
(6813, 0, '2006-06-14'),
(6814, 0, '2006-06-15'),
(6815, 0, '2006-06-16'),
(6816, 0, '2006-06-17'),
(6817, 0, '2006-06-18'),
(6818, 0, '2006-06-19'),
(6819, 0, '2006-06-20'),
(6820, 0, '2006-06-21'),
(6821, 0, '2006-06-22'),
(6822, 0, '2006-06-23'),
(6823, 0, '2006-06-24'),
(6824, 0, '2006-06-25'),
(6825, 0, '2006-06-26'),
(6826, 0, '2006-06-27'),
(6827, 0, '2006-06-28'),
(6828, 0, '2006-06-29'),
(6829, 0, '2006-06-30'),
(6830, 0, '2006-07-01'),
(6831, 0, '2006-07-02'),
(6832, 0, '2006-07-03'),
(6833, 0, '2006-07-04'),
(6834, 0, '2006-07-05'),
(6835, 0, '2006-07-06'),
(6836, 0, '2006-07-07'),
(6837, 0, '2006-07-08'),
(6838, 0, '2006-07-09'),
(6839, 0, '2006-07-10'),
(6840, 0, '2006-07-11'),
(6841, 0, '2006-07-12'),
(6842, 0, '2006-07-13'),
(6843, 0, '2006-07-14'),
(6844, 0, '2006-07-15'),
(6845, 0, '2006-07-16'),
(6846, 0, '2006-07-17'),
(6847, 0, '2006-07-18'),
(6848, 0, '2006-07-19'),
(6849, 0, '2006-07-20'),
(6850, 0, '2006-07-21'),
(6851, 0, '2006-07-22'),
(6852, 0, '2006-07-23'),
(6853, 0, '2006-07-24'),
(6854, 0, '2006-07-25'),
(6855, 0, '2006-07-26'),
(6856, 0, '2006-07-27'),
(6857, 0, '2006-07-28'),
(6858, 0, '2006-07-29'),
(6859, 0, '2006-07-30'),
(6860, 0, '2006-07-31'),
(6861, 0, '2006-08-01'),
(6862, 0, '2006-08-02'),
(6863, 0, '2006-08-03'),
(6864, 0, '2006-08-04'),
(6865, 0, '2006-08-05'),
(6866, 0, '2006-08-06'),
(6867, 0, '2006-08-07'),
(6868, 0, '2006-08-08'),
(6869, 0, '2006-08-09'),
(6870, 0, '2006-08-10'),
(6871, 0, '2006-08-11'),
(6872, 0, '2006-08-12'),
(6873, 0, '2006-08-13'),
(6874, 0, '2006-08-14'),
(6875, 0, '2006-08-15'),
(6876, 0, '2006-08-16'),
(6877, 0, '2006-08-17'),
(6878, 0, '2006-08-18'),
(6879, 0, '2006-08-19'),
(6880, 0, '2006-08-20'),
(6881, 0, '2006-08-21'),
(6882, 0, '2006-08-22'),
(6883, 0, '2006-08-23'),
(6884, 0, '2006-08-24'),
(6885, 0, '2006-08-25'),
(6886, 0, '2006-08-26'),
(6887, 0, '2006-08-27'),
(6888, 0, '2006-08-28'),
(6889, 0, '2006-08-29'),
(6890, 0, '2006-08-30'),
(6891, 0, '2006-08-31'),
(6892, 0, '2006-09-01'),
(6893, 0, '2006-09-02'),
(6894, 0, '2006-09-03'),
(6895, 0, '2006-09-04'),
(6896, 0, '2006-09-05'),
(6897, 0, '2006-09-06'),
(6898, 0, '2006-09-07'),
(6899, 0, '2006-09-08'),
(6900, 0, '2006-09-09'),
(6901, 0, '2006-09-10'),
(6902, 0, '2006-09-11'),
(6903, 0, '2006-09-12'),
(6904, 0, '2006-09-13'),
(6905, 0, '2006-09-14'),
(6906, 0, '2006-09-15'),
(6907, 0, '2006-09-16'),
(6908, 0, '2006-09-17'),
(6909, 0, '2006-09-18'),
(6910, 0, '2006-09-19'),
(6911, 0, '2006-09-20'),
(6912, 0, '2006-09-21'),
(6913, 0, '2006-09-22'),
(6914, 0, '2006-09-23'),
(6915, 0, '2006-09-24'),
(6916, 0, '2006-09-25'),
(6917, 0, '2006-09-26'),
(6918, 0, '2006-09-27'),
(6919, 0, '2006-09-28'),
(6920, 0, '2006-09-29'),
(6921, 0, '2006-09-30'),
(6922, 0, '2006-10-01'),
(6923, 0, '2006-10-02'),
(6924, 0, '2006-10-03'),
(6925, 0, '2006-10-04'),
(6926, 0, '2006-10-05'),
(6927, 0, '2006-10-06'),
(6928, 0, '2006-10-07'),
(6929, 0, '2006-10-08'),
(6930, 0, '2006-10-09'),
(6931, 0, '2006-10-10'),
(6932, 0, '2006-10-11'),
(6933, 0, '2006-10-12'),
(6934, 0, '2006-10-13'),
(6935, 0, '2006-10-14'),
(6936, 0, '2006-10-15'),
(6937, 0, '2006-10-16'),
(6938, 0, '2006-10-17'),
(6939, 0, '2006-10-18'),
(6940, 0, '2006-10-19'),
(6941, 0, '2006-10-20'),
(6942, 0, '2006-10-21'),
(6943, 0, '2006-10-22'),
(6944, 0, '2006-10-23'),
(6945, 0, '2006-10-24'),
(6946, 0, '2006-10-25'),
(6947, 0, '2006-10-26'),
(6948, 0, '2006-10-27'),
(6949, 0, '2006-10-28'),
(6950, 0, '2006-10-29'),
(6951, 0, '2006-10-30'),
(6952, 0, '2006-10-31'),
(6953, 0, '2006-11-01'),
(6954, 0, '2006-11-02'),
(6955, 0, '2006-11-03'),
(6956, 0, '2006-11-04'),
(6957, 0, '2006-11-05'),
(6958, 0, '2006-11-06'),
(6959, 0, '2006-11-07'),
(6960, 0, '2006-11-08'),
(6961, 0, '2006-11-09'),
(6962, 0, '2006-11-10'),
(6963, 0, '2006-11-11'),
(6964, 0, '2006-11-12'),
(6965, 0, '2006-11-13'),
(6966, 0, '2006-11-14'),
(6967, 0, '2006-11-15'),
(6968, 0, '2006-11-16'),
(6969, 0, '2006-11-17'),
(6970, 0, '2006-11-18'),
(6971, 0, '2006-11-19'),
(6972, 0, '2006-11-20'),
(6973, 0, '2006-11-21'),
(6974, 0, '2006-11-22'),
(6975, 0, '2006-11-23'),
(6976, 0, '2006-11-24'),
(6977, 0, '2006-11-25'),
(6978, 0, '2006-11-26'),
(6979, 0, '2006-11-27'),
(6980, 0, '2006-11-28'),
(6981, 0, '2006-11-29'),
(6982, 0, '2006-11-30'),
(6983, 0, '2006-12-01'),
(6984, 0, '2006-12-02'),
(6985, 0, '2006-12-03'),
(6986, 0, '2006-12-04'),
(6987, 0, '2006-12-05'),
(6988, 0, '2006-12-06'),
(6989, 0, '2006-12-07'),
(6990, 0, '2006-12-08'),
(6991, 0, '2006-12-09'),
(6992, 0, '2006-12-10'),
(6993, 0, '2006-12-11'),
(6994, 0, '2006-12-12'),
(6995, 0, '2006-12-13'),
(6996, 0, '2006-12-14'),
(6997, 0, '2006-12-15'),
(6998, 0, '2006-12-16'),
(6999, 0, '2006-12-17'),
(7000, 0, '2006-12-18'),
(7001, 0, '2006-12-19'),
(7002, 0, '2006-12-20'),
(7003, 0, '2006-12-21'),
(7004, 0, '2006-12-22'),
(7005, 0, '2006-12-23'),
(7006, 0, '2006-12-24'),
(7007, 0, '2006-12-25'),
(7008, 0, '2006-12-26'),
(7009, 0, '2006-12-27'),
(7010, 0, '2006-12-28'),
(7011, 0, '2006-12-29'),
(7012, 0, '2006-12-30'),
(7013, 0, '2006-12-31'),
(7014, 0, '2007-01-01'),
(7015, 0, '2007-01-02'),
(7016, 0, '2007-01-03'),
(7017, 0, '2007-01-04'),
(7018, 0, '2007-01-05'),
(7019, 0, '2007-01-06'),
(7020, 0, '2007-01-07'),
(7021, 0, '2007-01-08'),
(7022, 0, '2007-01-09'),
(7023, 0, '2007-01-10'),
(7024, 0, '2007-01-11'),
(7025, 0, '2007-01-12'),
(7026, 0, '2007-01-13'),
(7027, 0, '2007-01-14'),
(7028, 0, '2007-01-15'),
(7029, 0, '2007-01-16'),
(7030, 0, '2007-01-17'),
(7031, 0, '2007-01-18'),
(7032, 0, '2007-01-19'),
(7033, 0, '2007-01-20'),
(7034, 0, '2007-01-21'),
(7035, 0, '2007-01-22'),
(7036, 0, '2007-01-23'),
(7037, 0, '2007-01-24'),
(7038, 0, '2007-01-25'),
(7039, 0, '2007-01-26'),
(7040, 0, '2007-01-27'),
(7041, 0, '2007-01-28'),
(7042, 0, '2007-01-29'),
(7043, 0, '2007-01-30'),
(7044, 0, '2007-01-31'),
(7045, 0, '2007-02-01'),
(7046, 0, '2007-02-02'),
(7047, 0, '2007-02-03'),
(7048, 0, '2007-02-04'),
(7049, 0, '2007-02-05'),
(7050, 0, '2007-02-06'),
(7051, 0, '2007-02-07'),
(7052, 0, '2007-02-08'),
(7053, 0, '2007-02-09'),
(7054, 0, '2007-02-10'),
(7055, 0, '2007-02-11'),
(7056, 0, '2007-02-12'),
(7057, 0, '2007-02-13'),
(7058, 0, '2007-02-14'),
(7059, 0, '2007-02-15'),
(7060, 0, '2007-02-16'),
(7061, 0, '2007-02-17'),
(7062, 0, '2007-02-18'),
(7063, 0, '2007-02-19'),
(7064, 0, '2007-02-20'),
(7065, 0, '2007-02-21'),
(7066, 0, '2007-02-22'),
(7067, 0, '2007-02-23'),
(7068, 0, '2007-02-24'),
(7069, 0, '2007-02-25'),
(7070, 0, '2007-02-26'),
(7071, 0, '2007-02-27'),
(7072, 0, '2007-02-28'),
(7073, 0, '2007-03-01'),
(7074, 0, '2007-03-02'),
(7075, 0, '2007-03-03'),
(7076, 0, '2007-03-04'),
(7077, 0, '2007-03-05'),
(7078, 0, '2007-03-06'),
(7079, 0, '2007-03-07'),
(7080, 0, '2007-03-08'),
(7081, 0, '2007-03-09'),
(7082, 0, '2007-03-10'),
(7083, 0, '2007-03-11'),
(7084, 0, '2007-03-12'),
(7085, 0, '2007-03-13'),
(7086, 0, '2007-03-14'),
(7087, 0, '2007-03-15'),
(7088, 0, '2007-03-16'),
(7089, 0, '2007-03-17'),
(7090, 0, '2007-03-18'),
(7091, 0, '2007-03-19'),
(7092, 0, '2007-03-20'),
(7093, 0, '2007-03-21'),
(7094, 0, '2007-03-22'),
(7095, 0, '2007-03-23'),
(7096, 0, '2007-03-24'),
(7097, 0, '2007-03-25'),
(7098, 0, '2007-03-26'),
(7099, 0, '2007-03-27'),
(7100, 0, '2007-03-28'),
(7101, 0, '2007-03-29'),
(7102, 0, '2007-03-30'),
(7103, 0, '2007-03-31'),
(7104, 0, '2007-04-01'),
(7105, 0, '2007-04-02'),
(7106, 0, '2007-04-03'),
(7107, 0, '2007-04-04'),
(7108, 0, '2007-04-05'),
(7109, 0, '2007-04-06'),
(7110, 0, '2007-04-07'),
(7111, 0, '2007-04-08'),
(7112, 0, '2007-04-09'),
(7113, 0, '2007-04-10'),
(7114, 0, '2007-04-11'),
(7115, 0, '2007-04-12'),
(7116, 0, '2007-04-13'),
(7117, 0, '2007-04-14'),
(7118, 0, '2007-04-15'),
(7119, 0, '2007-04-16'),
(7120, 0, '2007-04-17'),
(7121, 0, '2007-04-18'),
(7122, 0, '2007-04-19'),
(7123, 0, '2007-04-20'),
(7124, 0, '2007-04-21'),
(7125, 0, '2007-04-22'),
(7126, 0, '2007-04-23'),
(7127, 0, '2007-04-24'),
(7128, 0, '2007-04-25'),
(7129, 0, '2007-04-26'),
(7130, 0, '2007-04-27'),
(7131, 0, '2007-04-28'),
(7132, 0, '2007-04-29'),
(7133, 0, '2007-04-30'),
(7134, 0, '2007-05-01'),
(7135, 0, '2007-05-02'),
(7136, 0, '2007-05-03'),
(7137, 0, '2007-05-04'),
(7138, 0, '2007-05-05'),
(7139, 0, '2007-05-06'),
(7140, 0, '2007-05-07'),
(7141, 0, '2007-05-08'),
(7142, 0, '2007-05-09'),
(7143, 0, '2007-05-10'),
(7144, 0, '2007-05-11'),
(7145, 0, '2007-05-12'),
(7146, 0, '2007-05-13'),
(7147, 0, '2007-05-14'),
(7148, 0, '2007-05-15'),
(7149, 0, '2007-05-16'),
(7150, 0, '2007-05-17'),
(7151, 0, '2007-05-18'),
(7152, 0, '2007-05-19'),
(7153, 0, '2007-05-20'),
(7154, 0, '2007-05-21'),
(7155, 0, '2007-05-22'),
(7156, 0, '2007-05-23'),
(7157, 0, '2007-05-24'),
(7158, 0, '2007-05-25'),
(7159, 0, '2007-05-26'),
(7160, 0, '2007-05-27'),
(7161, 0, '2007-05-28'),
(7162, 0, '2007-05-29'),
(7163, 0, '2007-05-30'),
(7164, 0, '2007-05-31'),
(7165, 0, '2007-06-01'),
(7166, 0, '2007-06-02'),
(7167, 0, '2007-06-03'),
(7168, 0, '2007-06-04'),
(7169, 0, '2007-06-05'),
(7170, 0, '2007-06-06'),
(7171, 0, '2007-06-07'),
(7172, 0, '2007-06-08'),
(7173, 0, '2007-06-09'),
(7174, 0, '2007-06-10'),
(7175, 0, '2007-06-11'),
(7176, 0, '2007-06-12'),
(7177, 0, '2007-06-13'),
(7178, 0, '2007-06-14'),
(7179, 0, '2007-06-15'),
(7180, 0, '2007-06-16'),
(7181, 0, '2007-06-17'),
(7182, 0, '2007-06-18'),
(7183, 0, '2007-06-19'),
(7184, 0, '2007-06-20'),
(7185, 0, '2007-06-21'),
(7186, 0, '2007-06-22'),
(7187, 0, '2007-06-23'),
(7188, 0, '2007-06-24'),
(7189, 0, '2007-06-25'),
(7190, 0, '2007-06-26'),
(7191, 0, '2007-06-27'),
(7192, 0, '2007-06-28'),
(7193, 0, '2007-06-29'),
(7194, 0, '2007-06-30'),
(7195, 0, '2007-07-01'),
(7196, 0, '2007-07-02'),
(7197, 0, '2007-07-03'),
(7198, 0, '2007-07-04'),
(7199, 0, '2007-07-05'),
(7200, 0, '2007-07-06'),
(7201, 0, '2007-07-07'),
(7202, 0, '2007-07-08'),
(7203, 0, '2007-07-09'),
(7204, 0, '2007-07-10'),
(7205, 0, '2007-07-11'),
(7206, 0, '2007-07-12'),
(7207, 0, '2007-07-13'),
(7208, 0, '2007-07-14'),
(7209, 0, '2007-07-15'),
(7210, 0, '2007-07-16'),
(7211, 0, '2007-07-17'),
(7212, 0, '2007-07-18'),
(7213, 0, '2007-07-19'),
(7214, 0, '2007-07-20'),
(7215, 0, '2007-07-21'),
(7216, 0, '2007-07-22'),
(7217, 0, '2007-07-23'),
(7218, 0, '2007-07-24'),
(7219, 0, '2007-07-25'),
(7220, 0, '2007-07-26'),
(7221, 0, '2007-07-27'),
(7222, 0, '2007-07-28'),
(7223, 0, '2007-07-29'),
(7224, 0, '2007-07-30'),
(7225, 0, '2007-07-31'),
(7226, 0, '2007-08-01'),
(7227, 0, '2007-08-02'),
(7228, 0, '2007-08-03'),
(7229, 0, '2007-08-04'),
(7230, 0, '2007-08-05'),
(7231, 0, '2007-08-06'),
(7232, 0, '2007-08-07'),
(7233, 0, '2007-08-08'),
(7234, 0, '2007-08-09'),
(7235, 0, '2007-08-10'),
(7236, 0, '2007-08-11'),
(7237, 0, '2007-08-12'),
(7238, 0, '2007-08-13'),
(7239, 0, '2007-08-14'),
(7240, 0, '2007-08-15'),
(7241, 0, '2007-08-16'),
(7242, 0, '2007-08-17'),
(7243, 0, '2007-08-18'),
(7244, 0, '2007-08-19'),
(7245, 0, '2007-08-20'),
(7246, 0, '2007-08-21'),
(7247, 0, '2007-08-22'),
(7248, 0, '2007-08-23'),
(7249, 0, '2007-08-24'),
(7250, 0, '2007-08-25'),
(7251, 0, '2007-08-26'),
(7252, 0, '2007-08-27'),
(7253, 0, '2007-08-28'),
(7254, 0, '2007-08-29'),
(7255, 0, '2007-08-30'),
(7256, 0, '2007-08-31'),
(7257, 0, '2007-09-01'),
(7258, 0, '2007-09-02'),
(7259, 0, '2007-09-03'),
(7260, 0, '2007-09-04'),
(7261, 0, '2007-09-05'),
(7262, 0, '2007-09-06'),
(7263, 0, '2007-09-07'),
(7264, 0, '2007-09-08'),
(7265, 0, '2007-09-09'),
(7266, 0, '2007-09-10'),
(7267, 0, '2007-09-11'),
(7268, 0, '2007-09-12'),
(7269, 0, '2007-09-13'),
(7270, 0, '2007-09-14'),
(7271, 0, '2007-09-15'),
(7272, 0, '2007-09-16'),
(7273, 0, '2007-09-17'),
(7274, 0, '2007-09-18'),
(7275, 0, '2007-09-19'),
(7276, 0, '2007-09-20'),
(7277, 0, '2007-09-21'),
(7278, 0, '2007-09-22'),
(7279, 0, '2007-09-23'),
(7280, 0, '2007-09-24'),
(7281, 0, '2007-09-25'),
(7282, 0, '2007-09-26'),
(7283, 0, '2007-09-27'),
(7284, 0, '2007-09-28'),
(7285, 0, '2007-09-29'),
(7286, 0, '2007-09-30'),
(7287, 0, '2007-10-01'),
(7288, 0, '2007-10-02'),
(7289, 0, '2007-10-03'),
(7290, 0, '2007-10-04'),
(7291, 0, '2007-10-05'),
(7292, 0, '2007-10-06'),
(7293, 0, '2007-10-07'),
(7294, 0, '2007-10-08'),
(7295, 0, '2007-10-09'),
(7296, 0, '2007-10-10'),
(7297, 0, '2007-10-11'),
(7298, 0, '2007-10-12'),
(7299, 0, '2007-10-13'),
(7300, 0, '2007-10-14'),
(7301, 0, '2007-10-15'),
(7302, 0, '2007-10-16'),
(7303, 0, '2007-10-17'),
(7304, 0, '2007-10-18'),
(7305, 0, '2007-10-19'),
(7306, 0, '2007-10-20'),
(7307, 0, '2007-10-21'),
(7308, 0, '2007-10-22'),
(7309, 0, '2007-10-23'),
(7310, 0, '2007-10-24'),
(7311, 0, '2007-10-25'),
(7312, 0, '2007-10-26'),
(7313, 0, '2007-10-27'),
(7314, 0, '2007-10-28'),
(7315, 0, '2007-10-29'),
(7316, 0, '2007-10-30'),
(7317, 0, '2007-10-31'),
(7318, 0, '2007-11-01'),
(7319, 0, '2007-11-02'),
(7320, 0, '2007-11-03'),
(7321, 0, '2007-11-04'),
(7322, 0, '2007-11-05'),
(7323, 0, '2007-11-06'),
(7324, 0, '2007-11-07'),
(7325, 0, '2007-11-08'),
(7326, 0, '2007-11-09'),
(7327, 0, '2007-11-10'),
(7328, 0, '2007-11-11'),
(7329, 0, '2007-11-12'),
(7330, 0, '2007-11-13'),
(7331, 0, '2007-11-14'),
(7332, 0, '2007-11-15'),
(7333, 0, '2007-11-16'),
(7334, 0, '2007-11-17'),
(7335, 0, '2007-11-18'),
(7336, 0, '2007-11-19'),
(7337, 0, '2007-11-20'),
(7338, 0, '2007-11-21'),
(7339, 0, '2007-11-22'),
(7340, 0, '2007-11-23'),
(7341, 0, '2007-11-24'),
(7342, 0, '2007-11-25'),
(7343, 0, '2007-11-26'),
(7344, 0, '2007-11-27'),
(7345, 0, '2007-11-28'),
(7346, 0, '2007-11-29'),
(7347, 0, '2007-11-30'),
(7348, 0, '2007-12-01'),
(7349, 0, '2007-12-02'),
(7350, 0, '2007-12-03'),
(7351, 0, '2007-12-04'),
(7352, 0, '2007-12-05'),
(7353, 0, '2007-12-06'),
(7354, 0, '2007-12-07'),
(7355, 0, '2007-12-08'),
(7356, 0, '2007-12-09'),
(7357, 0, '2007-12-10'),
(7358, 0, '2007-12-11'),
(7359, 0, '2007-12-12'),
(7360, 0, '2007-12-13'),
(7361, 0, '2007-12-14'),
(7362, 0, '2007-12-15'),
(7363, 0, '2007-12-16'),
(7364, 0, '2007-12-17'),
(7365, 0, '2007-12-18'),
(7366, 0, '2007-12-19'),
(7367, 0, '2007-12-20'),
(7368, 0, '2007-12-21'),
(7369, 0, '2007-12-22'),
(7370, 0, '2007-12-23'),
(7371, 0, '2007-12-24'),
(7372, 0, '2007-12-25'),
(7373, 0, '2007-12-26'),
(7374, 0, '2007-12-27'),
(7375, 0, '2007-12-28'),
(7376, 0, '2007-12-29'),
(7377, 0, '2007-12-30'),
(7378, 0, '2007-12-31'),
(7379, 0, '2008-01-01'),
(7380, 0, '2008-01-02'),
(7381, 0, '2008-01-03'),
(7382, 0, '2008-01-04'),
(7383, 0, '2008-01-05'),
(7384, 0, '2008-01-06'),
(7385, 0, '2008-01-07'),
(7386, 0, '2008-01-08'),
(7387, 0, '2008-01-09'),
(7388, 0, '2008-01-10'),
(7389, 0, '2008-01-11'),
(7390, 0, '2008-01-12'),
(7391, 0, '2008-01-13'),
(7392, 0, '2008-01-14'),
(7393, 0, '2008-01-15'),
(7394, 0, '2008-01-16'),
(7395, 0, '2008-01-17'),
(7396, 0, '2008-01-18'),
(7397, 0, '2008-01-19'),
(7398, 0, '2008-01-20'),
(7399, 0, '2008-01-21'),
(7400, 0, '2008-01-22'),
(7401, 0, '2008-01-23'),
(7402, 0, '2008-01-24'),
(7403, 0, '2008-01-25'),
(7404, 0, '2008-01-26'),
(7405, 0, '2008-01-27'),
(7406, 0, '2008-01-28'),
(7407, 0, '2008-01-29'),
(7408, 0, '2008-01-30'),
(7409, 0, '2008-01-31'),
(7410, 0, '2008-02-01'),
(7411, 0, '2008-02-02'),
(7412, 0, '2008-02-03'),
(7413, 0, '2008-02-04'),
(7414, 0, '2008-02-05'),
(7415, 0, '2008-02-06'),
(7416, 0, '2008-02-07'),
(7417, 0, '2008-02-08'),
(7418, 0, '2008-02-09'),
(7419, 0, '2008-02-10'),
(7420, 0, '2008-02-11'),
(7421, 0, '2008-02-12'),
(7422, 0, '2008-02-13'),
(7423, 0, '2008-02-14'),
(7424, 0, '2008-02-15'),
(7425, 0, '2008-02-16'),
(7426, 0, '2008-02-17'),
(7427, 0, '2008-02-18'),
(7428, 0, '2008-02-19'),
(7429, 0, '2008-02-20'),
(7430, 0, '2008-02-21'),
(7431, 0, '2008-02-22'),
(7432, 0, '2008-02-23'),
(7433, 0, '2008-02-24'),
(7434, 0, '2008-02-25'),
(7435, 0, '2008-02-26'),
(7436, 0, '2008-02-27'),
(7437, 0, '2008-02-28'),
(7438, 0, '2008-02-29'),
(7439, 0, '2008-03-01'),
(7440, 0, '2008-03-02'),
(7441, 0, '2008-03-03'),
(7442, 0, '2008-03-04'),
(7443, 0, '2008-03-05'),
(7444, 0, '2008-03-06'),
(7445, 0, '2008-03-07'),
(7446, 0, '2008-03-08'),
(7447, 0, '2008-03-09'),
(7448, 0, '2008-03-10'),
(7449, 0, '2008-03-11'),
(7450, 0, '2008-03-12'),
(7451, 0, '2008-03-13'),
(7452, 0, '2008-03-14'),
(7453, 0, '2008-03-15'),
(7454, 0, '2008-03-16'),
(7455, 0, '2008-03-17'),
(7456, 0, '2008-03-18'),
(7457, 0, '2008-03-19'),
(7458, 0, '2008-03-20'),
(7459, 0, '2008-03-21'),
(7460, 0, '2008-03-22'),
(7461, 0, '2008-03-23'),
(7462, 0, '2008-03-24'),
(7463, 0, '2008-03-25'),
(7464, 0, '2008-03-26'),
(7465, 0, '2008-03-27'),
(7466, 0, '2008-03-28'),
(7467, 0, '2008-03-29'),
(7468, 0, '2008-03-30'),
(7469, 0, '2008-03-31'),
(7470, 0, '2008-04-01'),
(7471, 0, '2008-04-02'),
(7472, 0, '2008-04-03'),
(7473, 0, '2008-04-04'),
(7474, 0, '2008-04-05'),
(7475, 0, '2008-04-06'),
(7476, 0, '2008-04-07'),
(7477, 0, '2008-04-08'),
(7478, 0, '2008-04-09'),
(7479, 0, '2008-04-10'),
(7480, 0, '2008-04-11'),
(7481, 0, '2008-04-12'),
(7482, 0, '2008-04-13'),
(7483, 0, '2008-04-14'),
(7484, 0, '2008-04-15'),
(7485, 0, '2008-04-16'),
(7486, 0, '2008-04-17'),
(7487, 0, '2008-04-18'),
(7488, 0, '2008-04-19'),
(7489, 0, '2008-04-20'),
(7490, 0, '2008-04-21'),
(7491, 0, '2008-04-22'),
(7492, 0, '2008-04-23'),
(7493, 0, '2008-04-24'),
(7494, 0, '2008-04-25'),
(7495, 0, '2008-04-26'),
(7496, 0, '2008-04-27'),
(7497, 0, '2008-04-28'),
(7498, 0, '2008-04-29'),
(7499, 0, '2008-04-30'),
(7500, 0, '2008-05-01'),
(7501, 0, '2008-05-02'),
(7502, 0, '2008-05-03'),
(7503, 0, '2008-05-04'),
(7504, 0, '2008-05-05'),
(7505, 0, '2008-05-06'),
(7506, 0, '2008-05-07'),
(7507, 0, '2008-05-08'),
(7508, 0, '2008-05-09'),
(7509, 0, '2008-05-10'),
(7510, 0, '2008-05-11'),
(7511, 0, '2008-05-12'),
(7512, 0, '2008-05-13'),
(7513, 0, '2008-05-14'),
(7514, 0, '2008-05-15'),
(7515, 0, '2008-05-16'),
(7516, 0, '2008-05-17'),
(7517, 0, '2008-05-18'),
(7518, 0, '2008-05-19'),
(7519, 0, '2008-05-20'),
(7520, 0, '2008-05-21'),
(7521, 0, '2008-05-22'),
(7522, 0, '2008-05-23'),
(7523, 0, '2008-05-24'),
(7524, 0, '2008-05-25'),
(7525, 0, '2008-05-26'),
(7526, 0, '2008-05-27'),
(7527, 0, '2008-05-28'),
(7528, 0, '2008-05-29'),
(7529, 0, '2008-05-30'),
(7530, 0, '2008-05-31'),
(7531, 0, '2008-06-01'),
(7532, 0, '2008-06-02'),
(7533, 0, '2008-06-03'),
(7534, 0, '2008-06-04'),
(7535, 0, '2008-06-05'),
(7536, 0, '2008-06-06'),
(7537, 0, '2008-06-07'),
(7538, 0, '2008-06-08'),
(7539, 0, '2008-06-09'),
(7540, 0, '2008-06-10'),
(7541, 0, '2008-06-11'),
(7542, 0, '2008-06-12'),
(7543, 0, '2008-06-13'),
(7544, 0, '2008-06-14'),
(7545, 0, '2008-06-15'),
(7546, 0, '2008-06-16'),
(7547, 0, '2008-06-17'),
(7548, 0, '2008-06-18'),
(7549, 0, '2008-06-19'),
(7550, 0, '2008-06-20'),
(7551, 0, '2008-06-21'),
(7552, 0, '2008-06-22'),
(7553, 0, '2008-06-23'),
(7554, 0, '2008-06-24'),
(7555, 0, '2008-06-25'),
(7556, 0, '2008-06-26'),
(7557, 0, '2008-06-27'),
(7558, 0, '2008-06-28'),
(7559, 0, '2008-06-29'),
(7560, 0, '2008-06-30'),
(7561, 0, '2008-07-01'),
(7562, 0, '2008-07-02'),
(7563, 0, '2008-07-03'),
(7564, 0, '2008-07-04'),
(7565, 0, '2008-07-05'),
(7566, 0, '2008-07-06'),
(7567, 0, '2008-07-07'),
(7568, 0, '2008-07-08'),
(7569, 0, '2008-07-09'),
(7570, 0, '2008-07-10'),
(7571, 0, '2008-07-11'),
(7572, 0, '2008-07-12'),
(7573, 0, '2008-07-13'),
(7574, 0, '2008-07-14'),
(7575, 0, '2008-07-15'),
(7576, 0, '2008-07-16'),
(7577, 0, '2008-07-17'),
(7578, 0, '2008-07-18'),
(7579, 0, '2008-07-19'),
(7580, 0, '2008-07-20'),
(7581, 0, '2008-07-21'),
(7582, 0, '2008-07-22'),
(7583, 0, '2008-07-23'),
(7584, 0, '2008-07-24'),
(7585, 0, '2008-07-25'),
(7586, 0, '2008-07-26'),
(7587, 0, '2008-07-27'),
(7588, 0, '2008-07-28'),
(7589, 0, '2008-07-29'),
(7590, 0, '2008-07-30'),
(7591, 0, '2008-07-31'),
(7592, 0, '2008-08-01'),
(7593, 0, '2008-08-02'),
(7594, 0, '2008-08-03'),
(7595, 0, '2008-08-04'),
(7596, 0, '2008-08-05'),
(7597, 0, '2008-08-06'),
(7598, 0, '2008-08-07'),
(7599, 0, '2008-08-08'),
(7600, 0, '2008-08-09'),
(7601, 0, '2008-08-10'),
(7602, 0, '2008-08-11'),
(7603, 0, '2008-08-12'),
(7604, 0, '2008-08-13'),
(7605, 0, '2008-08-14'),
(7606, 0, '2008-08-15'),
(7607, 0, '2008-08-16'),
(7608, 0, '2008-08-17'),
(7609, 0, '2008-08-18'),
(7610, 0, '2008-08-19'),
(7611, 0, '2008-08-20'),
(7612, 0, '2008-08-21'),
(7613, 0, '2008-08-22'),
(7614, 0, '2008-08-23'),
(7615, 0, '2008-08-24'),
(7616, 0, '2008-08-25'),
(7617, 0, '2008-08-26'),
(7618, 0, '2008-08-27'),
(7619, 0, '2008-08-28'),
(7620, 0, '2008-08-29'),
(7621, 0, '2008-08-30'),
(7622, 0, '2008-08-31'),
(7623, 0, '2008-09-01'),
(7624, 0, '2008-09-02'),
(7625, 0, '2008-09-03'),
(7626, 0, '2008-09-04'),
(7627, 0, '2008-09-05'),
(7628, 0, '2008-09-06'),
(7629, 0, '2008-09-07'),
(7630, 0, '2008-09-08'),
(7631, 0, '2008-09-09'),
(7632, 0, '2008-09-10'),
(7633, 0, '2008-09-11'),
(7634, 0, '2008-09-12'),
(7635, 0, '2008-09-13'),
(7636, 0, '2008-09-14'),
(7637, 0, '2008-09-15'),
(7638, 0, '2008-09-16'),
(7639, 0, '2008-09-17'),
(7640, 0, '2008-09-18'),
(7641, 0, '2008-09-19'),
(7642, 0, '2008-09-20'),
(7643, 0, '2008-09-21'),
(7644, 0, '2008-09-22'),
(7645, 0, '2008-09-23'),
(7646, 0, '2008-09-24'),
(7647, 0, '2008-09-25'),
(7648, 0, '2008-09-26'),
(7649, 0, '2008-09-27'),
(7650, 0, '2008-09-28'),
(7651, 0, '2008-09-29'),
(7652, 0, '2008-09-30'),
(7653, 0, '2008-10-01'),
(7654, 0, '2008-10-02'),
(7655, 0, '2008-10-03'),
(7656, 0, '2008-10-04'),
(7657, 0, '2008-10-05'),
(7658, 0, '2008-10-06'),
(7659, 0, '2008-10-07'),
(7660, 0, '2008-10-08'),
(7661, 0, '2008-10-09'),
(7662, 0, '2008-10-10'),
(7663, 0, '2008-10-11'),
(7664, 0, '2008-10-12'),
(7665, 0, '2008-10-13'),
(7666, 0, '2008-10-14'),
(7667, 0, '2008-10-15'),
(7668, 0, '2008-10-16'),
(7669, 0, '2008-10-17'),
(7670, 0, '2008-10-18'),
(7671, 0, '2008-10-19'),
(7672, 0, '2008-10-20'),
(7673, 0, '2008-10-21'),
(7674, 0, '2008-10-22'),
(7675, 0, '2008-10-23'),
(7676, 0, '2008-10-24'),
(7677, 0, '2008-10-25'),
(7678, 0, '2008-10-26'),
(7679, 0, '2008-10-27'),
(7680, 0, '2008-10-28'),
(7681, 0, '2008-10-29'),
(7682, 0, '2008-10-30'),
(7683, 0, '2008-10-31'),
(7684, 0, '2008-11-01'),
(7685, 0, '2008-11-02'),
(7686, 0, '2008-11-03'),
(7687, 0, '2008-11-04'),
(7688, 0, '2008-11-05'),
(7689, 0, '2008-11-06'),
(7690, 0, '2008-11-07'),
(7691, 0, '2008-11-08'),
(7692, 0, '2008-11-09'),
(7693, 0, '2008-11-10'),
(7694, 0, '2008-11-11'),
(7695, 0, '2008-11-12'),
(7696, 0, '2008-11-13'),
(7697, 0, '2008-11-14'),
(7698, 0, '2008-11-15'),
(7699, 0, '2008-11-16'),
(7700, 0, '2008-11-17'),
(7701, 0, '2008-11-18'),
(7702, 0, '2008-11-19'),
(7703, 0, '2008-11-20'),
(7704, 0, '2008-11-21'),
(7705, 0, '2008-11-22'),
(7706, 0, '2008-11-23'),
(7707, 0, '2008-11-24'),
(7708, 0, '2008-11-25'),
(7709, 0, '2008-11-26'),
(7710, 0, '2008-11-27'),
(7711, 0, '2008-11-28'),
(7712, 0, '2008-11-29'),
(7713, 0, '2008-11-30'),
(7714, 0, '2008-12-01'),
(7715, 0, '2008-12-02'),
(7716, 0, '2008-12-03'),
(7717, 0, '2008-12-04'),
(7718, 0, '2008-12-05'),
(7719, 0, '2008-12-06'),
(7720, 0, '2008-12-07'),
(7721, 0, '2008-12-08'),
(7722, 0, '2008-12-09'),
(7723, 0, '2008-12-10'),
(7724, 0, '2008-12-11'),
(7725, 0, '2008-12-12'),
(7726, 0, '2008-12-13'),
(7727, 0, '2008-12-14'),
(7728, 0, '2008-12-15'),
(7729, 0, '2008-12-16'),
(7730, 0, '2008-12-17'),
(7731, 0, '2008-12-18'),
(7732, 0, '2008-12-19'),
(7733, 0, '2008-12-20'),
(7734, 0, '2008-12-21'),
(7735, 0, '2008-12-22'),
(7736, 0, '2008-12-23'),
(7737, 0, '2008-12-24'),
(7738, 0, '2008-12-25'),
(7739, 0, '2008-12-26'),
(7740, 0, '2008-12-27'),
(7741, 0, '2008-12-28'),
(7742, 0, '2008-12-29'),
(7743, 0, '2008-12-30'),
(7744, 0, '2008-12-31'),
(7745, 0, '2009-01-01'),
(7746, 0, '2009-01-02'),
(7747, 0, '2009-01-03'),
(7748, 0, '2009-01-04'),
(7749, 0, '2009-01-05'),
(7750, 0, '2009-01-06'),
(7751, 0, '2009-01-07'),
(7752, 0, '2009-01-08'),
(7753, 0, '2009-01-09'),
(7754, 0, '2009-01-10'),
(7755, 0, '2009-01-11'),
(7756, 0, '2009-01-12'),
(7757, 0, '2009-01-13'),
(7758, 0, '2009-01-14'),
(7759, 0, '2009-01-15'),
(7760, 0, '2009-01-16'),
(7761, 0, '2009-01-17'),
(7762, 0, '2009-01-18'),
(7763, 0, '2009-01-19'),
(7764, 0, '2009-01-20'),
(7765, 0, '2009-01-21'),
(7766, 0, '2009-01-22'),
(7767, 0, '2009-01-23'),
(7768, 0, '2009-01-24'),
(7769, 0, '2009-01-25'),
(7770, 0, '2009-01-26'),
(7771, 0, '2009-01-27'),
(7772, 0, '2009-01-28'),
(7773, 0, '2009-01-29'),
(7774, 0, '2009-01-30'),
(7775, 0, '2009-01-31'),
(7776, 0, '2009-02-01'),
(7777, 0, '2009-02-02'),
(7778, 0, '2009-02-03'),
(7779, 0, '2009-02-04'),
(7780, 0, '2009-02-05'),
(7781, 0, '2009-02-06'),
(7782, 0, '2009-02-07'),
(7783, 0, '2009-02-08'),
(7784, 0, '2009-02-09'),
(7785, 0, '2009-02-10'),
(7786, 0, '2009-02-11'),
(7787, 0, '2009-02-12'),
(7788, 0, '2009-02-13'),
(7789, 0, '2009-02-14'),
(7790, 0, '2009-02-15'),
(7791, 0, '2009-02-16'),
(7792, 0, '2009-02-17'),
(7793, 0, '2009-02-18'),
(7794, 0, '2009-02-19'),
(7795, 0, '2009-02-20'),
(7796, 0, '2009-02-21'),
(7797, 0, '2009-02-22'),
(7798, 0, '2009-02-23'),
(7799, 0, '2009-02-24'),
(7800, 0, '2009-02-25'),
(7801, 0, '2009-02-26'),
(7802, 0, '2009-02-27'),
(7803, 0, '2009-02-28'),
(7804, 0, '2009-03-01'),
(7805, 0, '2009-03-02'),
(7806, 0, '2009-03-03'),
(7807, 0, '2009-03-04'),
(7808, 0, '2009-03-05'),
(7809, 0, '2009-03-06'),
(7810, 0, '2009-03-07'),
(7811, 0, '2009-03-08'),
(7812, 0, '2009-03-09'),
(7813, 0, '2009-03-10'),
(7814, 0, '2009-03-11'),
(7815, 0, '2009-03-12'),
(7816, 0, '2009-03-13'),
(7817, 0, '2009-03-14'),
(7818, 0, '2009-03-15'),
(7819, 0, '2009-03-16'),
(7820, 0, '2009-03-17'),
(7821, 0, '2009-03-18'),
(7822, 0, '2009-03-19'),
(7823, 0, '2009-03-20'),
(7824, 0, '2009-03-21'),
(7825, 0, '2009-03-22'),
(7826, 0, '2009-03-23'),
(7827, 0, '2009-03-24'),
(7828, 0, '2009-03-25'),
(7829, 0, '2009-03-26'),
(7830, 0, '2009-03-27'),
(7831, 0, '2009-03-28'),
(7832, 0, '2009-03-29'),
(7833, 0, '2009-03-30'),
(7834, 0, '2009-03-31'),
(7835, 0, '2009-04-01'),
(7836, 0, '2009-04-02'),
(7837, 0, '2009-04-03'),
(7838, 0, '2009-04-04'),
(7839, 0, '2009-04-05'),
(7840, 0, '2009-04-06'),
(7841, 0, '2009-04-07'),
(7842, 0, '2009-04-08'),
(7843, 0, '2009-04-09'),
(7844, 0, '2009-04-10'),
(7845, 0, '2009-04-11'),
(7846, 0, '2009-04-12'),
(7847, 0, '2009-04-13'),
(7848, 0, '2009-04-14'),
(7849, 0, '2009-04-15'),
(7850, 0, '2009-04-16'),
(7851, 0, '2009-04-17'),
(7852, 0, '2009-04-18'),
(7853, 0, '2009-04-19'),
(7854, 0, '2009-04-20'),
(7855, 0, '2009-04-21'),
(7856, 0, '2009-04-22'),
(7857, 0, '2009-04-23'),
(7858, 0, '2009-04-24'),
(7859, 0, '2009-04-25'),
(7860, 0, '2009-04-26'),
(7861, 0, '2009-04-27'),
(7862, 0, '2009-04-28'),
(7863, 0, '2009-04-29'),
(7864, 0, '2009-04-30'),
(7865, 0, '2009-05-01'),
(7866, 0, '2009-05-02'),
(7867, 0, '2009-05-03'),
(7868, 0, '2009-05-04'),
(7869, 0, '2009-05-05'),
(7870, 0, '2009-05-06'),
(7871, 0, '2009-05-07'),
(7872, 0, '2009-05-08'),
(7873, 0, '2009-05-09'),
(7874, 0, '2009-05-10'),
(7875, 0, '2009-05-11'),
(7876, 0, '2009-05-12'),
(7877, 0, '2009-05-13'),
(7878, 0, '2009-05-14'),
(7879, 0, '2009-05-15'),
(7880, 0, '2009-05-16'),
(7881, 0, '2009-05-17'),
(7882, 0, '2009-05-18'),
(7883, 0, '2009-05-19'),
(7884, 0, '2009-05-20'),
(7885, 0, '2009-05-21'),
(7886, 0, '2009-05-22'),
(7887, 0, '2009-05-23'),
(7888, 0, '2009-05-24'),
(7889, 0, '2009-05-25'),
(7890, 0, '2009-05-26'),
(7891, 0, '2009-05-27'),
(7892, 0, '2009-05-28'),
(7893, 0, '2009-05-29'),
(7894, 0, '2009-05-30'),
(7895, 0, '2009-05-31'),
(7896, 0, '2009-06-01'),
(7897, 0, '2009-06-02'),
(7898, 0, '2009-06-03'),
(7899, 0, '2009-06-04'),
(7900, 0, '2009-06-05'),
(7901, 0, '2009-06-06'),
(7902, 0, '2009-06-07'),
(7903, 0, '2009-06-08'),
(7904, 0, '2009-06-09'),
(7905, 0, '2009-06-10'),
(7906, 0, '2009-06-11'),
(7907, 0, '2009-06-12'),
(7908, 0, '2009-06-13'),
(7909, 0, '2009-06-14'),
(7910, 0, '2009-06-15'),
(7911, 0, '2009-06-16'),
(7912, 0, '2009-06-17'),
(7913, 0, '2009-06-18'),
(7914, 0, '2009-06-19'),
(7915, 0, '2009-06-20'),
(7916, 0, '2009-06-21'),
(7917, 0, '2009-06-22'),
(7918, 0, '2009-06-23'),
(7919, 0, '2009-06-24'),
(7920, 0, '2009-06-25'),
(7921, 0, '2009-06-26'),
(7922, 0, '2009-06-27'),
(7923, 0, '2009-06-28'),
(7924, 0, '2009-06-29'),
(7925, 0, '2009-06-30'),
(7926, 0, '2009-07-01'),
(7927, 0, '2009-07-02'),
(7928, 0, '2009-07-03'),
(7929, 0, '2009-07-04'),
(7930, 0, '2009-07-05'),
(7931, 0, '2009-07-06'),
(7932, 0, '2009-07-07'),
(7933, 0, '2009-07-08'),
(7934, 0, '2009-07-09'),
(7935, 0, '2009-07-10'),
(7936, 0, '2009-07-11'),
(7937, 0, '2009-07-12'),
(7938, 0, '2009-07-13'),
(7939, 0, '2009-07-14'),
(7940, 0, '2009-07-15'),
(7941, 0, '2009-07-16'),
(7942, 0, '2009-07-17'),
(7943, 0, '2009-07-18'),
(7944, 0, '2009-07-19'),
(7945, 0, '2009-07-20'),
(7946, 0, '2009-07-21'),
(7947, 0, '2009-07-22'),
(7948, 0, '2009-07-23'),
(7949, 0, '2009-07-24'),
(7950, 0, '2009-07-25'),
(7951, 0, '2009-07-26'),
(7952, 0, '2009-07-27'),
(7953, 0, '2009-07-28'),
(7954, 0, '2009-07-29'),
(7955, 0, '2009-07-30'),
(7956, 0, '2009-07-31'),
(7957, 0, '2009-08-01'),
(7958, 0, '2009-08-02'),
(7959, 0, '2009-08-03'),
(7960, 0, '2009-08-04'),
(7961, 0, '2009-08-05'),
(7962, 0, '2009-08-06'),
(7963, 0, '2009-08-07'),
(7964, 0, '2009-08-08'),
(7965, 0, '2009-08-09'),
(7966, 0, '2009-08-10'),
(7967, 0, '2009-08-11'),
(7968, 0, '2009-08-12'),
(7969, 0, '2009-08-13'),
(7970, 0, '2009-08-14'),
(7971, 0, '2009-08-15'),
(7972, 0, '2009-08-16'),
(7973, 0, '2009-08-17'),
(7974, 0, '2009-08-18'),
(7975, 0, '2009-08-19'),
(7976, 0, '2009-08-20'),
(7977, 0, '2009-08-21'),
(7978, 0, '2009-08-22'),
(7979, 0, '2009-08-23'),
(7980, 0, '2009-08-24'),
(7981, 0, '2009-08-25'),
(7982, 0, '2009-08-26'),
(7983, 0, '2009-08-27'),
(7984, 0, '2009-08-28'),
(7985, 0, '2009-08-29'),
(7986, 0, '2009-08-30'),
(7987, 0, '2009-08-31'),
(7988, 0, '2009-09-01'),
(7989, 0, '2009-09-02'),
(7990, 0, '2009-09-03'),
(7991, 0, '2009-09-04'),
(7992, 0, '2009-09-05'),
(7993, 0, '2009-09-06'),
(7994, 0, '2009-09-07'),
(7995, 0, '2009-09-08'),
(7996, 0, '2009-09-09'),
(7997, 0, '2009-09-10'),
(7998, 0, '2009-09-11'),
(7999, 0, '2009-09-12'),
(8000, 0, '2009-09-13'),
(8001, 0, '2009-09-14'),
(8002, 0, '2009-09-15'),
(8003, 0, '2009-09-16'),
(8004, 0, '2009-09-17'),
(8005, 0, '2009-09-18'),
(8006, 0, '2009-09-19'),
(8007, 0, '2009-09-20'),
(8008, 0, '2009-09-21'),
(8009, 0, '2009-09-22'),
(8010, 0, '2009-09-23'),
(8011, 0, '2009-09-24'),
(8012, 0, '2009-09-25'),
(8013, 0, '2009-09-26'),
(8014, 0, '2009-09-27'),
(8015, 0, '2009-09-28'),
(8016, 0, '2009-09-29'),
(8017, 0, '2009-09-30'),
(8018, 0, '2009-10-01'),
(8019, 0, '2009-10-02'),
(8020, 0, '2009-10-03'),
(8021, 0, '2009-10-04'),
(8022, 0, '2009-10-05'),
(8023, 0, '2009-10-06'),
(8024, 0, '2009-10-07'),
(8025, 0, '2009-10-08'),
(8026, 0, '2009-10-09'),
(8027, 0, '2009-10-10'),
(8028, 0, '2009-10-11'),
(8029, 0, '2009-10-12'),
(8030, 0, '2009-10-13'),
(8031, 0, '2009-10-14'),
(8032, 0, '2009-10-15'),
(8033, 0, '2009-10-16'),
(8034, 0, '2009-10-17'),
(8035, 0, '2009-10-18'),
(8036, 0, '2009-10-19'),
(8037, 0, '2009-10-20'),
(8038, 0, '2009-10-21'),
(8039, 0, '2009-10-22'),
(8040, 0, '2009-10-23'),
(8041, 0, '2009-10-24'),
(8042, 0, '2009-10-25'),
(8043, 0, '2009-10-26'),
(8044, 0, '2009-10-27'),
(8045, 0, '2009-10-28'),
(8046, 0, '2009-10-29'),
(8047, 0, '2009-10-30'),
(8048, 0, '2009-10-31'),
(8049, 0, '2009-11-01'),
(8050, 0, '2009-11-02'),
(8051, 0, '2009-11-03'),
(8052, 0, '2009-11-04'),
(8053, 0, '2009-11-05'),
(8054, 0, '2009-11-06'),
(8055, 0, '2009-11-07'),
(8056, 0, '2009-11-08'),
(8057, 0, '2009-11-09'),
(8058, 0, '2009-11-10'),
(8059, 0, '2009-11-11'),
(8060, 0, '2009-11-12'),
(8061, 0, '2009-11-13'),
(8062, 0, '2009-11-14'),
(8063, 0, '2009-11-15'),
(8064, 0, '2009-11-16'),
(8065, 0, '2009-11-17'),
(8066, 0, '2009-11-18'),
(8067, 0, '2009-11-19'),
(8068, 0, '2009-11-20'),
(8069, 0, '2009-11-21'),
(8070, 0, '2009-11-22'),
(8071, 0, '2009-11-23'),
(8072, 0, '2009-11-24'),
(8073, 0, '2009-11-25'),
(8074, 0, '2009-11-26'),
(8075, 0, '2009-11-27'),
(8076, 0, '2009-11-28'),
(8077, 0, '2009-11-29'),
(8078, 0, '2009-11-30'),
(8079, 0, '2009-12-01'),
(8080, 0, '2009-12-02'),
(8081, 0, '2009-12-03'),
(8082, 0, '2009-12-04'),
(8083, 0, '2009-12-05'),
(8084, 0, '2009-12-06'),
(8085, 0, '2009-12-07'),
(8086, 0, '2009-12-08'),
(8087, 0, '2009-12-09'),
(8088, 0, '2009-12-10'),
(8089, 0, '2009-12-11'),
(8090, 0, '2009-12-12'),
(8091, 0, '2009-12-13'),
(8092, 0, '2009-12-14'),
(8093, 0, '2009-12-15'),
(8094, 0, '2009-12-16'),
(8095, 0, '2009-12-17'),
(8096, 0, '2009-12-18'),
(8097, 0, '2009-12-19'),
(8098, 0, '2009-12-20'),
(8099, 0, '2009-12-21'),
(8100, 0, '2009-12-22'),
(8101, 0, '2009-12-23'),
(8102, 0, '2009-12-24'),
(8103, 0, '2009-12-25'),
(8104, 0, '2009-12-26'),
(8105, 0, '2009-12-27'),
(8106, 0, '2009-12-28'),
(8107, 0, '2009-12-29'),
(8108, 0, '2009-12-30'),
(8109, 0, '2009-12-31'),
(8110, 0, '2010-01-01'),
(8111, 0, '2010-01-02'),
(8112, 0, '2010-01-03'),
(8113, 0, '2010-01-04'),
(8114, 0, '2010-01-05'),
(8115, 0, '2010-01-06'),
(8116, 0, '2010-01-07'),
(8117, 0, '2010-01-08'),
(8118, 0, '2010-01-09'),
(8119, 0, '2010-01-10'),
(8120, 0, '2010-01-11'),
(8121, 0, '2010-01-12'),
(8122, 0, '2010-01-13'),
(8123, 0, '2010-01-14'),
(8124, 0, '2010-01-15'),
(8125, 0, '2010-01-16'),
(8126, 0, '2010-01-17'),
(8127, 0, '2010-01-18'),
(8128, 0, '2010-01-19'),
(8129, 0, '2010-01-20'),
(8130, 0, '2010-01-21'),
(8131, 0, '2010-01-22'),
(8132, 0, '2010-01-23'),
(8133, 0, '2010-01-24'),
(8134, 0, '2010-01-25'),
(8135, 0, '2010-01-26'),
(8136, 0, '2010-01-27'),
(8137, 0, '2010-01-28'),
(8138, 0, '2010-01-29'),
(8139, 0, '2010-01-30'),
(8140, 0, '2010-01-31'),
(8141, 0, '2010-02-01'),
(8142, 0, '2010-02-02'),
(8143, 0, '2010-02-03'),
(8144, 0, '2010-02-04'),
(8145, 0, '2010-02-05'),
(8146, 0, '2010-02-06'),
(8147, 0, '2010-02-07'),
(8148, 0, '2010-02-08'),
(8149, 0, '2010-02-09'),
(8150, 0, '2010-02-10'),
(8151, 0, '2010-02-11'),
(8152, 0, '2010-02-12'),
(8153, 0, '2010-02-13'),
(8154, 0, '2010-02-14'),
(8155, 0, '2010-02-15'),
(8156, 0, '2010-02-16'),
(8157, 0, '2010-02-17'),
(8158, 0, '2010-02-18'),
(8159, 0, '2010-02-19'),
(8160, 0, '2010-02-20'),
(8161, 0, '2010-02-21'),
(8162, 0, '2010-02-22'),
(8163, 0, '2010-02-23'),
(8164, 0, '2010-02-24'),
(8165, 0, '2010-02-25'),
(8166, 0, '2010-02-26'),
(8167, 0, '2010-02-27'),
(8168, 0, '2010-02-28'),
(8169, 0, '2010-03-01'),
(8170, 0, '2010-03-02'),
(8171, 0, '2010-03-03'),
(8172, 0, '2010-03-04'),
(8173, 0, '2010-03-05'),
(8174, 0, '2010-03-06'),
(8175, 0, '2010-03-07'),
(8176, 0, '2010-03-08'),
(8177, 0, '2010-03-09'),
(8178, 0, '2010-03-10'),
(8179, 0, '2010-03-11'),
(8180, 0, '2010-03-12'),
(8181, 0, '2010-03-13'),
(8182, 0, '2010-03-14'),
(8183, 0, '2010-03-15'),
(8184, 0, '2010-03-16'),
(8185, 0, '2010-03-17'),
(8186, 0, '2010-03-18'),
(8187, 0, '2010-03-19'),
(8188, 0, '2010-03-20'),
(8189, 0, '2010-03-21'),
(8190, 0, '2010-03-22'),
(8191, 0, '2010-03-23'),
(8192, 0, '2010-03-24'),
(8193, 0, '2010-03-25'),
(8194, 0, '2010-03-26'),
(8195, 0, '2010-03-27'),
(8196, 0, '2010-03-28'),
(8197, 0, '2010-03-29'),
(8198, 0, '2010-03-30'),
(8199, 0, '2010-03-31'),
(8200, 0, '2010-04-01'),
(8201, 0, '2010-04-02'),
(8202, 0, '2010-04-03'),
(8203, 0, '2010-04-04'),
(8204, 0, '2010-04-05'),
(8205, 0, '2010-04-06'),
(8206, 0, '2010-04-07'),
(8207, 0, '2010-04-08'),
(8208, 0, '2010-04-09'),
(8209, 0, '2010-04-10'),
(8210, 0, '2010-04-11'),
(8211, 0, '2010-04-12'),
(8212, 0, '2010-04-13'),
(8213, 0, '2010-04-14'),
(8214, 0, '2010-04-15'),
(8215, 0, '2010-04-16'),
(8216, 0, '2010-04-17'),
(8217, 0, '2010-04-18'),
(8218, 0, '2010-04-19'),
(8219, 0, '2010-04-20'),
(8220, 0, '2010-04-21'),
(8221, 0, '2010-04-22'),
(8222, 0, '2010-04-23'),
(8223, 0, '2010-04-24'),
(8224, 0, '2010-04-25'),
(8225, 0, '2010-04-26'),
(8226, 0, '2010-04-27'),
(8227, 0, '2010-04-28'),
(8228, 0, '2010-04-29'),
(8229, 0, '2010-04-30'),
(8230, 0, '2010-05-01'),
(8231, 0, '2010-05-02'),
(8232, 0, '2010-05-03'),
(8233, 0, '2010-05-04'),
(8234, 0, '2010-05-05'),
(8235, 0, '2010-05-06'),
(8236, 0, '2010-05-07'),
(8237, 0, '2010-05-08'),
(8238, 0, '2010-05-09'),
(8239, 0, '2010-05-10'),
(8240, 0, '2010-05-11'),
(8241, 0, '2010-05-12'),
(8242, 0, '2010-05-13'),
(8243, 0, '2010-05-14'),
(8244, 0, '2010-05-15'),
(8245, 0, '2010-05-16'),
(8246, 0, '2010-05-17'),
(8247, 0, '2010-05-18'),
(8248, 0, '2010-05-19'),
(8249, 0, '2010-05-20'),
(8250, 0, '2010-05-21'),
(8251, 0, '2010-05-22'),
(8252, 0, '2010-05-23'),
(8253, 0, '2010-05-24'),
(8254, 0, '2010-05-25'),
(8255, 0, '2010-05-26'),
(8256, 0, '2010-05-27'),
(8257, 0, '2010-05-28'),
(8258, 0, '2010-05-29'),
(8259, 0, '2010-05-30'),
(8260, 0, '2010-05-31'),
(8261, 0, '2010-06-01'),
(8262, 0, '2010-06-02'),
(8263, 0, '2010-06-03'),
(8264, 0, '2010-06-04'),
(8265, 0, '2010-06-05'),
(8266, 0, '2010-06-06'),
(8267, 0, '2010-06-07'),
(8268, 0, '2010-06-08'),
(8269, 0, '2010-06-09'),
(8270, 0, '2010-06-10'),
(8271, 0, '2010-06-11'),
(8272, 0, '2010-06-12'),
(8273, 0, '2010-06-13'),
(8274, 0, '2010-06-14'),
(8275, 0, '2010-06-15'),
(8276, 0, '2010-06-16'),
(8277, 0, '2010-06-17'),
(8278, 0, '2010-06-18'),
(8279, 0, '2010-06-19'),
(8280, 0, '2010-06-20'),
(8281, 0, '2010-06-21'),
(8282, 0, '2010-06-22'),
(8283, 0, '2010-06-23'),
(8284, 0, '2010-06-24'),
(8285, 0, '2010-06-25'),
(8286, 0, '2010-06-26'),
(8287, 0, '2010-06-27'),
(8288, 0, '2010-06-28'),
(8289, 0, '2010-06-29'),
(8290, 0, '2010-06-30'),
(8291, 0, '2010-07-01'),
(8292, 0, '2010-07-02'),
(8293, 0, '2010-07-03'),
(8294, 0, '2010-07-04'),
(8295, 0, '2010-07-05'),
(8296, 0, '2010-07-06'),
(8297, 0, '2010-07-07'),
(8298, 0, '2010-07-08'),
(8299, 0, '2010-07-09'),
(8300, 0, '2010-07-10'),
(8301, 0, '2010-07-11'),
(8302, 0, '2010-07-12'),
(8303, 0, '2010-07-13'),
(8304, 0, '2010-07-14'),
(8305, 0, '2010-07-15'),
(8306, 0, '2010-07-16'),
(8307, 0, '2010-07-17'),
(8308, 0, '2010-07-18'),
(8309, 0, '2010-07-19'),
(8310, 0, '2010-07-20'),
(8311, 0, '2010-07-21'),
(8312, 0, '2010-07-22'),
(8313, 0, '2010-07-23'),
(8314, 0, '2010-07-24'),
(8315, 0, '2010-07-25'),
(8316, 0, '2010-07-26'),
(8317, 0, '2010-07-27'),
(8318, 0, '2010-07-28'),
(8319, 0, '2010-07-29'),
(8320, 0, '2010-07-30'),
(8321, 0, '2010-07-31'),
(8322, 0, '2010-08-01'),
(8323, 0, '2010-08-02'),
(8324, 0, '2010-08-03'),
(8325, 0, '2010-08-04'),
(8326, 0, '2010-08-05'),
(8327, 0, '2010-08-06'),
(8328, 0, '2010-08-07'),
(8329, 0, '2010-08-08'),
(8330, 0, '2010-08-09'),
(8331, 0, '2010-08-10'),
(8332, 0, '2010-08-11'),
(8333, 0, '2010-08-12'),
(8334, 0, '2010-08-13'),
(8335, 0, '2010-08-14'),
(8336, 0, '2010-08-15'),
(8337, 0, '2010-08-16'),
(8338, 0, '2010-08-17'),
(8339, 0, '2010-08-18'),
(8340, 0, '2010-08-19'),
(8341, 0, '2010-08-20'),
(8342, 0, '2010-08-21'),
(8343, 0, '2010-08-22'),
(8344, 0, '2010-08-23'),
(8345, 0, '2010-08-24'),
(8346, 0, '2010-08-25'),
(8347, 0, '2010-08-26'),
(8348, 0, '2010-08-27'),
(8349, 0, '2010-08-28'),
(8350, 0, '2010-08-29'),
(8351, 0, '2010-08-30'),
(8352, 0, '2010-08-31'),
(8353, 0, '2010-09-01'),
(8354, 0, '2010-09-02'),
(8355, 0, '2010-09-03'),
(8356, 0, '2010-09-04'),
(8357, 0, '2010-09-05'),
(8358, 0, '2010-09-06'),
(8359, 0, '2010-09-07'),
(8360, 0, '2010-09-08'),
(8361, 0, '2010-09-09'),
(8362, 0, '2010-09-10'),
(8363, 0, '2010-09-11'),
(8364, 0, '2010-09-12'),
(8365, 0, '2010-09-13'),
(8366, 0, '2010-09-14'),
(8367, 0, '2010-09-15'),
(8368, 0, '2010-09-16'),
(8369, 0, '2010-09-17'),
(8370, 0, '2010-09-18'),
(8371, 0, '2010-09-19'),
(8372, 0, '2010-09-20'),
(8373, 0, '2010-09-21'),
(8374, 0, '2010-09-22'),
(8375, 0, '2010-09-23'),
(8376, 0, '2010-09-24'),
(8377, 0, '2010-09-25'),
(8378, 0, '2010-09-26'),
(8379, 0, '2010-09-27'),
(8380, 0, '2010-09-28'),
(8381, 0, '2010-09-29'),
(8382, 0, '2010-09-30'),
(8383, 0, '2010-10-01'),
(8384, 0, '2010-10-02'),
(8385, 0, '2010-10-03'),
(8386, 0, '2010-10-04'),
(8387, 0, '2010-10-05'),
(8388, 0, '2010-10-06'),
(8389, 0, '2010-10-07'),
(8390, 0, '2010-10-08'),
(8391, 0, '2010-10-09'),
(8392, 0, '2010-10-10'),
(8393, 0, '2010-10-11'),
(8394, 0, '2010-10-12'),
(8395, 0, '2010-10-13'),
(8396, 0, '2010-10-14'),
(8397, 0, '2010-10-15'),
(8398, 0, '2010-10-16'),
(8399, 0, '2010-10-17'),
(8400, 0, '2010-10-18'),
(8401, 0, '2010-10-19'),
(8402, 0, '2010-10-20'),
(8403, 0, '2010-10-21'),
(8404, 0, '2010-10-22'),
(8405, 0, '2010-10-23'),
(8406, 0, '2010-10-24'),
(8407, 0, '2010-10-25'),
(8408, 0, '2010-10-26'),
(8409, 0, '2010-10-27'),
(8410, 0, '2010-10-28'),
(8411, 0, '2010-10-29'),
(8412, 0, '2010-10-30'),
(8413, 0, '2010-10-31'),
(8414, 0, '2010-11-01'),
(8415, 0, '2010-11-02'),
(8416, 0, '2010-11-03'),
(8417, 0, '2010-11-04'),
(8418, 0, '2010-11-05'),
(8419, 0, '2010-11-06'),
(8420, 0, '2010-11-07'),
(8421, 0, '2010-11-08'),
(8422, 0, '2010-11-09'),
(8423, 0, '2010-11-10'),
(8424, 0, '2010-11-11'),
(8425, 0, '2010-11-12'),
(8426, 0, '2010-11-13'),
(8427, 0, '2010-11-14'),
(8428, 0, '2010-11-15'),
(8429, 0, '2010-11-16'),
(8430, 0, '2010-11-17'),
(8431, 0, '2010-11-18'),
(8432, 0, '2010-11-19'),
(8433, 0, '2010-11-20'),
(8434, 0, '2010-11-21'),
(8435, 0, '2010-11-22'),
(8436, 0, '2010-11-23'),
(8437, 0, '2010-11-24'),
(8438, 0, '2010-11-25'),
(8439, 0, '2010-11-26'),
(8440, 0, '2010-11-27'),
(8441, 0, '2010-11-28'),
(8442, 0, '2010-11-29'),
(8443, 0, '2010-11-30'),
(8444, 0, '2010-12-01'),
(8445, 0, '2010-12-02'),
(8446, 0, '2010-12-03'),
(8447, 0, '2010-12-04'),
(8448, 0, '2010-12-05'),
(8449, 0, '2010-12-06'),
(8450, 0, '2010-12-07'),
(8451, 0, '2010-12-08'),
(8452, 0, '2010-12-09'),
(8453, 0, '2010-12-10'),
(8454, 0, '2010-12-11'),
(8455, 0, '2010-12-12'),
(8456, 0, '2010-12-13'),
(8457, 0, '2010-12-14'),
(8458, 0, '2010-12-15'),
(8459, 0, '2010-12-16'),
(8460, 0, '2010-12-17'),
(8461, 0, '2010-12-18'),
(8462, 0, '2010-12-19'),
(8463, 0, '2010-12-20'),
(8464, 0, '2010-12-21'),
(8465, 0, '2010-12-22'),
(8466, 0, '2010-12-23'),
(8467, 0, '2010-12-24'),
(8468, 0, '2010-12-25'),
(8469, 0, '2010-12-26'),
(8470, 0, '2010-12-27'),
(8471, 0, '2010-12-28'),
(8472, 0, '2010-12-29'),
(8473, 0, '2010-12-30'),
(8474, 0, '2010-12-31'),
(8475, 0, '2011-01-01'),
(8476, 0, '2011-01-02'),
(8477, 0, '2011-01-03'),
(8478, 0, '2011-01-04'),
(8479, 0, '2011-01-05'),
(8480, 0, '2011-01-06'),
(8481, 0, '2011-01-07'),
(8482, 0, '2011-01-08'),
(8483, 0, '2011-01-09'),
(8484, 0, '2011-01-10'),
(8485, 0, '2011-01-11'),
(8486, 0, '2011-01-12'),
(8487, 0, '2011-01-13'),
(8488, 0, '2011-01-14'),
(8489, 0, '2011-01-15'),
(8490, 0, '2011-01-16'),
(8491, 0, '2011-01-17'),
(8492, 0, '2011-01-18'),
(8493, 0, '2011-01-19'),
(8494, 0, '2011-01-20'),
(8495, 0, '2011-01-21'),
(8496, 0, '2011-01-22'),
(8497, 0, '2011-01-23'),
(8498, 0, '2011-01-24'),
(8499, 0, '2011-01-25'),
(8500, 0, '2011-01-26'),
(8501, 0, '2011-01-27'),
(8502, 0, '2011-01-28'),
(8503, 0, '2011-01-29'),
(8504, 0, '2011-01-30'),
(8505, 0, '2011-01-31'),
(8506, 0, '2011-02-01'),
(8507, 0, '2011-02-02'),
(8508, 0, '2011-02-03'),
(8509, 0, '2011-02-04'),
(8510, 0, '2011-02-05'),
(8511, 0, '2011-02-06'),
(8512, 0, '2011-02-07'),
(8513, 0, '2011-02-08'),
(8514, 0, '2011-02-09'),
(8515, 0, '2011-02-10'),
(8516, 0, '2011-02-11'),
(8517, 0, '2011-02-12'),
(8518, 0, '2011-02-13'),
(8519, 0, '2011-02-14'),
(8520, 0, '2011-02-15'),
(8521, 0, '2011-02-16'),
(8522, 0, '2011-02-17'),
(8523, 0, '2011-02-18'),
(8524, 0, '2011-02-19'),
(8525, 0, '2011-02-20'),
(8526, 0, '2011-02-21'),
(8527, 0, '2011-02-22'),
(8528, 0, '2011-02-23'),
(8529, 0, '2011-02-24'),
(8530, 0, '2011-02-25'),
(8531, 0, '2011-02-26'),
(8532, 0, '2011-02-27'),
(8533, 0, '2011-02-28'),
(8534, 0, '2011-03-01'),
(8535, 0, '2011-03-02'),
(8536, 0, '2011-03-03'),
(8537, 0, '2011-03-04'),
(8538, 0, '2011-03-05'),
(8539, 0, '2011-03-06'),
(8540, 0, '2011-03-07'),
(8541, 0, '2011-03-08'),
(8542, 0, '2011-03-09'),
(8543, 0, '2011-03-10'),
(8544, 0, '2011-03-11'),
(8545, 0, '2011-03-12'),
(8546, 0, '2011-03-13'),
(8547, 0, '2011-03-14'),
(8548, 0, '2011-03-15'),
(8549, 0, '2011-03-16'),
(8550, 0, '2011-03-17'),
(8551, 0, '2011-03-18'),
(8552, 0, '2011-03-19'),
(8553, 0, '2011-03-20'),
(8554, 0, '2011-03-21'),
(8555, 0, '2011-03-22'),
(8556, 0, '2011-03-23'),
(8557, 0, '2011-03-24'),
(8558, 0, '2011-03-25'),
(8559, 0, '2011-03-26'),
(8560, 0, '2011-03-27'),
(8561, 0, '2011-03-28'),
(8562, 0, '2011-03-29'),
(8563, 0, '2011-03-30'),
(8564, 0, '2011-03-31'),
(8565, 0, '2011-04-01'),
(8566, 0, '2011-04-02'),
(8567, 0, '2011-04-03'),
(8568, 0, '2011-04-04'),
(8569, 0, '2011-04-05'),
(8570, 0, '2011-04-06'),
(8571, 0, '2011-04-07'),
(8572, 0, '2011-04-08'),
(8573, 0, '2011-04-09'),
(8574, 0, '2011-04-10'),
(8575, 0, '2011-04-11'),
(8576, 0, '2011-04-12'),
(8577, 0, '2011-04-13'),
(8578, 0, '2011-04-14'),
(8579, 0, '2011-04-15'),
(8580, 0, '2011-04-16'),
(8581, 0, '2011-04-17'),
(8582, 0, '2011-04-18'),
(8583, 0, '2011-04-19'),
(8584, 0, '2011-04-20'),
(8585, 0, '2011-04-21'),
(8586, 0, '2011-04-22'),
(8587, 0, '2011-04-23'),
(8588, 0, '2011-04-24'),
(8589, 0, '2011-04-25'),
(8590, 0, '2011-04-26'),
(8591, 0, '2011-04-27'),
(8592, 0, '2011-04-28'),
(8593, 0, '2011-04-29'),
(8594, 0, '2011-04-30'),
(8595, 0, '2011-05-01'),
(8596, 0, '2011-05-02'),
(8597, 0, '2011-05-03'),
(8598, 0, '2011-05-04'),
(8599, 0, '2011-05-05'),
(8600, 0, '2011-05-06'),
(8601, 0, '2011-05-07'),
(8602, 0, '2011-05-08'),
(8603, 0, '2011-05-09'),
(8604, 0, '2011-05-10'),
(8605, 0, '2011-05-11'),
(8606, 0, '2011-05-12'),
(8607, 0, '2011-05-13'),
(8608, 0, '2011-05-14'),
(8609, 0, '2011-05-15'),
(8610, 0, '2011-05-16'),
(8611, 0, '2011-05-17'),
(8612, 0, '2011-05-18'),
(8613, 0, '2011-05-19'),
(8614, 0, '2011-05-20'),
(8615, 0, '2011-05-21'),
(8616, 0, '2011-05-22'),
(8617, 0, '2011-05-23'),
(8618, 0, '2011-05-24'),
(8619, 0, '2011-05-25'),
(8620, 0, '2011-05-26'),
(8621, 0, '2011-05-27'),
(8622, 0, '2011-05-28'),
(8623, 0, '2011-05-29'),
(8624, 0, '2011-05-30'),
(8625, 0, '2011-05-31'),
(8626, 0, '2011-06-01'),
(8627, 0, '2011-06-02'),
(8628, 0, '2011-06-03'),
(8629, 0, '2011-06-04'),
(8630, 0, '2011-06-05'),
(8631, 0, '2011-06-06'),
(8632, 0, '2011-06-07'),
(8633, 0, '2011-06-08'),
(8634, 0, '2011-06-09'),
(8635, 0, '2011-06-10'),
(8636, 0, '2011-06-11'),
(8637, 0, '2011-06-12'),
(8638, 0, '2011-06-13'),
(8639, 0, '2011-06-14'),
(8640, 0, '2011-06-15'),
(8641, 0, '2011-06-16'),
(8642, 0, '2011-06-17'),
(8643, 0, '2011-06-18'),
(8644, 0, '2011-06-19'),
(8645, 0, '2011-06-20'),
(8646, 0, '2011-06-21'),
(8647, 0, '2011-06-22'),
(8648, 0, '2011-06-23'),
(8649, 0, '2011-06-24'),
(8650, 0, '2011-06-25'),
(8651, 0, '2011-06-26'),
(8652, 0, '2011-06-27'),
(8653, 0, '2011-06-28'),
(8654, 0, '2011-06-29'),
(8655, 0, '2011-06-30'),
(8656, 0, '2011-07-01'),
(8657, 0, '2011-07-02'),
(8658, 0, '2011-07-03'),
(8659, 0, '2011-07-04'),
(8660, 0, '2011-07-05'),
(8661, 0, '2011-07-06'),
(8662, 0, '2011-07-07'),
(8663, 0, '2011-07-08'),
(8664, 0, '2011-07-09'),
(8665, 0, '2011-07-10'),
(8666, 0, '2011-07-11'),
(8667, 0, '2011-07-12'),
(8668, 0, '2011-07-13'),
(8669, 0, '2011-07-14'),
(8670, 0, '2011-07-15'),
(8671, 0, '2011-07-16'),
(8672, 0, '2011-07-17'),
(8673, 0, '2011-07-18'),
(8674, 0, '2011-07-19'),
(8675, 0, '2011-07-20'),
(8676, 0, '2011-07-21'),
(8677, 0, '2011-07-22'),
(8678, 0, '2011-07-23'),
(8679, 0, '2011-07-24'),
(8680, 0, '2011-07-25'),
(8681, 0, '2011-07-26'),
(8682, 0, '2011-07-27'),
(8683, 0, '2011-07-28'),
(8684, 0, '2011-07-29'),
(8685, 0, '2011-07-30'),
(8686, 0, '2011-07-31'),
(8687, 0, '2011-08-01'),
(8688, 0, '2011-08-02'),
(8689, 0, '2011-08-03'),
(8690, 0, '2011-08-04'),
(8691, 0, '2011-08-05'),
(8692, 0, '2011-08-06'),
(8693, 0, '2011-08-07'),
(8694, 0, '2011-08-08'),
(8695, 0, '2011-08-09'),
(8696, 0, '2011-08-10'),
(8697, 0, '2011-08-11'),
(8698, 0, '2011-08-12'),
(8699, 0, '2011-08-13'),
(8700, 0, '2011-08-14'),
(8701, 0, '2011-08-15'),
(8702, 0, '2011-08-16'),
(8703, 0, '2011-08-17'),
(8704, 0, '2011-08-18'),
(8705, 0, '2011-08-19'),
(8706, 0, '2011-08-20'),
(8707, 0, '2011-08-21'),
(8708, 0, '2011-08-22'),
(8709, 0, '2011-08-23'),
(8710, 0, '2011-08-24'),
(8711, 0, '2011-08-25'),
(8712, 0, '2011-08-26'),
(8713, 0, '2011-08-27'),
(8714, 0, '2011-08-28'),
(8715, 0, '2011-08-29'),
(8716, 0, '2011-08-30'),
(8717, 0, '2011-08-31'),
(8718, 0, '2011-09-01'),
(8719, 0, '2011-09-02'),
(8720, 0, '2011-09-03'),
(8721, 0, '2011-09-04'),
(8722, 0, '2011-09-05'),
(8723, 0, '2011-09-06'),
(8724, 0, '2011-09-07'),
(8725, 0, '2011-09-08'),
(8726, 0, '2011-09-09'),
(8727, 0, '2011-09-10'),
(8728, 0, '2011-09-11');
INSERT INTO `tb_praktik_tgl` (`id_praktik_tgl`, `id_praktik`, `praktik_tgl`) VALUES
(8729, 0, '2011-09-12'),
(8730, 0, '2011-09-13'),
(8731, 0, '2011-09-14'),
(8732, 0, '2011-09-15'),
(8733, 0, '2011-09-16'),
(8734, 0, '2011-09-17'),
(8735, 0, '2011-09-18'),
(8736, 0, '2011-09-19'),
(8737, 0, '2011-09-20'),
(8738, 0, '2011-09-21'),
(8739, 0, '2011-09-22'),
(8740, 0, '2011-09-23'),
(8741, 0, '2011-09-24'),
(8742, 0, '2011-09-25'),
(8743, 0, '2011-09-26'),
(8744, 0, '2011-09-27'),
(8745, 0, '2011-09-28'),
(8746, 0, '2011-09-29'),
(8747, 0, '2011-09-30'),
(8748, 0, '2011-10-01'),
(8749, 0, '2011-10-02'),
(8750, 0, '2011-10-03'),
(8751, 0, '2011-10-04'),
(8752, 0, '2011-10-05'),
(8753, 0, '2011-10-06'),
(8754, 0, '2011-10-07'),
(8755, 0, '2011-10-08'),
(8756, 0, '2011-10-09'),
(8757, 0, '2011-10-10'),
(8758, 0, '2011-10-11'),
(8759, 0, '2011-10-12'),
(8760, 0, '2011-10-13'),
(8761, 0, '2011-10-14'),
(8762, 0, '2011-10-15'),
(8763, 0, '2011-10-16'),
(8764, 0, '2011-10-17'),
(8765, 0, '2011-10-18'),
(8766, 0, '2011-10-19'),
(8767, 0, '2011-10-20'),
(8768, 0, '2011-10-21'),
(8769, 0, '2011-10-22'),
(8770, 0, '2011-10-23'),
(8771, 0, '2011-10-24'),
(8772, 0, '2011-10-25'),
(8773, 0, '2011-10-26'),
(8774, 0, '2011-10-27'),
(8775, 0, '2011-10-28'),
(8776, 0, '2011-10-29'),
(8777, 0, '2011-10-30'),
(8778, 0, '2011-10-31'),
(8779, 0, '2011-11-01'),
(8780, 0, '2011-11-02'),
(8781, 0, '2011-11-03'),
(8782, 0, '2011-11-04'),
(8783, 0, '2011-11-05'),
(8784, 0, '2011-11-06'),
(8785, 0, '2011-11-07'),
(8786, 0, '2011-11-08'),
(8787, 0, '2011-11-09'),
(8788, 0, '2011-11-10'),
(8789, 0, '2011-11-11'),
(8790, 0, '2011-11-12'),
(8791, 0, '2011-11-13'),
(8792, 0, '2011-11-14'),
(8793, 0, '2011-11-15'),
(8794, 0, '2011-11-16'),
(8795, 0, '2011-11-17'),
(8796, 0, '2011-11-18'),
(8797, 0, '2011-11-19'),
(8798, 0, '2011-11-20'),
(8799, 0, '2011-11-21'),
(8800, 0, '2011-11-22'),
(8801, 0, '2011-11-23'),
(8802, 0, '2011-11-24'),
(8803, 0, '2011-11-25'),
(8804, 0, '2011-11-26'),
(8805, 0, '2011-11-27'),
(8806, 0, '2011-11-28'),
(8807, 0, '2011-11-29'),
(8808, 0, '2011-11-30'),
(8809, 0, '2011-12-01'),
(8810, 0, '2011-12-02'),
(8811, 0, '2011-12-03'),
(8812, 0, '2011-12-04'),
(8813, 0, '2011-12-05'),
(8814, 0, '2011-12-06'),
(8815, 0, '2011-12-07'),
(8816, 0, '2011-12-08'),
(8817, 0, '2011-12-09'),
(8818, 0, '2011-12-10'),
(8819, 0, '2011-12-11'),
(8820, 0, '2011-12-12'),
(8821, 0, '2011-12-13'),
(8822, 0, '2011-12-14'),
(8823, 0, '2011-12-15'),
(8824, 0, '2011-12-16'),
(8825, 0, '2011-12-17'),
(8826, 0, '2011-12-18'),
(8827, 0, '2011-12-19'),
(8828, 0, '2011-12-20'),
(8829, 0, '2011-12-21'),
(8830, 0, '2011-12-22'),
(8831, 0, '2011-12-23'),
(8832, 0, '2011-12-24'),
(8833, 0, '2011-12-25'),
(8834, 0, '2011-12-26'),
(8835, 0, '2011-12-27'),
(8836, 0, '2011-12-28'),
(8837, 0, '2011-12-29'),
(8838, 0, '2011-12-30'),
(8839, 0, '2011-12-31'),
(8840, 0, '2012-01-01'),
(8841, 0, '2012-01-02'),
(8842, 0, '2012-01-03'),
(8843, 0, '2012-01-04'),
(8844, 0, '2012-01-05'),
(8845, 0, '2012-01-06'),
(8846, 0, '2012-01-07'),
(8847, 0, '2012-01-08'),
(8848, 0, '2012-01-09'),
(8849, 0, '2012-01-10'),
(8850, 0, '2012-01-11'),
(8851, 0, '2012-01-12'),
(8852, 0, '2012-01-13'),
(8853, 0, '2012-01-14'),
(8854, 0, '2012-01-15'),
(8855, 0, '2012-01-16'),
(8856, 0, '2012-01-17'),
(8857, 0, '2012-01-18'),
(8858, 0, '2012-01-19'),
(8859, 0, '2012-01-20'),
(8860, 0, '2012-01-21'),
(8861, 0, '2012-01-22'),
(8862, 0, '2012-01-23'),
(8863, 0, '2012-01-24'),
(8864, 0, '2012-01-25'),
(8865, 0, '2012-01-26'),
(8866, 0, '2012-01-27'),
(8867, 0, '2012-01-28'),
(8868, 0, '2012-01-29'),
(8869, 0, '2012-01-30'),
(8870, 0, '2012-01-31'),
(8871, 0, '2012-02-01'),
(8872, 0, '2012-02-02'),
(8873, 0, '2012-02-03'),
(8874, 0, '2012-02-04'),
(8875, 0, '2012-02-05'),
(8876, 0, '2012-02-06'),
(8877, 0, '2012-02-07'),
(8878, 0, '2012-02-08'),
(8879, 0, '2012-02-09'),
(8880, 0, '2012-02-10'),
(8881, 0, '2012-02-11'),
(8882, 0, '2012-02-12'),
(8883, 0, '2012-02-13'),
(8884, 0, '2012-02-14'),
(8885, 0, '2012-02-15'),
(8886, 0, '2012-02-16'),
(8887, 0, '2012-02-17'),
(8888, 0, '2012-02-18'),
(8889, 0, '2012-02-19'),
(8890, 0, '2012-02-20'),
(8891, 0, '2012-02-21'),
(8892, 0, '2012-02-22'),
(8893, 0, '2012-02-23'),
(8894, 0, '2012-02-24'),
(8895, 0, '2012-02-25'),
(8896, 0, '2012-02-26'),
(8897, 0, '2012-02-27'),
(8898, 0, '2012-02-28'),
(8899, 0, '2012-02-29'),
(8900, 0, '2012-03-01'),
(8901, 0, '2012-03-02'),
(8902, 0, '2012-03-03'),
(8903, 0, '2012-03-04'),
(8904, 0, '2012-03-05'),
(8905, 0, '2012-03-06'),
(8906, 0, '2012-03-07'),
(8907, 0, '2012-03-08'),
(8908, 0, '2012-03-09'),
(8909, 0, '2012-03-10'),
(8910, 0, '2012-03-11'),
(8911, 0, '2012-03-12'),
(8912, 0, '2012-03-13'),
(8913, 0, '2012-03-14'),
(8914, 0, '2012-03-15'),
(8915, 0, '2012-03-16'),
(8916, 0, '2012-03-17'),
(8917, 0, '2012-03-18'),
(8918, 0, '2012-03-19'),
(8919, 0, '2012-03-20'),
(8920, 0, '2012-03-21'),
(8921, 0, '2012-03-22'),
(8922, 0, '2012-03-23'),
(8923, 0, '2012-03-24'),
(8924, 0, '2012-03-25'),
(8925, 0, '2012-03-26'),
(8926, 0, '2012-03-27'),
(8927, 0, '2012-03-28'),
(8928, 0, '2012-03-29'),
(8929, 0, '2012-03-30'),
(8930, 0, '2012-03-31'),
(8931, 0, '2012-04-01'),
(8932, 0, '2012-04-02'),
(8933, 0, '2012-04-03'),
(8934, 0, '2012-04-04'),
(8935, 0, '2012-04-05'),
(8936, 0, '2012-04-06'),
(8937, 0, '2012-04-07'),
(8938, 0, '2012-04-08'),
(8939, 0, '2012-04-09'),
(8940, 0, '2012-04-10'),
(8941, 0, '2012-04-11'),
(8942, 0, '2012-04-12'),
(8943, 0, '2012-04-13'),
(8944, 0, '2012-04-14'),
(8945, 0, '2012-04-15'),
(8946, 0, '2012-04-16'),
(8947, 0, '2012-04-17'),
(8948, 0, '2012-04-18'),
(8949, 0, '2012-04-19'),
(8950, 0, '2012-04-20'),
(8951, 0, '2012-04-21'),
(8952, 0, '2012-04-22'),
(8953, 0, '2012-04-23'),
(8954, 0, '2012-04-24'),
(8955, 0, '2012-04-25'),
(8956, 0, '2012-04-26'),
(8957, 0, '2012-04-27'),
(8958, 0, '2012-04-28'),
(8959, 0, '2012-04-29'),
(8960, 0, '2012-04-30'),
(8961, 0, '2012-05-01'),
(8962, 0, '2012-05-02'),
(8963, 0, '2012-05-03'),
(8964, 0, '2012-05-04'),
(8965, 0, '2012-05-05'),
(8966, 0, '2012-05-06'),
(8967, 0, '2012-05-07'),
(8968, 0, '2012-05-08'),
(8969, 0, '2012-05-09'),
(8970, 0, '2012-05-10'),
(8971, 0, '2012-05-11'),
(8972, 0, '2012-05-12'),
(8973, 0, '2012-05-13'),
(8974, 0, '2012-05-14'),
(8975, 0, '2012-05-15'),
(8976, 0, '2012-05-16'),
(8977, 0, '2012-05-17'),
(8978, 0, '2012-05-18'),
(8979, 0, '2012-05-19'),
(8980, 0, '2012-05-20'),
(8981, 0, '2012-05-21'),
(8982, 0, '2012-05-22'),
(8983, 0, '2012-05-23'),
(8984, 0, '2012-05-24'),
(8985, 0, '2012-05-25'),
(8986, 0, '2012-05-26'),
(8987, 0, '2012-05-27'),
(8988, 0, '2012-05-28'),
(8989, 0, '2012-05-29'),
(8990, 0, '2012-05-30'),
(8991, 0, '2012-05-31'),
(8992, 0, '2012-06-01'),
(8993, 0, '2012-06-02'),
(8994, 0, '2012-06-03'),
(8995, 0, '2012-06-04'),
(8996, 0, '2012-06-05'),
(8997, 0, '2012-06-06'),
(8998, 0, '2012-06-07'),
(8999, 0, '2012-06-08'),
(9000, 0, '2012-06-09'),
(9001, 0, '2012-06-10'),
(9002, 0, '2012-06-11'),
(9003, 0, '2012-06-12'),
(9004, 0, '2012-06-13'),
(9005, 0, '2012-06-14'),
(9006, 0, '2012-06-15'),
(9007, 0, '2012-06-16'),
(9008, 0, '2012-06-17'),
(9009, 0, '2012-06-18'),
(9010, 0, '2012-06-19'),
(9011, 0, '2012-06-20'),
(9012, 0, '2012-06-21'),
(9013, 0, '2012-06-22'),
(9014, 0, '2012-06-23'),
(9015, 0, '2012-06-24'),
(9016, 0, '2012-06-25'),
(9017, 0, '2012-06-26'),
(9018, 0, '2012-06-27'),
(9019, 0, '2012-06-28'),
(9020, 0, '2012-06-29'),
(9021, 0, '2012-06-30'),
(9022, 0, '2012-07-01'),
(9023, 0, '2012-07-02'),
(9024, 0, '2012-07-03'),
(9025, 0, '2012-07-04'),
(9026, 0, '2012-07-05'),
(9027, 0, '2012-07-06'),
(9028, 0, '2012-07-07'),
(9029, 0, '2012-07-08'),
(9030, 0, '2012-07-09'),
(9031, 0, '2012-07-10'),
(9032, 0, '2012-07-11'),
(9033, 0, '2012-07-12'),
(9034, 0, '2012-07-13'),
(9035, 0, '2012-07-14'),
(9036, 0, '2012-07-15'),
(9037, 0, '2012-07-16'),
(9038, 0, '2012-07-17'),
(9039, 0, '2012-07-18'),
(9040, 0, '2012-07-19'),
(9041, 0, '2012-07-20'),
(9042, 0, '2000-02-10'),
(9043, 0, '2000-02-11'),
(9044, 0, '2000-02-12'),
(9045, 0, '2000-02-13'),
(9046, 0, '2000-02-14'),
(9047, 0, '2000-02-15'),
(9048, 0, '2000-02-16'),
(9049, 0, '2000-02-17'),
(9050, 0, '2000-02-18'),
(9051, 0, '2000-02-19'),
(9052, 0, '2000-02-20'),
(9053, 0, '2000-02-21'),
(9054, 0, '2000-02-22'),
(9055, 0, '2000-02-23'),
(9056, 0, '2000-02-24'),
(9057, 0, '2000-02-25'),
(9058, 0, '2000-02-26'),
(9059, 0, '2000-02-27'),
(9060, 0, '2000-02-28'),
(9061, 0, '2000-02-29'),
(9062, 0, '2000-03-01'),
(9063, 0, '2000-03-02'),
(9064, 0, '2000-03-03'),
(9065, 0, '2000-03-04'),
(9066, 0, '2000-03-05'),
(9067, 0, '2000-03-06'),
(9068, 0, '2000-03-07'),
(9069, 0, '2000-03-08'),
(9070, 0, '2000-03-09'),
(9071, 0, '2000-03-10'),
(9072, 0, '2000-03-11'),
(9073, 0, '2000-03-12'),
(9074, 0, '2000-03-13'),
(9075, 0, '2000-03-14'),
(9076, 0, '2000-03-15'),
(9077, 0, '2000-03-16'),
(9078, 0, '2000-03-17'),
(9079, 0, '2000-03-18'),
(9080, 0, '2000-03-19'),
(9081, 0, '2000-03-20'),
(9082, 0, '2000-03-21'),
(9083, 0, '2000-03-22'),
(9084, 0, '2000-03-23'),
(9085, 0, '2000-03-24'),
(9086, 0, '2000-03-25'),
(9087, 0, '2000-03-26'),
(9088, 0, '2000-03-27'),
(9089, 0, '2000-03-28'),
(9090, 0, '2000-03-29'),
(9091, 0, '2000-03-30'),
(9092, 0, '2000-03-31'),
(9093, 0, '2000-04-01'),
(9094, 0, '2000-04-02'),
(9095, 0, '2000-04-03'),
(9096, 0, '2000-04-04'),
(9097, 0, '2000-04-05'),
(9098, 0, '2000-04-06'),
(9099, 0, '2000-04-07'),
(9100, 0, '2000-04-08'),
(9101, 0, '2000-04-09'),
(9102, 0, '2000-04-10'),
(9103, 0, '2000-04-11'),
(9104, 0, '2000-04-12'),
(9105, 0, '2000-04-13'),
(9106, 0, '2000-04-14'),
(9107, 0, '2000-04-15'),
(9108, 0, '2000-04-16'),
(9109, 0, '2000-04-17'),
(9110, 0, '2000-04-18'),
(9111, 0, '2000-04-19'),
(9112, 0, '2000-04-20'),
(9113, 0, '2000-04-21'),
(9114, 0, '2000-04-22'),
(9115, 0, '2000-04-23'),
(9116, 0, '2000-04-24'),
(9117, 0, '2000-04-25'),
(9118, 0, '2000-04-26'),
(9119, 0, '2000-04-27'),
(9120, 0, '2000-04-28'),
(9121, 0, '2000-04-29'),
(9122, 0, '2000-04-30'),
(9123, 0, '2000-05-01'),
(9124, 0, '2000-05-02'),
(9125, 0, '2000-05-03'),
(9126, 0, '2000-05-04'),
(9127, 0, '2000-05-05'),
(9128, 0, '2000-05-06'),
(9129, 0, '2000-05-07'),
(9130, 0, '2000-05-08'),
(9131, 0, '2000-05-09'),
(9132, 0, '2000-05-10'),
(9133, 0, '2000-05-11'),
(9134, 0, '2000-05-12'),
(9135, 0, '2000-05-13'),
(9136, 0, '2000-05-14'),
(9137, 0, '2000-05-15'),
(9138, 0, '2000-05-16'),
(9139, 0, '2000-05-17'),
(9140, 0, '2000-05-18'),
(9141, 0, '2000-05-19'),
(9142, 0, '2000-05-20'),
(9143, 0, '2000-05-21'),
(9144, 0, '2000-05-22'),
(9145, 0, '2000-05-23'),
(9146, 0, '2000-05-24'),
(9147, 0, '2000-05-25'),
(9148, 0, '2000-05-26'),
(9149, 0, '2000-05-27'),
(9150, 0, '2000-05-28'),
(9151, 0, '2000-05-29'),
(9152, 0, '2000-05-30'),
(9153, 0, '2000-05-31'),
(9154, 0, '2000-06-01'),
(9155, 0, '2000-06-02'),
(9156, 0, '2000-06-03'),
(9157, 0, '2000-06-04'),
(9158, 0, '2000-06-05'),
(9159, 0, '2000-06-06'),
(9160, 0, '2000-06-07'),
(9161, 0, '2000-06-08'),
(9162, 0, '2000-06-09'),
(9163, 0, '2000-06-10'),
(9164, 0, '2000-06-11'),
(9165, 0, '2000-06-12'),
(9166, 0, '2000-06-13'),
(9167, 0, '2000-06-14'),
(9168, 0, '2000-06-15'),
(9169, 0, '2000-06-16'),
(9170, 0, '2000-06-17'),
(9171, 0, '2000-06-18'),
(9172, 0, '2000-06-19'),
(9173, 0, '2000-06-20'),
(9174, 0, '2000-06-21'),
(9175, 0, '2000-06-22'),
(9176, 0, '2000-06-23'),
(9177, 0, '2000-06-24'),
(9178, 0, '2000-06-25'),
(9179, 0, '2000-06-26'),
(9180, 0, '2000-06-27'),
(9181, 0, '2000-06-28'),
(9182, 0, '2000-06-29'),
(9183, 0, '2000-06-30'),
(9184, 0, '2000-07-01'),
(9185, 0, '2000-07-02'),
(9186, 0, '2000-07-03'),
(9187, 0, '2000-07-04'),
(9188, 0, '2000-07-05'),
(9189, 0, '2000-07-06'),
(9190, 0, '2000-07-07'),
(9191, 0, '2000-07-08'),
(9192, 0, '2000-07-09'),
(9193, 0, '2000-07-10'),
(9194, 0, '2000-07-11'),
(9195, 0, '2000-07-12'),
(9196, 0, '2000-07-13'),
(9197, 0, '2000-07-14'),
(9198, 0, '2000-07-15'),
(9199, 0, '2000-07-16'),
(9200, 0, '2000-07-17'),
(9201, 0, '2000-07-18'),
(9202, 0, '2000-07-19'),
(9203, 0, '2000-07-20'),
(9204, 0, '2000-07-21'),
(9205, 0, '2000-07-22'),
(9206, 0, '2000-07-23'),
(9207, 0, '2000-07-24'),
(9208, 0, '2000-07-25'),
(9209, 0, '2000-07-26'),
(9210, 0, '2000-07-27'),
(9211, 0, '2000-07-28'),
(9212, 0, '2000-07-29'),
(9213, 0, '2000-07-30'),
(9214, 0, '2000-07-31'),
(9215, 0, '2000-08-01'),
(9216, 0, '2000-08-02'),
(9217, 0, '2000-08-03'),
(9218, 0, '2000-08-04'),
(9219, 0, '2000-08-05'),
(9220, 0, '2000-08-06'),
(9221, 0, '2000-08-07'),
(9222, 0, '2000-08-08'),
(9223, 0, '2000-08-09'),
(9224, 0, '2000-08-10'),
(9225, 0, '2000-08-11'),
(9226, 0, '2000-08-12'),
(9227, 0, '2000-08-13'),
(9228, 0, '2000-08-14'),
(9229, 0, '2000-08-15'),
(9230, 0, '2000-08-16'),
(9231, 0, '2000-08-17'),
(9232, 0, '2000-08-18'),
(9233, 0, '2000-08-19'),
(9234, 0, '2000-08-20'),
(9235, 0, '2000-08-21'),
(9236, 0, '2000-08-22'),
(9237, 0, '2000-08-23'),
(9238, 0, '2000-08-24'),
(9239, 0, '2000-08-25'),
(9240, 0, '2000-08-26'),
(9241, 0, '2000-08-27'),
(9242, 0, '2000-08-28'),
(9243, 0, '2000-08-29'),
(9244, 0, '2000-08-30'),
(9245, 0, '2000-08-31'),
(9246, 0, '2000-09-01'),
(9247, 0, '2000-09-02'),
(9248, 0, '2000-09-03'),
(9249, 0, '2000-09-04'),
(9250, 0, '2000-09-05'),
(9251, 0, '2000-09-06'),
(9252, 0, '2000-09-07'),
(9253, 0, '2000-09-08'),
(9254, 0, '2000-09-09'),
(9255, 0, '2000-09-10'),
(9256, 0, '2000-09-11'),
(9257, 0, '2000-09-12'),
(9258, 0, '2000-09-13'),
(9259, 0, '2000-09-14'),
(9260, 0, '2000-09-15'),
(9261, 0, '2000-09-16'),
(9262, 0, '2000-09-17'),
(9263, 0, '2000-09-18'),
(9264, 0, '2000-09-19'),
(9265, 0, '2000-09-20'),
(9266, 0, '2000-09-21'),
(9267, 0, '2000-09-22'),
(9268, 0, '2000-09-23'),
(9269, 0, '2000-09-24'),
(9270, 0, '2000-09-25'),
(9271, 0, '2000-09-26'),
(9272, 0, '2000-09-27'),
(9273, 0, '2000-09-28'),
(9274, 0, '2000-09-29'),
(9275, 0, '2000-09-30'),
(9276, 0, '2000-10-01'),
(9277, 0, '2000-10-02'),
(9278, 0, '2000-10-03'),
(9279, 0, '2000-10-04'),
(9280, 0, '2000-10-05'),
(9281, 0, '2000-10-06'),
(9282, 0, '2000-10-07'),
(9283, 0, '2000-10-08'),
(9284, 0, '2000-10-09'),
(9285, 0, '2000-10-10'),
(9286, 0, '2000-10-11'),
(9287, 0, '2000-10-12'),
(9288, 0, '2000-10-13'),
(9289, 0, '2000-10-14'),
(9290, 0, '2000-10-15'),
(9291, 0, '2000-10-16'),
(9292, 0, '2000-10-17'),
(9293, 0, '2000-10-18'),
(9294, 0, '2000-10-19'),
(9295, 0, '2000-10-20'),
(9296, 0, '2000-10-21'),
(9297, 0, '2000-10-22'),
(9298, 0, '2000-10-23'),
(9299, 0, '2000-10-24'),
(9300, 0, '2000-10-25'),
(9301, 0, '2000-10-26'),
(9302, 0, '2000-10-27'),
(9303, 0, '2000-10-28'),
(9304, 0, '2000-10-29'),
(9305, 0, '2000-10-30'),
(9306, 0, '2000-10-31'),
(9307, 0, '2000-11-01'),
(9308, 0, '2000-11-02'),
(9309, 0, '2000-11-03'),
(9310, 0, '2000-11-04'),
(9311, 0, '2000-11-05'),
(9312, 0, '2000-11-06'),
(9313, 0, '2000-11-07'),
(9314, 0, '2000-11-08'),
(9315, 0, '2000-11-09'),
(9316, 0, '2000-11-10'),
(9317, 0, '2000-11-11'),
(9318, 0, '2000-11-12'),
(9319, 0, '2000-11-13'),
(9320, 0, '2000-11-14'),
(9321, 0, '2000-11-15'),
(9322, 0, '2000-11-16'),
(9323, 0, '2000-11-17'),
(9324, 0, '2000-11-18'),
(9325, 0, '2000-11-19'),
(9326, 0, '2000-11-20'),
(9327, 0, '2000-11-21'),
(9328, 0, '2000-11-22'),
(9329, 0, '2000-11-23'),
(9330, 0, '2000-11-24'),
(9331, 0, '2000-11-25'),
(9332, 0, '2000-11-26'),
(9333, 0, '2000-11-27'),
(9334, 0, '2000-11-28'),
(9335, 0, '2000-11-29'),
(9336, 0, '2000-11-30'),
(9337, 0, '2000-12-01'),
(9338, 0, '2000-12-02'),
(9339, 0, '2000-12-03'),
(9340, 0, '2000-12-04'),
(9341, 0, '2000-12-05'),
(9342, 0, '2000-12-06'),
(9343, 0, '2000-12-07'),
(9344, 0, '2000-12-08'),
(9345, 0, '2000-12-09'),
(9346, 0, '2000-12-10'),
(9347, 0, '2000-12-11'),
(9348, 0, '2000-12-12'),
(9349, 0, '2000-12-13'),
(9350, 0, '2000-12-14'),
(9351, 0, '2000-12-15'),
(9352, 0, '2000-12-16'),
(9353, 0, '2000-12-17'),
(9354, 0, '2000-12-18'),
(9355, 0, '2000-12-19'),
(9356, 0, '2000-12-20'),
(9357, 0, '2000-12-21'),
(9358, 0, '2000-12-22'),
(9359, 0, '2000-12-23'),
(9360, 0, '2000-12-24'),
(9361, 0, '2000-12-25'),
(9362, 0, '2000-12-26'),
(9363, 0, '2000-12-27'),
(9364, 0, '2000-12-28'),
(9365, 0, '2000-12-29'),
(9366, 0, '2000-12-30'),
(9367, 0, '2000-12-31'),
(9368, 0, '2001-01-01'),
(9369, 0, '2001-01-02'),
(9370, 0, '2001-01-03'),
(9371, 0, '2001-01-04'),
(9372, 0, '2001-01-05'),
(9373, 0, '2001-01-06'),
(9374, 0, '2001-01-07'),
(9375, 0, '2001-01-08'),
(9376, 0, '2001-01-09'),
(9377, 0, '2001-01-10'),
(9378, 0, '2001-01-11'),
(9379, 0, '2001-01-12'),
(9380, 0, '2001-01-13'),
(9381, 0, '2001-01-14'),
(9382, 0, '2001-01-15'),
(9383, 0, '2001-01-16'),
(9384, 0, '2001-01-17'),
(9385, 0, '2001-01-18'),
(9386, 0, '2001-01-19'),
(9387, 0, '2001-01-20'),
(9388, 0, '2001-01-21'),
(9389, 0, '2001-01-22'),
(9390, 0, '2001-01-23'),
(9391, 0, '2001-01-24'),
(9392, 0, '2001-01-25'),
(9393, 0, '2001-01-26'),
(9394, 0, '2001-01-27'),
(9395, 0, '2001-01-28'),
(9396, 0, '2001-01-29'),
(9397, 0, '2001-01-30'),
(9398, 0, '2001-01-31'),
(9399, 0, '2001-02-01'),
(9400, 0, '2001-02-02'),
(9401, 0, '2001-02-03'),
(9402, 0, '2001-02-04'),
(9403, 0, '2001-02-05'),
(9404, 0, '2001-02-06'),
(9405, 0, '2001-02-07'),
(9406, 0, '2001-02-08'),
(9407, 0, '2001-02-09'),
(9408, 0, '2001-02-10'),
(9409, 0, '2001-02-11'),
(9410, 0, '2001-02-12'),
(9411, 0, '2001-02-13'),
(9412, 0, '2001-02-14'),
(9413, 0, '2001-02-15'),
(9414, 0, '2001-02-16'),
(9415, 0, '2001-02-17'),
(9416, 0, '2001-02-18'),
(9417, 0, '2001-02-19'),
(9418, 0, '2001-02-20'),
(9419, 0, '2001-02-21'),
(9420, 0, '2001-02-22'),
(9421, 0, '2001-02-23'),
(9422, 0, '2001-02-24'),
(9423, 0, '2001-02-25'),
(9424, 0, '2001-02-26'),
(9425, 0, '2001-02-27'),
(9426, 0, '2001-02-28'),
(9427, 0, '2001-03-01'),
(9428, 0, '2001-03-02'),
(9429, 0, '2001-03-03'),
(9430, 0, '2001-03-04'),
(9431, 0, '2001-03-05'),
(9432, 0, '2001-03-06'),
(9433, 0, '2001-03-07'),
(9434, 0, '2001-03-08'),
(9435, 0, '2001-03-09'),
(9436, 0, '2001-03-10'),
(9437, 0, '2001-03-11'),
(9438, 0, '2001-03-12'),
(9439, 0, '2001-03-13'),
(9440, 0, '2001-03-14'),
(9441, 0, '2001-03-15'),
(9442, 0, '2001-03-16'),
(9443, 0, '2001-03-17'),
(9444, 0, '2001-03-18'),
(9445, 0, '2001-03-19'),
(9446, 0, '2001-03-20'),
(9447, 0, '2001-03-21'),
(9448, 0, '2001-03-22'),
(9449, 0, '2001-03-23'),
(9450, 0, '2001-03-24'),
(9451, 0, '2001-03-25'),
(9452, 0, '2001-03-26'),
(9453, 0, '2001-03-27'),
(9454, 0, '2001-03-28'),
(9455, 0, '2001-03-29'),
(9456, 0, '2001-03-30'),
(9457, 0, '2001-03-31'),
(9458, 0, '2001-04-01'),
(9459, 0, '2001-04-02'),
(9460, 0, '2001-04-03'),
(9461, 0, '2001-04-04'),
(9462, 0, '2001-04-05'),
(9463, 0, '2001-04-06'),
(9464, 0, '2001-04-07'),
(9465, 0, '2001-04-08'),
(9466, 0, '2001-04-09'),
(9467, 0, '2001-04-10'),
(9468, 0, '2001-04-11'),
(9469, 0, '2001-04-12'),
(9470, 0, '2001-04-13'),
(9471, 0, '2001-04-14'),
(9472, 0, '2001-04-15'),
(9473, 0, '2001-04-16'),
(9474, 0, '2001-04-17'),
(9475, 0, '2001-04-18'),
(9476, 0, '2001-04-19'),
(9477, 0, '2001-04-20'),
(9478, 0, '2001-04-21'),
(9479, 0, '2001-04-22'),
(9480, 0, '2001-04-23'),
(9481, 0, '2001-04-24'),
(9482, 0, '2001-04-25'),
(9483, 0, '2001-04-26'),
(9484, 0, '2001-04-27'),
(9485, 0, '2001-04-28'),
(9486, 0, '2001-04-29'),
(9487, 0, '2001-04-30'),
(9488, 0, '2001-05-01'),
(9489, 0, '2001-05-02'),
(9490, 0, '2001-05-03'),
(9491, 0, '2001-05-04'),
(9492, 0, '2001-05-05'),
(9493, 0, '2001-05-06'),
(9494, 0, '2001-05-07'),
(9495, 0, '2001-05-08'),
(9496, 0, '2001-05-09'),
(9497, 0, '2001-05-10'),
(9498, 0, '2001-05-11'),
(9499, 0, '2001-05-12'),
(9500, 0, '2001-05-13'),
(9501, 0, '2001-05-14'),
(9502, 0, '2001-05-15'),
(9503, 0, '2001-05-16'),
(9504, 0, '2001-05-17'),
(9505, 0, '2001-05-18'),
(9506, 0, '2001-05-19'),
(9507, 0, '2001-05-20'),
(9508, 0, '2001-05-21'),
(9509, 0, '2001-05-22'),
(9510, 0, '2001-05-23'),
(9511, 0, '2001-05-24'),
(9512, 0, '2001-05-25'),
(9513, 0, '2001-05-26'),
(9514, 0, '2001-05-27'),
(9515, 0, '2001-05-28'),
(9516, 0, '2001-05-29'),
(9517, 0, '2001-05-30'),
(9518, 0, '2001-05-31'),
(9519, 0, '2001-06-01'),
(9520, 0, '2001-06-02'),
(9521, 0, '2001-06-03'),
(9522, 0, '2001-06-04'),
(9523, 0, '2001-06-05'),
(9524, 0, '2001-06-06'),
(9525, 0, '2001-06-07'),
(9526, 0, '2001-06-08'),
(9527, 0, '2001-06-09'),
(9528, 0, '2001-06-10'),
(9529, 0, '2001-06-11'),
(9530, 0, '2001-06-12'),
(9531, 0, '2001-06-13'),
(9532, 0, '2001-06-14'),
(9533, 0, '2001-06-15'),
(9534, 0, '2001-06-16'),
(9535, 0, '2001-06-17'),
(9536, 0, '2001-06-18'),
(9537, 0, '2001-06-19'),
(9538, 0, '2001-06-20'),
(9539, 0, '2001-06-21'),
(9540, 0, '2001-06-22'),
(9541, 0, '2001-06-23'),
(9542, 0, '2001-06-24'),
(9543, 0, '2001-06-25'),
(9544, 0, '2001-06-26'),
(9545, 0, '2001-06-27'),
(9546, 0, '2001-06-28'),
(9547, 0, '2001-06-29'),
(9548, 0, '2001-06-30'),
(9549, 0, '2001-07-01'),
(9550, 0, '2001-07-02'),
(9551, 0, '2001-07-03'),
(9552, 0, '2001-07-04'),
(9553, 0, '2001-07-05'),
(9554, 0, '2001-07-06'),
(9555, 0, '2001-07-07'),
(9556, 0, '2001-07-08'),
(9557, 0, '2001-07-09'),
(9558, 0, '2001-07-10'),
(9559, 0, '2001-07-11'),
(9560, 0, '2001-07-12'),
(9561, 0, '2001-07-13'),
(9562, 0, '2001-07-14'),
(9563, 0, '2001-07-15'),
(9564, 0, '2001-07-16'),
(9565, 0, '2001-07-17'),
(9566, 0, '2001-07-18'),
(9567, 0, '2001-07-19'),
(9568, 0, '2001-07-20'),
(9569, 0, '2001-07-21'),
(9570, 0, '2001-07-22'),
(9571, 0, '2001-07-23'),
(9572, 0, '2001-07-24'),
(9573, 0, '2001-07-25'),
(9574, 0, '2001-07-26'),
(9575, 0, '2001-07-27'),
(9576, 0, '2001-07-28'),
(9577, 0, '2001-07-29'),
(9578, 0, '2001-07-30'),
(9579, 0, '2001-07-31'),
(9580, 0, '2001-08-01'),
(9581, 0, '2001-08-02'),
(9582, 0, '2001-08-03'),
(9583, 0, '2001-08-04'),
(9584, 0, '2001-08-05'),
(9585, 0, '2001-08-06'),
(9586, 0, '2001-08-07'),
(9587, 0, '2001-08-08'),
(9588, 0, '2001-08-09'),
(9589, 0, '2001-08-10'),
(9590, 0, '2001-08-11'),
(9591, 0, '2001-08-12'),
(9592, 0, '2001-08-13'),
(9593, 0, '2001-08-14'),
(9594, 0, '2001-08-15'),
(9595, 0, '2001-08-16'),
(9596, 0, '2001-08-17'),
(9597, 0, '2001-08-18'),
(9598, 0, '2001-08-19'),
(9599, 0, '2001-08-20'),
(9600, 0, '2001-08-21'),
(9601, 0, '2001-08-22'),
(9602, 0, '2001-08-23'),
(9603, 0, '2001-08-24'),
(9604, 0, '2001-08-25'),
(9605, 0, '2001-08-26'),
(9606, 0, '2001-08-27'),
(9607, 0, '2001-08-28'),
(9608, 0, '2001-08-29'),
(9609, 0, '2001-08-30'),
(9610, 0, '2001-08-31'),
(9611, 0, '2001-09-01'),
(9612, 0, '2001-09-02'),
(9613, 0, '2001-09-03'),
(9614, 0, '2001-09-04'),
(9615, 0, '2001-09-05'),
(9616, 0, '2001-09-06'),
(9617, 0, '2001-09-07'),
(9618, 0, '2001-09-08'),
(9619, 0, '2001-09-09'),
(9620, 0, '2001-09-10'),
(9621, 0, '2001-09-11'),
(9622, 0, '2001-09-12'),
(9623, 0, '2001-09-13'),
(9624, 0, '2001-09-14'),
(9625, 0, '2001-09-15'),
(9626, 0, '2001-09-16'),
(9627, 0, '2001-09-17'),
(9628, 0, '2001-09-18'),
(9629, 0, '2001-09-19'),
(9630, 0, '2001-09-20'),
(9631, 0, '2001-09-21'),
(9632, 0, '2001-09-22'),
(9633, 0, '2001-09-23'),
(9634, 0, '2001-09-24'),
(9635, 0, '2001-09-25'),
(9636, 0, '2001-09-26'),
(9637, 0, '2001-09-27'),
(9638, 0, '2001-09-28'),
(9639, 0, '2001-09-29'),
(9640, 0, '2001-09-30'),
(9641, 0, '2001-10-01'),
(9642, 0, '2001-10-02'),
(9643, 0, '2001-10-03'),
(9644, 0, '2001-10-04'),
(9645, 0, '2001-10-05'),
(9646, 0, '2001-10-06'),
(9647, 0, '2001-10-07'),
(9648, 0, '2001-10-08'),
(9649, 0, '2001-10-09'),
(9650, 0, '2001-10-10'),
(9651, 0, '2001-10-11'),
(9652, 0, '2001-10-12'),
(9653, 0, '2001-10-13'),
(9654, 0, '2001-10-14'),
(9655, 0, '2001-10-15'),
(9656, 0, '2001-10-16'),
(9657, 0, '2001-10-17'),
(9658, 0, '2001-10-18'),
(9659, 0, '2001-10-19'),
(9660, 0, '2001-10-20'),
(9661, 0, '2001-10-21'),
(9662, 0, '2001-10-22'),
(9663, 0, '2001-10-23'),
(9664, 0, '2001-10-24'),
(9665, 0, '2001-10-25'),
(9666, 0, '2001-10-26'),
(9667, 0, '2001-10-27'),
(9668, 0, '2001-10-28'),
(9669, 0, '2001-10-29'),
(9670, 0, '2001-10-30'),
(9671, 0, '2001-10-31'),
(9672, 0, '2001-11-01'),
(9673, 0, '2001-11-02'),
(9674, 0, '2001-11-03'),
(9675, 0, '2001-11-04'),
(9676, 0, '2001-11-05'),
(9677, 0, '2001-11-06'),
(9678, 0, '2001-11-07'),
(9679, 0, '2001-11-08'),
(9680, 0, '2001-11-09'),
(9681, 0, '2001-11-10'),
(9682, 0, '2001-11-11'),
(9683, 0, '2001-11-12'),
(9684, 0, '2001-11-13'),
(9685, 0, '2001-11-14'),
(9686, 0, '2001-11-15'),
(9687, 0, '2001-11-16'),
(9688, 0, '2001-11-17'),
(9689, 0, '2001-11-18'),
(9690, 0, '2001-11-19'),
(9691, 0, '2001-11-20'),
(9692, 0, '2001-11-21'),
(9693, 0, '2001-11-22'),
(9694, 0, '2001-11-23'),
(9695, 0, '2001-11-24'),
(9696, 0, '2001-11-25'),
(9697, 0, '2001-11-26'),
(9698, 0, '2001-11-27'),
(9699, 0, '2001-11-28'),
(9700, 0, '2001-11-29'),
(9701, 0, '2001-11-30'),
(9702, 0, '2001-12-01'),
(9703, 0, '2001-12-02'),
(9704, 0, '2001-12-03'),
(9705, 0, '2001-12-04'),
(9706, 0, '2001-12-05'),
(9707, 0, '2001-12-06'),
(9708, 0, '2001-12-07'),
(9709, 0, '2001-12-08'),
(9710, 0, '2001-12-09'),
(9711, 0, '2001-12-10'),
(9712, 0, '2001-12-11'),
(9713, 0, '2001-12-12'),
(9714, 0, '2001-12-13'),
(9715, 0, '2001-12-14'),
(9716, 0, '2001-12-15'),
(9717, 0, '2001-12-16'),
(9718, 0, '2001-12-17'),
(9719, 0, '2001-12-18'),
(9720, 0, '2001-12-19'),
(9721, 0, '2001-12-20'),
(9722, 0, '2001-12-21'),
(9723, 0, '2001-12-22'),
(9724, 0, '2001-12-23'),
(9725, 0, '2001-12-24'),
(9726, 0, '2001-12-25'),
(9727, 0, '2001-12-26'),
(9728, 0, '2001-12-27'),
(9729, 0, '2001-12-28'),
(9730, 0, '2001-12-29'),
(9731, 0, '2001-12-30'),
(9732, 0, '2001-12-31'),
(9733, 0, '2002-01-01'),
(9734, 0, '2002-01-02'),
(9735, 0, '2002-01-03'),
(9736, 0, '2002-01-04'),
(9737, 0, '2002-01-05'),
(9738, 0, '2002-01-06'),
(9739, 0, '2002-01-07'),
(9740, 0, '2002-01-08'),
(9741, 0, '2002-01-09'),
(9742, 0, '2002-01-10'),
(9743, 0, '2002-01-11'),
(9744, 0, '2002-01-12'),
(9745, 0, '2002-01-13'),
(9746, 0, '2002-01-14'),
(9747, 0, '2002-01-15'),
(9748, 0, '2002-01-16'),
(9749, 0, '2002-01-17'),
(9750, 0, '2002-01-18'),
(9751, 0, '2002-01-19'),
(9752, 0, '2002-01-20'),
(9753, 0, '2002-01-21'),
(9754, 0, '2002-01-22'),
(9755, 0, '2002-01-23'),
(9756, 0, '2002-01-24'),
(9757, 0, '2002-01-25'),
(9758, 0, '2002-01-26'),
(9759, 0, '2002-01-27'),
(9760, 0, '2002-01-28'),
(9761, 0, '2002-01-29'),
(9762, 0, '2002-01-30'),
(9763, 0, '2002-01-31'),
(9764, 0, '2002-02-01'),
(9765, 0, '2002-02-02'),
(9766, 0, '2002-02-03'),
(9767, 0, '2002-02-04'),
(9768, 0, '2002-02-05'),
(9769, 0, '2002-02-06'),
(9770, 0, '2002-02-07'),
(9771, 0, '2002-02-08'),
(9772, 0, '2002-02-09'),
(9773, 0, '2002-02-10'),
(9774, 0, '2002-02-11'),
(9775, 0, '2002-02-12'),
(9776, 0, '2002-02-13'),
(9777, 0, '2002-02-14'),
(9778, 0, '2002-02-15'),
(9779, 0, '2002-02-16'),
(9780, 0, '2002-02-17'),
(9781, 0, '2002-02-18'),
(9782, 0, '2002-02-19'),
(9783, 0, '2002-02-20'),
(9784, 0, '2002-02-21'),
(9785, 0, '2002-02-22'),
(9786, 0, '2002-02-23'),
(9787, 0, '2002-02-24'),
(9788, 0, '2002-02-25'),
(9789, 0, '2002-02-26'),
(9790, 0, '2002-02-27'),
(9791, 0, '2002-02-28'),
(9792, 0, '2002-03-01'),
(9793, 0, '2002-03-02'),
(9794, 0, '2002-03-03'),
(9795, 0, '2002-03-04'),
(9796, 0, '2002-03-05'),
(9797, 0, '2002-03-06'),
(9798, 0, '2002-03-07'),
(9799, 0, '2002-03-08'),
(9800, 0, '2002-03-09'),
(9801, 0, '2002-03-10'),
(9802, 0, '2002-03-11'),
(9803, 0, '2002-03-12'),
(9804, 0, '2002-03-13'),
(9805, 0, '2002-03-14'),
(9806, 0, '2002-03-15'),
(9807, 0, '2002-03-16'),
(9808, 0, '2002-03-17'),
(9809, 0, '2002-03-18'),
(9810, 0, '2002-03-19'),
(9811, 0, '2002-03-20'),
(9812, 0, '2002-03-21'),
(9813, 0, '2002-03-22'),
(9814, 0, '2002-03-23'),
(9815, 0, '2002-03-24'),
(9816, 0, '2002-03-25'),
(9817, 0, '2002-03-26'),
(9818, 0, '2002-03-27'),
(9819, 0, '2002-03-28'),
(9820, 0, '2002-03-29'),
(9821, 0, '2002-03-30'),
(9822, 0, '2002-03-31'),
(9823, 0, '2002-04-01'),
(9824, 0, '2002-04-02'),
(9825, 0, '2002-04-03'),
(9826, 0, '2002-04-04'),
(9827, 0, '2002-04-05'),
(9828, 0, '2002-04-06'),
(9829, 0, '2002-04-07'),
(9830, 0, '2002-04-08'),
(9831, 0, '2002-04-09'),
(9832, 0, '2002-04-10'),
(9833, 0, '2002-04-11'),
(9834, 0, '2002-04-12'),
(9835, 0, '2002-04-13'),
(9836, 0, '2002-04-14'),
(9837, 0, '2002-04-15'),
(9838, 0, '2002-04-16'),
(9839, 0, '2002-04-17'),
(9840, 0, '2002-04-18'),
(9841, 0, '2002-04-19'),
(9842, 0, '2002-04-20'),
(9843, 0, '2002-04-21'),
(9844, 0, '2002-04-22'),
(9845, 0, '2002-04-23'),
(9846, 0, '2002-04-24'),
(9847, 0, '2002-04-25'),
(9848, 0, '2002-04-26'),
(9849, 0, '2002-04-27'),
(9850, 0, '2002-04-28'),
(9851, 0, '2002-04-29'),
(9852, 0, '2002-04-30'),
(9853, 0, '2002-05-01'),
(9854, 0, '2002-05-02'),
(9855, 0, '2002-05-03'),
(9856, 0, '2002-05-04'),
(9857, 0, '2002-05-05'),
(9858, 0, '2002-05-06'),
(9859, 0, '2002-05-07'),
(9860, 0, '2002-05-08'),
(9861, 0, '2002-05-09'),
(9862, 0, '2002-05-10'),
(9863, 0, '2002-05-11'),
(9864, 0, '2002-05-12'),
(9865, 0, '2002-05-13'),
(9866, 0, '2002-05-14'),
(9867, 0, '2002-05-15'),
(9868, 0, '2002-05-16'),
(9869, 0, '2002-05-17'),
(9870, 0, '2002-05-18'),
(9871, 0, '2002-05-19'),
(9872, 0, '2002-05-20'),
(9873, 0, '2002-05-21'),
(9874, 0, '2002-05-22'),
(9875, 0, '2002-05-23'),
(9876, 0, '2002-05-24'),
(9877, 0, '2002-05-25'),
(9878, 0, '2002-05-26'),
(9879, 0, '2002-05-27'),
(9880, 0, '2002-05-28'),
(9881, 0, '2002-05-29'),
(9882, 0, '2002-05-30'),
(9883, 0, '2002-05-31'),
(9884, 0, '2002-06-01'),
(9885, 0, '2002-06-02'),
(9886, 0, '2002-06-03'),
(9887, 0, '2002-06-04'),
(9888, 0, '2002-06-05'),
(9889, 0, '2002-06-06'),
(9890, 0, '2002-06-07'),
(9891, 0, '2002-06-08'),
(9892, 0, '2002-06-09'),
(9893, 0, '2002-06-10'),
(9894, 0, '2002-06-11'),
(9895, 0, '2002-06-12'),
(9896, 0, '2002-06-13'),
(9897, 0, '2002-06-14'),
(9898, 0, '2002-06-15'),
(9899, 0, '2002-06-16'),
(9900, 0, '2002-06-17'),
(9901, 0, '2002-06-18'),
(9902, 0, '2002-06-19'),
(9903, 0, '2002-06-20'),
(9904, 0, '2002-06-21'),
(9905, 0, '2002-06-22'),
(9906, 0, '2002-06-23'),
(9907, 0, '2002-06-24'),
(9908, 0, '2002-06-25'),
(9909, 0, '2002-06-26'),
(9910, 0, '2002-06-27'),
(9911, 0, '2002-06-28'),
(9912, 0, '2002-06-29'),
(9913, 0, '2002-06-30'),
(9914, 0, '2002-07-01'),
(9915, 0, '2002-07-02'),
(9916, 0, '2002-07-03'),
(9917, 0, '2002-07-04'),
(9918, 0, '2002-07-05'),
(9919, 0, '2002-07-06'),
(9920, 0, '2002-07-07'),
(9921, 0, '2002-07-08'),
(9922, 0, '2002-07-09'),
(9923, 0, '2002-07-10'),
(9924, 0, '2002-07-11'),
(9925, 0, '2002-07-12'),
(9926, 0, '2002-07-13'),
(9927, 0, '2002-07-14'),
(9928, 0, '2002-07-15'),
(9929, 0, '2002-07-16'),
(9930, 0, '2002-07-17'),
(9931, 0, '2002-07-18'),
(9932, 0, '2002-07-19'),
(9933, 0, '2002-07-20'),
(9934, 0, '2002-07-21'),
(9935, 0, '2002-07-22'),
(9936, 0, '2002-07-23'),
(9937, 0, '2002-07-24'),
(9938, 0, '2002-07-25'),
(9939, 0, '2002-07-26'),
(9940, 0, '2002-07-27'),
(9941, 0, '2002-07-28'),
(9942, 0, '2002-07-29'),
(9943, 0, '2002-07-30'),
(9944, 0, '2002-07-31'),
(9945, 0, '2002-08-01'),
(9946, 0, '2002-08-02'),
(9947, 0, '2002-08-03'),
(9948, 0, '2002-08-04'),
(9949, 0, '2002-08-05'),
(9950, 0, '2002-08-06'),
(9951, 0, '2002-08-07'),
(9952, 0, '2002-08-08'),
(9953, 0, '2002-08-09'),
(9954, 0, '2002-08-10'),
(9955, 0, '2002-08-11'),
(9956, 0, '2002-08-12'),
(9957, 0, '2002-08-13'),
(9958, 0, '2002-08-14'),
(9959, 0, '2002-08-15'),
(9960, 0, '2002-08-16'),
(9961, 0, '2002-08-17'),
(9962, 0, '2002-08-18'),
(9963, 0, '2002-08-19'),
(9964, 0, '2002-08-20'),
(9965, 0, '2002-08-21'),
(9966, 0, '2002-08-22'),
(9967, 0, '2002-08-23'),
(9968, 0, '2002-08-24'),
(9969, 0, '2002-08-25'),
(9970, 0, '2002-08-26'),
(9971, 0, '2002-08-27'),
(9972, 0, '2002-08-28'),
(9973, 0, '2002-08-29'),
(9974, 0, '2002-08-30'),
(9975, 0, '2002-08-31'),
(9976, 0, '2002-09-01'),
(9977, 0, '2002-09-02'),
(9978, 0, '2002-09-03'),
(9979, 0, '2002-09-04'),
(9980, 0, '2002-09-05'),
(9981, 0, '2002-09-06'),
(9982, 0, '2002-09-07'),
(9983, 0, '2002-09-08'),
(9984, 0, '2002-09-09'),
(9985, 0, '2002-09-10'),
(9986, 0, '2002-09-11'),
(9987, 0, '2002-09-12'),
(9988, 0, '2002-09-13'),
(9989, 0, '2002-09-14'),
(9990, 0, '2002-09-15'),
(9991, 0, '2002-09-16'),
(9992, 0, '2002-09-17'),
(9993, 0, '2002-09-18'),
(9994, 0, '2002-09-19'),
(9995, 0, '2002-09-20'),
(9996, 0, '2002-09-21'),
(9997, 0, '2002-09-22');

-- --------------------------------------------------------

--
-- Table structure for table `tb_profesi_pdd`
--

CREATE TABLE `tb_profesi_pdd` (
  `id_profesi_pdd` int(11) NOT NULL,
  `id_jurusan_pdd` int(11) NOT NULL,
  `nama_profesi_pdd` text NOT NULL
) ENGINE=InnoDB DEFAULT CHARSET=utf8mb4;

--
-- Dumping data for table `tb_profesi_pdd`
--

INSERT INTO `tb_profesi_pdd` (`id_profesi_pdd`, `id_jurusan_pdd`, `nama_profesi_pdd`) VALUES
(0, 0, '-- Lainnya --'),
(1, 1, 'Program Pendidikan Dokter Spesialis (PPDS)/Residence'),
(2, 1, 'Program Studi Pendidikan Dokter (PSPD)/Co-ass'),
(3, 5, 'Apoteker'),
(4, 3, 'Psikolog Klinik'),
(5, 2, 'Ners');

-- --------------------------------------------------------

--
-- Table structure for table `tb_tarif`
--

CREATE TABLE `tb_tarif` (
  `id_tarif` int(11) NOT NULL,
  `tgl_tambah_tarif` date DEFAULT NULL,
  `tgl_ubah_tarif` date DEFAULT NULL,
  `nama_tarif` text NOT NULL,
  `id_tarif_satuan` int(11) NOT NULL,
  `ket_tarif` text DEFAULT NULL,
  `jumlah_tarif` float NOT NULL,
  `tipe_tarif` text NOT NULL,
  `frekuensi_tarif` int(11) NOT NULL,
  `kuantitas_tarif` int(11) NOT NULL,
  `id_jurusan_pdd` int(11) NOT NULL,
  `id_jenjang_pdd` int(11) DEFAULT NULL,
  `id_spesifikasi_pdd` int(11) DEFAULT NULL,
  `id_tarif_jenis` int(11) NOT NULL,
  `pilih_tarif` int(11) NOT NULL,
  `status_tarif` enum('y','t') NOT NULL
) ENGINE=InnoDB DEFAULT CHARSET=utf8mb4;

--
-- Dumping data for table `tb_tarif`
--

INSERT INTO `tb_tarif` (`id_tarif`, `tgl_tambah_tarif`, `tgl_ubah_tarif`, `nama_tarif`, `id_tarif_satuan`, `ket_tarif`, `jumlah_tarif`, `tipe_tarif`, `frekuensi_tarif`, `kuantitas_tarif`, `id_jurusan_pdd`, `id_jenjang_pdd`, `id_spesifikasi_pdd`, `id_tarif_jenis`, `pilih_tarif`, `status_tarif`) VALUES
(1, NULL, NULL, 'Institusional Fee', 1, NULL, 50000, 'SEKALI', 0, 0, 1, 0, 0, 1, 1, 'y'),
(2, NULL, NULL, 'Management Fee', 1, NULL, 75000, 'SEKALI', 0, 0, 1, 0, 0, 1, 1, 'y'),
(3, NULL, NULL, 'Alat Tulis Kantor', 1, NULL, 5000, 'SEKALI', 0, 0, 1, 0, 0, 1, 1, 'y'),
(4, NULL, NULL, 'Untuk Keselamatan Kerja (Handrub, tisue, sabun)', 1, NULL, 5000, 'SEKALI', 0, 0, 1, 0, 0, 2, 1, 'y'),
(5, NULL, NULL, 'Orientasi Keselamatan Pasien', 1, NULL, 10000, 'SEKALI', 0, 0, 1, 0, 0, 3, 1, 'y'),
(6, NULL, NULL, 'Log Book (dibayar 1 kali)', 1, NULL, 20000, 'SEKALI', 0, 0, 1, 0, 0, 3, 1, 'y'),
(7, NULL, NULL, 'Name Tag (dibayar 1 kali)', 1, NULL, 5000, 'SEKALI', 0, 0, 1, 0, 0, 3, 1, 'y'),
(8, NULL, NULL, 'Clinical science session (CSS)', 2, NULL, 37500, 'SEKALI', 0, 0, 1, 0, 0, 4, 1, 'y'),
(9, NULL, NULL, 'Case report session (CRS)', 2, NULL, 37500, 'SEKALI', 0, 0, 1, 0, 0, 4, 1, 'y'),
(10, NULL, NULL, 'Case base Discusion (CBD)', 2, NULL, 37500, 'SEKALI', 0, 0, 1, 0, 0, 4, 1, 'y'),
(11, NULL, NULL, 'Pengayaan - Observasi', 2, NULL, 37500, 'SEKALI', 0, 0, 1, 0, 0, 4, 1, 'y'),
(13, NULL, NULL, 'Bed side teaching (BST)- Visite Besar-Role Model - Pembimbingan Kedokteran Umum di IGD', 2, NULL, 37500, 'SEKALI', 0, 0, 1, 0, 0, 4, 1, 'y'),
(14, NULL, NULL, 'Mini Clinical Examination  Evaluation (Mini CeX)', 2, NULL, 150000, 'SEKALI', 0, 0, 1, 0, 0, 6, 1, 'y'),
(15, NULL, NULL, 'Ujian', 2, NULL, 150000, 'SEKALI', 0, 0, 1, 0, 0, 6, 1, 'y'),
(16, NULL, NULL, 'Makan Pembimbing Ujian', 2, NULL, 20000, 'SEKALI', 0, 0, 1, 0, 0, 6, 1, 'y'),
(17, NULL, NULL, 'Standar Pasien', 2, NULL, 100000, 'SEKALI', 0, 0, 1, 0, 0, 6, 1, 'y'),
(18, NULL, NULL, 'Institusional Fee', 1, NULL, 20000, 'SEKALI', 0, 0, 2, 0, 0, 1, 1, 'y'),
(19, NULL, NULL, 'Management Fee', 1, NULL, 20000, 'SEKALI', 0, 0, 2, 0, 0, 1, 1, 'y'),
(20, NULL, NULL, 'Untuk Keselamatan Kerja (Handrub, tisue, sabun)', 1, NULL, 20000, 'SEKALI', 0, 0, 2, 0, 0, 2, 1, 'y'),
(21, NULL, NULL, 'Orientasi ', 3, NULL, 75000, 'SEKALI', 1, 1, 2, 0, 0, 3, 1, 'y'),
(22, NULL, NULL, 'Keselamatan Pasien', 3, NULL, 150000, 'SEKALI', 0, 0, 2, 0, 0, 3, 1, 't'),
(23, NULL, NULL, 'Log Book (dibayar 1 kali)', 1, NULL, 20000, 'SEKALI', 0, 0, 2, 0, 0, 3, 1, 't'),
(24, NULL, NULL, 'Name Tag (dibayar 1 kali)', 1, NULL, 10000, 'SEKALI', 0, 0, 2, 0, 0, 3, 1, 'y'),
(26, NULL, NULL, 'Materi', 3, 'TAK, Komunikasi Terapeutik, Dokumentasi Keperawatanan', 150000, '-- LAINNYA --', 3, 1, 2, 0, 0, 4, 1, 'y'),
(27, NULL, NULL, 'Ujian', 4, NULL, 150000, 'SEKALI', 0, 0, 2, 0, 0, 6, 1, 'y'),
(28, NULL, NULL, 'Makan dan Snack Penguji', 5, NULL, 20000, 'SEKALI', 0, 0, 2, 0, 0, 6, 1, 'y'),
(29, NULL, NULL, 'Bahan Habis Pakai Ujian', 2, NULL, 100000, 'SEKALI', 0, 0, 2, 0, 0, 6, 1, 'y'),
(30, NULL, NULL, 'Institusional Fee Ujian', 6, NULL, 150000, 'SEKALI', 0, 0, 2, 0, 0, 6, 1, 'y'),
(31, NULL, NULL, 'Management Fee Ujian', 6, NULL, 20000, 'SEKALI', 0, 0, 2, 0, 0, 6, 1, 'y'),
(32, NULL, NULL, 'Bed side teaching (BST) / Bimbingan', 13, NULL, 50000, 'MINGGUAN', 0, 0, 2, 6, 0, 4, 2, 'y'),
(33, NULL, NULL, 'Bed side teaching (BST) / Bimbingan', 13, NULL, 75000, 'MINGGUAN', 0, 0, 2, 7, 0, 4, 2, 'y'),
(34, NULL, NULL, 'Bed side teaching (BST) / Bimbingan', 13, NULL, 75000, 'MINGGUAN', 0, 0, 2, 8, 0, 4, 2, 'y'),
(35, NULL, NULL, 'Bed side teaching (BST) / Bimbingan', 13, NULL, 75000, 'MINGGUAN', 0, 0, 2, 9, 0, 4, 2, 'y'),
(36, NULL, NULL, 'Institusional Fee', 1, NULL, 20000, 'SEKALI', 0, 0, 3, 0, 0, 1, 1, 'y'),
(37, NULL, NULL, 'Management Fee', 1, NULL, 20000, 'SEKALI', 0, 0, 3, 0, 0, 1, 1, 'y'),
(38, NULL, NULL, 'Untuk Keselamatan Kerja (Handrub, tisue, sabun)', 1, NULL, 20000, 'SEKALI', 0, 0, 3, 0, 0, 2, 1, 'y'),
(39, NULL, NULL, 'Orientasi ', 3, NULL, 75000, 'SEKALI', 1, 1, 3, 0, 0, 3, 1, 'y'),
(40, NULL, NULL, 'Keselamatan Pasien', 3, NULL, 150000, 'SEKALI', 0, 0, 3, 0, 0, 3, 1, 't'),
(41, NULL, NULL, 'Log Book (dibayar 1 kali)', 1, NULL, 20000, 'SEKALI', 0, 0, 3, 0, 0, 3, 1, 't'),
(42, NULL, NULL, 'Name Tag (dibayar 1 kali)', 1, NULL, 10000, 'SEKALI', 0, 0, 3, 0, 0, 3, 1, 'y'),
(45, NULL, NULL, 'Ujian', 4, NULL, 150000, 'SEKALI', 0, 0, 3, 0, 0, 6, 1, 'y'),
(46, NULL, NULL, 'Makan dan Snack Penguji', 5, NULL, 20000, 'SEKALI', 0, 0, 3, 0, 0, 6, 1, 'y'),
(47, NULL, NULL, 'Bahan Habis Pakai Ujian', 2, NULL, 100000, 'SEKALI', 0, 0, 3, 0, 0, 6, 1, 'y'),
(48, NULL, NULL, 'Institusional Fee Ujian', 6, NULL, 150000, 'SEKALI', 0, 0, 3, 0, 0, 6, 1, 'y'),
(49, NULL, NULL, 'Management Fee Ujian', 6, NULL, 20000, 'SEKALI', 0, 0, 3, 0, 0, 6, 1, 'y'),
(50, NULL, NULL, 'Bed side teaching (BST) / Bimbingan', 13, NULL, 50000, 'MINGGUAN', 0, 0, 3, 6, 0, 4, 2, 'y'),
(51, NULL, NULL, 'Bed side teaching (BST) / Bimbingan', 13, NULL, 75000, 'MINGGUAN', 0, 0, 3, 7, 0, 4, 2, 'y'),
(52, NULL, NULL, 'Bed side teaching (BST) / Bimbingan', 13, NULL, 75000, 'MINGGUAN', 0, 0, 3, 8, 0, 4, 2, 'y'),
(53, NULL, NULL, 'Bed side teaching (BST) / Bimbingan', 13, NULL, 75000, 'MINGGUAN', 0, 0, 3, 9, 0, 4, 2, 'y'),
(54, NULL, NULL, 'Institusional Fee', 1, NULL, 20000, 'SEKALI', 0, 0, 4, 0, 0, 1, 1, 'y'),
(55, NULL, NULL, 'Management Fee', 1, NULL, 20000, 'SEKALI', 0, 0, 4, 0, 0, 1, 1, 'y'),
(56, NULL, NULL, 'Untuk Keselamatan Kerja (Handrub, tisue, sabun)', 1, NULL, 20000, 'SEKALI', 0, 0, 4, 0, 0, 2, 1, 'y'),
(57, NULL, NULL, 'Orientasi ', 3, NULL, 75000, 'SEKALI', 1, 1, 4, 0, 0, 3, 1, 'y'),
(58, NULL, NULL, 'Keselamatan Pasien', 3, NULL, 150000, 'SEKALI', 0, 0, 4, 0, 0, 3, 1, 't'),
(59, NULL, NULL, 'Log Book (dibayar 1 kali)', 1, NULL, 20000, 'SEKALI', 0, 0, 4, 0, 0, 3, 1, 't'),
(60, NULL, NULL, 'Name Tag (dibayar 1 kali)', 1, NULL, 10000, 'SEKALI', 0, 0, 4, 0, 0, 3, 1, 'y'),
(63, NULL, NULL, 'Ujian', 4, NULL, 150000, 'SEKALI', 0, 0, 4, 0, 0, 6, 1, 'y'),
(64, NULL, NULL, 'Makan dan Snack Penguji', 5, NULL, 20000, 'SEKALI', 0, 0, 4, 0, 0, 6, 1, 'y'),
(65, NULL, NULL, 'Bahan Habis Pakai Ujian', 2, NULL, 100000, 'SEKALI', 0, 0, 4, 0, 0, 6, 1, 'y'),
(66, NULL, NULL, 'Institusional Fee Ujian', 6, NULL, 150000, 'SEKALI', 0, 0, 4, 0, 0, 6, 1, 'y'),
(67, NULL, NULL, 'Management Fee Ujian', 6, NULL, 20000, 'SEKALI', 0, 0, 4, 0, 0, 6, 1, 'y'),
(68, NULL, NULL, 'Bed side teaching (BST) / Bimbingan', 13, NULL, 50000, 'MINGGUAN', 0, 0, 4, 6, 0, 4, 2, 'y'),
(69, NULL, NULL, 'Bed side teaching (BST) / Bimbingan', 13, NULL, 75000, 'MINGGUAN', 0, 0, 4, 7, 0, 4, 2, 'y'),
(70, NULL, NULL, 'Bed side teaching (BST) / Bimbingan', 13, NULL, 75000, 'MINGGUAN', 0, 0, 4, 8, 0, 4, 2, 'y'),
(71, NULL, NULL, 'Bed side teaching (BST) / Bimbingan', 13, NULL, 75000, 'MINGGUAN', 0, 0, 4, 9, 0, 4, 2, 'y'),
(72, NULL, NULL, 'Institusional Fee', 1, NULL, 20000, 'SEKALI', 0, 0, 5, 0, 0, 1, 1, 'y'),
(73, NULL, NULL, 'Management Fee', 1, NULL, 20000, 'SEKALI', 0, 0, 5, 0, 0, 1, 1, 'y'),
(74, NULL, NULL, 'Untuk Keselamatan Kerja (Handrub, tisue, sabun)', 1, NULL, 20000, 'SEKALI', 0, 0, 5, 0, 0, 2, 1, 'y'),
(75, NULL, NULL, 'Orientasi ', 3, NULL, 75000, 'SEKALI', 1, 1, 5, 0, 0, 3, 1, 'y'),
(76, NULL, NULL, 'Keselamatan Pasien', 3, NULL, 150000, 'SEKALI', 0, 0, 5, 0, 0, 3, 1, 't'),
(77, NULL, NULL, 'Log Book (dibayar 1 kali)', 1, NULL, 20000, 'SEKALI', 0, 0, 5, 0, 0, 3, 1, 't'),
(78, NULL, NULL, 'Name Tag (dibayar 1 kali)', 1, NULL, 10000, 'SEKALI', 0, 0, 5, 0, 0, 3, 1, 'y'),
(80, NULL, NULL, 'Ujian', 4, NULL, 150000, 'SEKALI', 0, 0, 5, 0, 0, 6, 1, 'y'),
(81, NULL, NULL, 'Makan dan Snack Penguji', 5, NULL, 20000, 'SEKALI', 0, 0, 5, 0, 0, 6, 1, 'y'),
(82, NULL, NULL, 'Bahan Habis Pakai Ujian', 2, NULL, 100000, 'SEKALI', 0, 0, 5, 0, 0, 6, 1, 'y'),
(83, NULL, NULL, 'Institusional Fee Ujian', 6, NULL, 150000, 'SEKALI', 0, 0, 5, 0, 0, 6, 1, 'y'),
(84, NULL, NULL, 'Management Fee Ujian', 6, NULL, 20000, 'SEKALI', 0, 0, 5, 0, 0, 6, 1, 'y'),
(85, NULL, NULL, 'Bed side teaching (BST) / Bimbingan', 13, NULL, 50000, 'MINGGUAN', 0, 0, 5, 6, 0, 4, 2, 'y'),
(86, NULL, NULL, 'Bed side teaching (BST) / Bimbingan', 13, NULL, 75000, 'MINGGUAN', 0, 0, 5, 7, 0, 4, 2, 'y'),
(87, NULL, NULL, 'Bed side teaching (BST) / Bimbingan', 13, NULL, 75000, 'MINGGUAN', 0, 0, 5, 8, 0, 4, 2, 'y'),
(88, NULL, NULL, 'Bed side teaching (BST) / Bimbingan', 13, NULL, 75000, 'MINGGUAN', 0, 0, 5, 9, 0, 4, 2, 'y'),
(89, NULL, NULL, 'Institusional Fee', 1, NULL, 20000, 'SEKALI', 0, 0, 6, 0, 0, 1, 1, 'y'),
(90, NULL, NULL, 'Management Fee', 1, NULL, 20000, 'SEKALI', 0, 0, 6, 0, 0, 1, 1, 'y'),
(91, NULL, NULL, 'Untuk Keselamatan Kerja (Handrub, tisue, sabun)', 1, NULL, 20000, 'SEKALI', 0, 0, 6, 0, 0, 2, 1, 'y'),
(92, NULL, NULL, 'Orientasi ', 3, NULL, 75000, 'SEKALI', 1, 1, 6, 0, 0, 3, 1, 'y'),
(93, NULL, NULL, 'Keselamatan Pasien', 3, NULL, 150000, 'SEKALI', 0, 0, 6, 0, 0, 3, 1, 't'),
(94, NULL, NULL, 'Log Book (dibayar 1 kali)', 1, NULL, 20000, 'SEKALI', 0, 0, 6, 0, 0, 3, 1, 't'),
(95, NULL, NULL, 'Name Tag (dibayar 1 kali)', 1, NULL, 10000, 'SEKALI', 0, 0, 6, 0, 0, 3, 1, 'y'),
(97, NULL, NULL, 'Ujian', 4, NULL, 150000, 'SEKALI', 0, 0, 6, 0, 0, 6, 1, 'y'),
(98, NULL, NULL, 'Makan dan Snack Penguji', 5, NULL, 20000, 'SEKALI', 0, 0, 6, 0, 0, 6, 1, 'y'),
(99, NULL, NULL, 'Bahan Habis Pakai Ujian', 2, NULL, 100000, 'SEKALI', 0, 0, 6, 0, 0, 6, 1, 'y'),
(100, NULL, NULL, 'Institusional Fee Ujian', 6, NULL, 150000, 'SEKALI', 0, 0, 6, 0, 0, 6, 1, 'y'),
(101, NULL, NULL, 'Management Fee Ujian', 6, NULL, 20000, 'SEKALI', 0, 0, 6, 0, 0, 6, 1, 'y'),
(102, NULL, NULL, 'Bed side teaching (BST)  / Bimbingan', 13, NULL, 50000, 'MINGGUAN', 0, 0, 6, 6, 0, 4, 2, 'y'),
(103, NULL, NULL, 'Bed side teaching (BST)  / Bimbingan', 13, NULL, 75000, 'MINGGUAN', 0, 0, 6, 7, 0, 4, 2, 'y'),
(104, NULL, NULL, 'Bed side teaching (BST) / Bimbingan', 13, NULL, 75000, 'MINGGUAN', 0, 0, 6, 8, 0, 4, 2, 'y'),
(105, NULL, NULL, 'Bed side teaching (BST) / Bimbingan', 13, NULL, 75000, 'MINGGUAN', 0, 0, 6, 9, 0, 4, 2, 'y'),
(106, NULL, NULL, 'Institusional Fee', 1, NULL, 20000, 'SEKALI', 0, 0, 7, 0, 0, 1, 1, 'y'),
(107, NULL, NULL, 'Management Fee', 1, NULL, 20000, 'SEKALI', 0, 0, 7, 0, 0, 1, 1, 'y'),
(108, NULL, NULL, 'Untuk Keselamatan Kerja (Handrub, tisue, sabun)', 1, NULL, 20000, 'SEKALI', 0, 0, 7, 0, 0, 2, 1, 'y'),
(109, NULL, NULL, 'Orientasi ', 3, NULL, 75000, 'SEKALI', 1, 1, 7, 0, 0, 3, 1, 'y'),
(110, NULL, NULL, 'Keselamatan Pasien', 3, NULL, 150000, 'SEKALI', 0, 0, 7, 0, 0, 3, 1, 't'),
(111, NULL, NULL, 'Log Book (dibayar 1 kali)', 1, NULL, 20000, 'SEKALI', 0, 0, 7, 0, 0, 3, 1, 't'),
(112, NULL, NULL, 'Name Tag (dibayar 1 kali)', 1, NULL, 10000, 'SEKALI', 0, 0, 7, 0, 0, 3, 1, 'y'),
(113, NULL, NULL, 'Ujian', 4, NULL, 150000, 'SEKALI', 0, 0, 7, 0, 0, 6, 1, 'y'),
(114, NULL, NULL, 'Makan dan Snack Penguji', 5, NULL, 20000, 'SEKALI', 0, 0, 7, 0, 0, 6, 1, 'y'),
(115, NULL, NULL, 'Bahan Habis Pakai Ujian', 2, NULL, 100000, 'SEKALI', 0, 0, 7, 0, 0, 6, 1, 'y'),
(116, NULL, NULL, 'Institusional Fee Ujian', 6, NULL, 150000, 'SEKALI', 0, 0, 7, 0, 0, 6, 1, 'y'),
(117, NULL, NULL, 'Management Fee Ujian', 6, NULL, 20000, 'SEKALI', 0, 0, 7, 0, 0, 6, 1, 'y'),
(118, NULL, NULL, 'Bed side teaching (BST) / Bimbingan', 13, NULL, 50000, 'MINGGUAN', 0, 0, 7, 6, 0, 4, 2, 'y'),
(119, NULL, NULL, 'Bed side teaching (BST) / Bimbingan', 13, NULL, 75000, 'MINGGUAN', 0, 0, 7, 7, 0, 4, 2, 'y'),
(120, NULL, NULL, 'Bed side teaching (BST) / Bimbingan', 13, NULL, 75000, 'MINGGUAN', 0, 0, 7, 8, 0, 4, 2, 'y'),
(121, NULL, NULL, 'Bed side teaching (BST) / Bimbingan', 13, NULL, 75000, 'MINGGUAN', 0, 0, 7, 9, 0, 4, 2, 'y'),
(122, NULL, NULL, 'Management Fee', 1, NULL, 20000, 'SEKALI', 0, 0, 8, 0, 0, 1, 1, 'y'),
(123, NULL, NULL, 'Untuk Keselamatan Kerja (Handrub, tisue, sabun)', 1, NULL, 20000, 'SEKALI', 0, 0, 8, 0, 0, 2, 1, 'y'),
(124, NULL, NULL, 'Orientasi ', 3, NULL, 75000, 'SEKALI', 1, 1, 8, 0, 0, 3, 1, 'y'),
(125, NULL, NULL, 'Keselamatan Pasien', 3, NULL, 150000, 'SEKALI', 0, 0, 8, 0, 0, 3, 1, 't'),
(126, NULL, NULL, 'Log Book (dibayar 1 kali)', 1, NULL, 20000, 'SEKALI', 0, 0, 8, 0, 0, 3, 1, 't'),
(127, NULL, NULL, 'Name Tag (dibayar 1 kali)', 1, NULL, 10000, 'SEKALI', 0, 0, 8, 0, 0, 3, 1, 'y'),
(128, NULL, NULL, 'Ujian', 4, NULL, 150000, 'SEKALI', 0, 0, 8, 0, 0, 6, 1, 'y'),
(129, NULL, NULL, 'Makan dan Snack Penguji', 5, NULL, 20000, 'SEKALI', 0, 0, 8, 0, 0, 6, 1, 'y'),
(130, NULL, NULL, 'Bahan Habis Pakai Ujian', 2, NULL, 100000, 'SEKALI', 0, 0, 8, 0, 0, 6, 1, 'y'),
(131, NULL, NULL, 'Institusional Fee Ujian', 6, NULL, 150000, 'SEKALI', 0, 0, 8, 0, 0, 6, 1, 'y'),
(132, NULL, NULL, 'Management Fee Ujian', 6, NULL, 20000, 'SEKALI', 0, 0, 8, 0, 0, 6, 1, 'y'),
(133, NULL, NULL, 'Bed side teaching (BST)', 13, NULL, 50000, 'MINGGUAN', 0, 0, 8, 6, 0, 4, 2, 'y'),
(134, NULL, NULL, 'Bed side teaching (BST)', 13, NULL, 75000, 'MINGGUAN', 0, 0, 8, 7, 0, 4, 2, 'y'),
(135, NULL, NULL, 'Bed side teaching (BST)', 13, NULL, 75000, 'MINGGUAN', 0, 0, 8, 8, 0, 4, 2, 'y'),
(136, NULL, NULL, 'Bed side teaching (BST)', 13, NULL, 75000, 'MINGGUAN', 0, 0, 8, 9, 0, 4, 2, 'y');

-- --------------------------------------------------------

--
-- Table structure for table `tb_tarif_jenis`
--

CREATE TABLE `tb_tarif_jenis` (
  `id_tarif_jenis` int(11) NOT NULL,
  `nama_tarif_jenis` text NOT NULL
) ENGINE=InnoDB DEFAULT CHARSET=utf8mb4;

--
-- Dumping data for table `tb_tarif_jenis`
--

INSERT INTO `tb_tarif_jenis` (`id_tarif_jenis`, `nama_tarif_jenis`) VALUES
(0, '-- Lainnya --'),
(1, 'Biaya Administrasi'),
(2, 'Barang Habis Pakai'),
(3, 'Biaya Overhead Operational'),
(4, 'Biaya Pembelajaran'),
(5, 'UAP'),
(6, 'Biayay Ujian'),
(7, 'Pemakaian Kekayaan Daerah'),
(8, 'Mess/Pemondokan'),
(12, 'Biaya Habis Pakai'),
(13, 'Praktik Kerja');

-- --------------------------------------------------------

--
-- Table structure for table `tb_tarif_pilih`
--

CREATE TABLE `tb_tarif_pilih` (
  `id_tarif_pilih` int(11) NOT NULL,
  `id_praktik` int(11) DEFAULT NULL,
  `tgl_tambah_tarif_pilih` date DEFAULT NULL,
  `tgl_ubah_tarif_pilih` date DEFAULT NULL,
  `nama_jenis_tarif_pilih` text NOT NULL,
  `nama_tarif_pilih` text NOT NULL,
  `nominal_tarif_pilih` int(11) NOT NULL,
  `nama_satuan_tarif_pilih` text NOT NULL,
  `frekuensi_tarif_pilih` int(11) NOT NULL,
  `kuantitas_tarif_pilih` int(11) NOT NULL,
  `jumlah_tarif_pilih` bigint(20) NOT NULL,
  `ujian_tarif_pilih` text DEFAULT NULL COMMENT '(sementara tidak digunakan)	',
  `mess_tarif_pilih` text DEFAULT NULL COMMENT '(sementara tidak digunakan)',
  `status_tarif_pilih` enum('T','Y') NOT NULL
) ENGINE=InnoDB DEFAULT CHARSET=utf8mb4;

--
-- Dumping data for table `tb_tarif_pilih`
--

INSERT INTO `tb_tarif_pilih` (`id_tarif_pilih`, `id_praktik`, `tgl_tambah_tarif_pilih`, `tgl_ubah_tarif_pilih`, `nama_jenis_tarif_pilih`, `nama_tarif_pilih`, `nominal_tarif_pilih`, `nama_satuan_tarif_pilih`, `frekuensi_tarif_pilih`, `kuantitas_tarif_pilih`, `jumlah_tarif_pilih`, `ujian_tarif_pilih`, `mess_tarif_pilih`, `status_tarif_pilih`) VALUES
(1, 2, '2022-12-31', NULL, 'UAP', 'Qui quas qui sed cup', 73, 'per-jam', 1, 53, 3869, NULL, NULL, 'T'),
(2, 2, '2022-12-31', '2023-01-10', 'Biaya Overhead Operational', 'Ut blanditiis impedi', 5, 'per-orang / penguji', 53, 69, 18285, NULL, NULL, 'Y');

-- --------------------------------------------------------

--
-- Table structure for table `tb_tarif_satuan`
--

CREATE TABLE `tb_tarif_satuan` (
  `id_tarif_satuan` int(11) NOT NULL,
  `nama_tarif_satuan` text NOT NULL,
  `ket_tarif_satuan` text DEFAULT NULL
) ENGINE=InnoDB DEFAULT CHARSET=utf8mb4;

--
-- Dumping data for table `tb_tarif_satuan`
--

INSERT INTO `tb_tarif_satuan` (`id_tarif_satuan`, `nama_tarif_satuan`, `ket_tarif_satuan`) VALUES
(1, 'per-siswa / periode', NULL),
(2, 'per-siswa / kali', NULL),
(3, 'per-periode / kali', NULL),
(4, 'per-siswa / hari', NULL),
(5, 'per-penguji / kali', NULL),
(6, 'per-siswa / periode ujian', NULL),
(7, 'per-hari / kegiatan', NULL),
(8, 'per-minggu / orang', 'Mingguan dikali jumlah praktik'),
(9, 'per-orang', NULL),
(10, 'per-orang / penguji', NULL),
(11, 'per-hari / orang', NULL),
(12, 'per-hari', 'Maksimal 8 Jam'),
(13, 'persiswa / minggu', NULL),
(14, 'per-jam', NULL),
(15, '-', NULL);

-- --------------------------------------------------------

--
-- Table structure for table `tb_tempat`
--

CREATE TABLE `tb_tempat` (
  `id_tempat` int(11) NOT NULL,
  `tgl_input_tempat` date NOT NULL,
  `tgl_ubah_tempat` date DEFAULT NULL,
  `id_tarif_jenis` int(11) NOT NULL,
  `nama_tempat` text NOT NULL,
  `kapasitas_tempat` int(11) NOT NULL,
  `id_jurusan_pdd_jenis` int(11) DEFAULT NULL,
  `tarif_tempat` int(11) NOT NULL,
  `id_tarif_satuan` int(11) NOT NULL,
  `ket_tempat` text DEFAULT NULL,
  `status_tempat` enum('Y','T') NOT NULL
) ENGINE=InnoDB DEFAULT CHARSET=utf8mb4;

--
-- Dumping data for table `tb_tempat`
--

INSERT INTO `tb_tempat` (`id_tempat`, `tgl_input_tempat`, `tgl_ubah_tempat`, `id_tarif_jenis`, `nama_tempat`, `kapasitas_tempat`, `id_jurusan_pdd_jenis`, `tarif_tempat`, `id_tarif_satuan`, `ket_tempat`, `status_tempat`) VALUES
(3, '2022-02-13', NULL, 7, 'Aula Utama', 120, 0, 1000000, 7, '-', 'Y'),
(6, '2022-02-13', NULL, 7, 'Aula Napza', 45, 0, 750000, 7, '-', 'Y'),
(9, '2022-02-13', NULL, 7, 'Ruang SPI', 45, 0, 500000, 7, '-', 'Y'),
(10, '2022-02-15', NULL, 7, 'Ruang Kelas/Ruang Diskusi', 10, 1, 30000, 4, 'Kapasitas Menyesuaikan', 'Y'),
(16, '2022-02-13', NULL, 7, 'Ruang Komite Medik', 22, 0, 750000, 7, '-', 'Y');

-- --------------------------------------------------------

--
-- Table structure for table `tb_tempat_pilih`
--

CREATE TABLE `tb_tempat_pilih` (
  `id_tempat_pilih` int(11) NOT NULL,
  `id_tempat` int(11) NOT NULL,
  `id_praktik` int(11) NOT NULL,
  `frek_tempat_pilih` int(11) NOT NULL,
  `kuan_tempat_pilih` int(11) NOT NULL,
  `total_tarif_tempat_pilih` int(11) NOT NULL,
  `tgl_input_tempat_pilih` date NOT NULL
) ENGINE=InnoDB DEFAULT CHARSET=utf8mb4;

-- --------------------------------------------------------

--
-- Table structure for table `tb_unit`
--

CREATE TABLE `tb_unit` (
  `id_unit` int(11) NOT NULL,
  `nama_unit` text NOT NULL
) ENGINE=InnoDB DEFAULT CHARSET=utf8mb4;

--
-- Dumping data for table `tb_unit`
--

INSERT INTO `tb_unit` (`id_unit`, `nama_unit`) VALUES
(0, '-- Lainnya --'),
(2, 'Instalasi Farmasi'),
(3, 'Instalasi Gawat Darurat'),
(4, 'Instalasi Rawat Jalan'),
(5, 'Instalasi Rehabilitasi Psikososial'),
(6, 'Instalasi SIMRS'),
(7, 'Kesehatan Lingkungan (Kesling)'),
(8, 'Klinik Graha Atma (GA)'),
(10, 'Poli Psikologi'),
(11, 'Rekam Medik'),
(12, 'Ruang Garuda'),
(13, 'Ruang Gelatik'),
(14, 'Ruang Kasuari Atas'),
(15, 'Ruang Kasuari Bawah'),
(16, 'Ruang Keswara'),
(17, 'Ruang Merak'),
(18, 'Ruang Merpati'),
(19, 'Ruang Murai'),
(20, 'Ruang Napza'),
(21, 'Ruang Nuri'),
(22, 'Ruang Perkutut'),
(23, 'Ruang Rajawali'),
(24, 'Kesehatan Jiwa Masyarakat (KESWAMAS)'),
(25, 'Kedokteran');

-- --------------------------------------------------------

--
-- Table structure for table `tb_user`
--

CREATE TABLE `tb_user` (
  `id_user` int(11) NOT NULL,
  `id_mou` int(11) NOT NULL,
  `id_institusi` int(11) NOT NULL,
  `username_user` text NOT NULL,
  `password_user` varchar(255) NOT NULL,
  `nama_user` text NOT NULL,
  `email_user` text NOT NULL,
  `level_user` int(2) NOT NULL,
  `no_telp_user` text NOT NULL,
  `foto_user` text DEFAULT NULL,
  `terakhir_login_user` timestamp NULL DEFAULT NULL,
  `tgl_buat_user` text NOT NULL,
  `tgl_ubah_user` text DEFAULT NULL,
  `verifikasi_user` text DEFAULT NULL,
  `status_user` enum('T','Y') NOT NULL
) ENGINE=InnoDB DEFAULT CHARSET=utf8mb4;

--
-- Dumping data for table `tb_user`
--

INSERT INTO `tb_user` (`id_user`, `id_mou`, `id_institusi`, `username_user`, `password_user`, `nama_user`, `email_user`, `level_user`, `no_telp_user`, `foto_user`, `terakhir_login_user`, `tgl_buat_user`, `tgl_ubah_user`, `verifikasi_user`, `status_user`) VALUES
(1, 0, 0, 'admin', 'e1d5be1c7f2f456670de3d53c7b54f4a', 'ADMIN DIKLAT RS JIWA', 'admin@admin', 1, '08123145645', NULL, '2023-01-08 12:35:34', '2021-03-29', '2022-02-22', NULL, 'Y'),
(2, 0, 0, 'tehiluxu', 'f3ed11bbdb94fd9ebdefbaf646ab94d3', 'Et ducimus explicab', 'xufagybipy@mailinator.com', 3, '94', './_img/akun/2.jpeg', NULL, '2022-10-23 17:26:24', '2022-10-23 19:16:55', NULL, 'Y');

-- --------------------------------------------------------

--
-- Table structure for table `tb_user_privileges`
--

CREATE TABLE `tb_user_privileges` (
  `id_user` int(11) NOT NULL,
  `c_kuota` enum('T','Y') NOT NULL,
  `r_kuota` enum('T','Y') NOT NULL,
  `u_kuota` enum('T','Y') NOT NULL,
  `d_kuota` enum('T','Y') NOT NULL,
  `c_akun` enum('T','Y') NOT NULL,
  `r_akun` enum('T','Y') NOT NULL,
  `u_akun` enum('T','Y') NOT NULL,
  `d_akun` enum('T','Y') NOT NULL,
  `c_praktik` enum('T','Y') NOT NULL,
  `r_praktik` enum('T','Y') NOT NULL,
  `u_praktik` enum('T','Y') NOT NULL,
  `d_praktik` enum('T','Y') NOT NULL,
  `c_praktikan` enum('T','Y') NOT NULL,
  `r_praktikan` enum('T','Y') NOT NULL,
  `u_praktikan` enum('T','Y') NOT NULL,
  `d_praktikan` enum('T','Y') NOT NULL,
  `c_praktik_mess` enum('T','Y') NOT NULL,
  `r_praktik_mess` enum('T','Y') NOT NULL,
  `u_praktik_mess` enum('T','Y') NOT NULL,
  `d_praktik_mess` enum('T','Y') NOT NULL,
  `c_praktik_pembimbing` enum('T','Y') NOT NULL,
  `r_praktik_pembimbing` enum('T','Y') NOT NULL,
  `u_praktik_pembimbing` enum('T','Y') NOT NULL,
  `d_praktik_pembimbing` enum('T','Y') NOT NULL,
  `c_praktik_tarif` enum('T','Y') NOT NULL,
  `r_praktik_tarif` enum('T','Y') NOT NULL,
  `u_praktik_tarif` enum('T','Y') NOT NULL,
  `d_praktik_tarif` enum('T','Y') NOT NULL,
  `c_praktik_bayar` enum('T','Y') NOT NULL,
  `r_praktik_bayar` enum('T','Y') NOT NULL,
  `u_praktik_bayar` enum('T','Y') NOT NULL,
  `d_praktik_bayar` enum('T','Y') NOT NULL,
  `c_narsum` enum('T','Y') NOT NULL,
  `r_narsum` enum('T','Y') NOT NULL,
  `u_narsum` enum('T','Y') NOT NULL,
  `d_narsum` enum('T','Y') NOT NULL,
  `c_daftar_pembimbing` enum('T','Y') NOT NULL,
  `r_daftar_pembimbing` enum('T','Y') NOT NULL,
  `u_daftar_pembimbing` enum('T','Y') NOT NULL,
  `d_daftar_pembimbing` enum('T','Y') NOT NULL,
  `c_praktik_nilai` enum('T','Y') NOT NULL,
  `r_praktik_nilai` enum('T','Y') NOT NULL,
  `u_praktik_nilai` enum('T','Y') NOT NULL,
  `d_praktik_nilai` enum('T','Y') NOT NULL,
  `c_arsip_praktik` enum('T','Y') NOT NULL,
  `r_arsip_praktik` enum('T','Y') NOT NULL,
  `u_arsip_praktik` enum('T','Y') NOT NULL,
  `d_arsip_praktik` enum('T','Y') NOT NULL,
  `c_pkd_narsum` enum('T','Y') NOT NULL,
  `r_pkd_narsum` enum('T','Y') NOT NULL,
  `u_pkd_narsum` enum('T','Y') NOT NULL,
  `d_pkd_narsum` enum('T','Y') NOT NULL
) ENGINE=InnoDB DEFAULT CHARSET=utf8mb4;

--
-- Dumping data for table `tb_user_privileges`
--

INSERT INTO `tb_user_privileges` (`id_user`, `c_kuota`, `r_kuota`, `u_kuota`, `d_kuota`, `c_akun`, `r_akun`, `u_akun`, `d_akun`, `c_praktik`, `r_praktik`, `u_praktik`, `d_praktik`, `c_praktikan`, `r_praktikan`, `u_praktikan`, `d_praktikan`, `c_praktik_mess`, `r_praktik_mess`, `u_praktik_mess`, `d_praktik_mess`, `c_praktik_pembimbing`, `r_praktik_pembimbing`, `u_praktik_pembimbing`, `d_praktik_pembimbing`, `c_praktik_tarif`, `r_praktik_tarif`, `u_praktik_tarif`, `d_praktik_tarif`, `c_praktik_bayar`, `r_praktik_bayar`, `u_praktik_bayar`, `d_praktik_bayar`, `c_narsum`, `r_narsum`, `u_narsum`, `d_narsum`, `c_daftar_pembimbing`, `r_daftar_pembimbing`, `u_daftar_pembimbing`, `d_daftar_pembimbing`, `c_praktik_nilai`, `r_praktik_nilai`, `u_praktik_nilai`, `d_praktik_nilai`, `c_arsip_praktik`, `r_arsip_praktik`, `u_arsip_praktik`, `d_arsip_praktik`, `c_pkd_narsum`, `r_pkd_narsum`, `u_pkd_narsum`, `d_pkd_narsum`) VALUES
(1, 'Y', 'Y', 'Y', 'Y', 'Y', 'Y', 'Y', 'Y', 'Y', 'Y', 'Y', 'Y', 'Y', 'Y', 'Y', 'Y', 'Y', 'Y', 'Y', 'Y', 'Y', 'Y', 'Y', 'Y', 'Y', 'Y', 'Y', 'Y', 'Y', 'Y', 'Y', 'Y', 'Y', 'Y', 'Y', 'Y', 'Y', 'Y', 'Y', 'Y', 'Y', 'Y', 'Y', 'Y', 'Y', 'Y', 'Y', 'Y', 'Y', 'Y', 'Y', 'Y'),
(2, 'T', 'T', 'T', 'T', 'T', 'T', 'T', 'T', 'T', 'T', 'T', 'T', '', '', '', '', 'T', 'T', 'T', 'T', 'T', 'T', 'T', 'T', 'T', 'T', 'T', 'T', 'T', 'T', 'T', 'T', 'T', 'T', 'T', 'T', 'T', 'T', 'T', 'T', 'T', 'T', 'T', 'T', 'T', 'T', 'T', 'T', 'T', 'T', 'T', 'T');

-- --------------------------------------------------------

--
-- Table structure for table `test`
--

CREATE TABLE `test` (
  `id` int(11) NOT NULL,
  `varchart` varchar(10) NOT NULL,
  `text` text NOT NULL,
  `date` date NOT NULL
) ENGINE=InnoDB DEFAULT CHARSET=utf8mb4;

--
-- Dumping data for table `test`
--

INSERT INTO `test` (`id`, `varchart`, `text`, `date`) VALUES
(7, 'd1d12', '', '2022-03-05');

--
-- Indexes for dumped tables
--

--
-- Indexes for table `tb_akreditasi`
--
ALTER TABLE `tb_akreditasi`
  ADD PRIMARY KEY (`id_akreditasi`);

--
-- Indexes for table `tb_bayar`
--
ALTER TABLE `tb_bayar`
  ADD PRIMARY KEY (`id_bayar`);

--
-- Indexes for table `tb_institusi`
--
ALTER TABLE `tb_institusi`
  ADD PRIMARY KEY (`id_institusi`);

--
-- Indexes for table `tb_jenjang_pdd`
--
ALTER TABLE `tb_jenjang_pdd`
  ADD PRIMARY KEY (`id_jenjang_pdd`);

--
-- Indexes for table `tb_jurusan_pdd`
--
ALTER TABLE `tb_jurusan_pdd`
  ADD PRIMARY KEY (`id_jurusan_pdd`);

--
-- Indexes for table `tb_jurusan_pdd_jenis`
--
ALTER TABLE `tb_jurusan_pdd_jenis`
  ADD PRIMARY KEY (`id_jurusan_pdd_jenis`);

--
-- Indexes for table `tb_jurusan_pdd_jenjang`
--
ALTER TABLE `tb_jurusan_pdd_jenjang`
  ADD PRIMARY KEY (`id_jurusan_pdd_jenjang`);

--
-- Indexes for table `tb_kuota`
--
ALTER TABLE `tb_kuota`
  ADD PRIMARY KEY (`id_kuota`);

--
-- Indexes for table `tb_lapor`
--
ALTER TABLE `tb_lapor`
  ADD PRIMARY KEY (`id_lapor`);

--
-- Indexes for table `tb_mess`
--
ALTER TABLE `tb_mess`
  ADD PRIMARY KEY (`id_mess`);

--
-- Indexes for table `tb_mess_pilih`
--
ALTER TABLE `tb_mess_pilih`
  ADD PRIMARY KEY (`id_mess_pilih`);

--
-- Indexes for table `tb_mess_tgl`
--
ALTER TABLE `tb_mess_tgl`
  ADD PRIMARY KEY (`id_mess_tgl`);

--
-- Indexes for table `tb_mou`
--
ALTER TABLE `tb_mou`
  ADD PRIMARY KEY (`id_mou`);

--
-- Indexes for table `tb_nilai_kep`
--
ALTER TABLE `tb_nilai_kep`
  ADD PRIMARY KEY (`id_nilai_kep`);

--
-- Indexes for table `tb_nilai_upload`
--
ALTER TABLE `tb_nilai_upload`
  ADD PRIMARY KEY (`id_nilai_upload`);

--
-- Indexes for table `tb_pembimbing`
--
ALTER TABLE `tb_pembimbing`
  ADD PRIMARY KEY (`id_pembimbing`);

--
-- Indexes for table `tb_pembimbing_jenis`
--
ALTER TABLE `tb_pembimbing_jenis`
  ADD PRIMARY KEY (`id_pembimbing_jenis`);

--
-- Indexes for table `tb_pembimbing_pilih`
--
ALTER TABLE `tb_pembimbing_pilih`
  ADD PRIMARY KEY (`id_pembimbing_pilih`);

--
-- Indexes for table `tb_pkd_narsum`
--
ALTER TABLE `tb_pkd_narsum`
  ADD PRIMARY KEY (`id_pkd_narsum`);

--
-- Indexes for table `tb_praktik`
--
ALTER TABLE `tb_praktik`
  ADD PRIMARY KEY (`id_praktik`);

--
-- Indexes for table `tb_praktikan`
--
ALTER TABLE `tb_praktikan`
  ADD PRIMARY KEY (`id_praktikan`);

--
-- Indexes for table `tb_praktik_tgl`
--
ALTER TABLE `tb_praktik_tgl`
  ADD PRIMARY KEY (`id_praktik_tgl`);

--
-- Indexes for table `tb_profesi_pdd`
--
ALTER TABLE `tb_profesi_pdd`
  ADD PRIMARY KEY (`id_profesi_pdd`);

--
-- Indexes for table `tb_tarif`
--
ALTER TABLE `tb_tarif`
  ADD PRIMARY KEY (`id_tarif`);

--
-- Indexes for table `tb_tarif_jenis`
--
ALTER TABLE `tb_tarif_jenis`
  ADD PRIMARY KEY (`id_tarif_jenis`);

--
-- Indexes for table `tb_tarif_pilih`
--
ALTER TABLE `tb_tarif_pilih`
  ADD PRIMARY KEY (`id_tarif_pilih`);

--
-- Indexes for table `tb_tarif_satuan`
--
ALTER TABLE `tb_tarif_satuan`
  ADD PRIMARY KEY (`id_tarif_satuan`);

--
-- Indexes for table `tb_tempat`
--
ALTER TABLE `tb_tempat`
  ADD PRIMARY KEY (`id_tempat`);

--
-- Indexes for table `tb_tempat_pilih`
--
ALTER TABLE `tb_tempat_pilih`
  ADD PRIMARY KEY (`id_tempat_pilih`);

--
-- Indexes for table `tb_unit`
--
ALTER TABLE `tb_unit`
  ADD PRIMARY KEY (`id_unit`);

--
-- Indexes for table `tb_user`
--
ALTER TABLE `tb_user`
  ADD PRIMARY KEY (`id_user`);

--
-- Indexes for table `tb_user_privileges`
--
ALTER TABLE `tb_user_privileges`
  ADD PRIMARY KEY (`id_user`);

--
-- Indexes for table `test`
--
ALTER TABLE `test`
  ADD PRIMARY KEY (`id`);

--
-- AUTO_INCREMENT for dumped tables
--

--
-- AUTO_INCREMENT for table `tb_akreditasi`
--
ALTER TABLE `tb_akreditasi`
  MODIFY `id_akreditasi` int(11) NOT NULL AUTO_INCREMENT, AUTO_INCREMENT=4;

--
-- AUTO_INCREMENT for table `tb_bayar`
--
ALTER TABLE `tb_bayar`
  MODIFY `id_bayar` int(11) NOT NULL AUTO_INCREMENT;

--
-- AUTO_INCREMENT for table `tb_jenjang_pdd`
--
ALTER TABLE `tb_jenjang_pdd`
  MODIFY `id_jenjang_pdd` int(11) NOT NULL AUTO_INCREMENT, AUTO_INCREMENT=11;

--
-- AUTO_INCREMENT for table `tb_jurusan_pdd`
--
ALTER TABLE `tb_jurusan_pdd`
  MODIFY `id_jurusan_pdd` int(11) NOT NULL AUTO_INCREMENT, AUTO_INCREMENT=9;

--
-- AUTO_INCREMENT for table `tb_jurusan_pdd_jenis`
--
ALTER TABLE `tb_jurusan_pdd_jenis`
  MODIFY `id_jurusan_pdd_jenis` int(11) NOT NULL AUTO_INCREMENT, AUTO_INCREMENT=5;

--
-- AUTO_INCREMENT for table `tb_jurusan_pdd_jenjang`
--
ALTER TABLE `tb_jurusan_pdd_jenjang`
  MODIFY `id_jurusan_pdd_jenjang` int(11) NOT NULL AUTO_INCREMENT, AUTO_INCREMENT=29;

--
-- AUTO_INCREMENT for table `tb_kuota`
--
ALTER TABLE `tb_kuota`
  MODIFY `id_kuota` int(11) NOT NULL AUTO_INCREMENT, AUTO_INCREMENT=92;

--
-- AUTO_INCREMENT for table `tb_lapor`
--
ALTER TABLE `tb_lapor`
  MODIFY `id_lapor` int(11) NOT NULL AUTO_INCREMENT, AUTO_INCREMENT=4;

--
-- AUTO_INCREMENT for table `tb_mess`
--
ALTER TABLE `tb_mess`
  MODIFY `id_mess` int(11) NOT NULL AUTO_INCREMENT, AUTO_INCREMENT=9;

--
-- AUTO_INCREMENT for table `tb_mess_pilih`
--
ALTER TABLE `tb_mess_pilih`
  MODIFY `id_mess_pilih` int(11) NOT NULL AUTO_INCREMENT;

--
-- AUTO_INCREMENT for table `tb_mess_tgl`
--
ALTER TABLE `tb_mess_tgl`
  MODIFY `id_mess_tgl` int(11) NOT NULL AUTO_INCREMENT;

--
-- AUTO_INCREMENT for table `tb_mou`
--
ALTER TABLE `tb_mou`
  MODIFY `id_mou` int(11) NOT NULL AUTO_INCREMENT, AUTO_INCREMENT=90;

--
-- AUTO_INCREMENT for table `tb_nilai_kep`
--
ALTER TABLE `tb_nilai_kep`
  MODIFY `id_nilai_kep` int(100) NOT NULL AUTO_INCREMENT, AUTO_INCREMENT=2;

--
-- AUTO_INCREMENT for table `tb_nilai_upload`
--
ALTER TABLE `tb_nilai_upload`
  MODIFY `id_nilai_upload` int(11) NOT NULL AUTO_INCREMENT;

--
-- AUTO_INCREMENT for table `tb_pembimbing_jenis`
--
ALTER TABLE `tb_pembimbing_jenis`
  MODIFY `id_pembimbing_jenis` int(11) NOT NULL AUTO_INCREMENT, AUTO_INCREMENT=10;

--
-- AUTO_INCREMENT for table `tb_pembimbing_pilih`
--
ALTER TABLE `tb_pembimbing_pilih`
  MODIFY `id_pembimbing_pilih` int(11) NOT NULL AUTO_INCREMENT, AUTO_INCREMENT=3;

--
-- AUTO_INCREMENT for table `tb_pkd_narsum`
--
ALTER TABLE `tb_pkd_narsum`
  MODIFY `id_pkd_narsum` int(11) NOT NULL AUTO_INCREMENT;

--
-- AUTO_INCREMENT for table `tb_praktik`
--
ALTER TABLE `tb_praktik`
  MODIFY `id_praktik` int(11) NOT NULL AUTO_INCREMENT, AUTO_INCREMENT=3;

--
-- AUTO_INCREMENT for table `tb_praktikan`
--
ALTER TABLE `tb_praktikan`
  MODIFY `id_praktikan` int(11) NOT NULL AUTO_INCREMENT, AUTO_INCREMENT=5;

--
-- AUTO_INCREMENT for table `tb_praktik_tgl`
--
ALTER TABLE `tb_praktik_tgl`
  MODIFY `id_praktik_tgl` int(11) NOT NULL AUTO_INCREMENT, AUTO_INCREMENT=9998;

--
-- AUTO_INCREMENT for table `tb_profesi_pdd`
--
ALTER TABLE `tb_profesi_pdd`
  MODIFY `id_profesi_pdd` int(11) NOT NULL AUTO_INCREMENT, AUTO_INCREMENT=16;

--
-- AUTO_INCREMENT for table `tb_tarif`
--
ALTER TABLE `tb_tarif`
  MODIFY `id_tarif` int(11) NOT NULL AUTO_INCREMENT, AUTO_INCREMENT=137;

--
-- AUTO_INCREMENT for table `tb_tarif_jenis`
--
ALTER TABLE `tb_tarif_jenis`
  MODIFY `id_tarif_jenis` int(11) NOT NULL AUTO_INCREMENT, AUTO_INCREMENT=14;

--
-- AUTO_INCREMENT for table `tb_tarif_pilih`
--
ALTER TABLE `tb_tarif_pilih`
  MODIFY `id_tarif_pilih` int(11) NOT NULL AUTO_INCREMENT, AUTO_INCREMENT=3;

--
-- AUTO_INCREMENT for table `tb_tarif_satuan`
--
ALTER TABLE `tb_tarif_satuan`
  MODIFY `id_tarif_satuan` int(11) NOT NULL AUTO_INCREMENT, AUTO_INCREMENT=16;

--
-- AUTO_INCREMENT for table `tb_tempat`
--
ALTER TABLE `tb_tempat`
  MODIFY `id_tempat` int(11) NOT NULL AUTO_INCREMENT, AUTO_INCREMENT=21;

--
-- AUTO_INCREMENT for table `tb_tempat_pilih`
--
ALTER TABLE `tb_tempat_pilih`
  MODIFY `id_tempat_pilih` int(11) NOT NULL AUTO_INCREMENT;

--
-- AUTO_INCREMENT for table `tb_user`
--
ALTER TABLE `tb_user`
  MODIFY `id_user` int(11) NOT NULL AUTO_INCREMENT, AUTO_INCREMENT=34;

--
-- AUTO_INCREMENT for table `test`
--
ALTER TABLE `test`
  MODIFY `id` int(11) NOT NULL AUTO_INCREMENT, AUTO_INCREMENT=26;
COMMIT;

/*!40101 SET CHARACTER_SET_CLIENT=@OLD_CHARACTER_SET_CLIENT */;
/*!40101 SET CHARACTER_SET_RESULTS=@OLD_CHARACTER_SET_RESULTS */;
/*!40101 SET COLLATION_CONNECTION=@OLD_COLLATION_CONNECTION */;
